inject_id,damping,n_transitions,unique_basins,final_basin,dominant_basin,dominant_share,first_transition_step,last_transition_step,n_dwells,mean_dwell,min_dwell,max_dwell,top_transition,rho_at_50,rho_at_250,rho_at_500,label,group
1,1.0,8,6,132,1,0.392,240,465,9,66.7,5,235,1->132(1x),37.4223,0.2246,0.0036,grail,bridge
2,1.0,1,2,22,2,0.667,405,405,2,300.0,200,400,2->22(1x),41.186,12.9851,0.0287,christ,spirit
3,1.0,8,7,4,4,0.542,225,365,9,66.7,5,240,3->4(1x),36.5469,0.1908,0.0032,isis,bridge
4,1.0,4,4,105,4,0.408,250,475,5,120.0,25,245,4->105(1x),37.5575,0.3853,0.0038,osiris,bridge
5,1.0,3,4,7,5,0.433,265,540,4,150.0,65,260,5->19(1x),38.1243,1.5672,0.0048,earth star,bridge
6,1.0,3,4,7,6,0.483,295,475,4,150.0,5,290,6->48(1x),38.9695,4.9433,0.0098,temple doors,spirit
7,1.0,1,2,67,7,0.558,340,340,2,300.0,265,335,7->67(1x),40.1612,9.2291,0.0207,numis'om,spirit
8,1.0,8,6,50,50,0.483,245,395,9,66.7,5,240,2->50(2x),37.5632,0.3726,0.0037,ark,bridge
9,1.0,5,4,67,9,0.625,375,475,6,100.0,5,370,9->5(1x),40.7492,11.7537,0.0288,metatron,spirit
10,1.0,3,4,67,10,0.675,410,470,4,150.0,15,405,10->88(1x),41.1423,13.2451,0.0264,venus,spirit
11,1.0,8,5,120,11,0.408,250,440,9,66.7,5,245,120->58(2x),37.6251,0.2816,0.0038,orion,bridge
12,1.0,4,4,7,12,0.417,255,445,5,120.0,20,250,12->9(1x),37.7528,0.3652,0.004,eye,bridge
13,1.0,11,9,71,71,0.325,115,410,12,50.0,5,195,55->94(2x),24.1474,0.0326,0.0015,loch,bridge
14,1.0,1,2,41,41,0.558,270,270,2,300.0,265,335,14->41(1x),37.8467,2.309,0.042,maia nartoomid,bridge
15,1.0,10,7,114,15,0.4,245,500,11,54.5,5,240,114->52(2x),37.5458,0.206,0.0037,god,bridge
16,1.0,10,9,6,16,0.408,250,470,11,54.5,5,245,16->6(1x),37.6977,0.2397,0.0038,doors,bridge
17,1.0,1,2,14,14,0.65,215,215,2,300.0,210,390,17->14(1x),34.9827,0.6808,0.027,star lineages,bridge
18,1.0,2,3,58,58,0.617,215,235,3,200.0,20,370,18->70(1x),35.774,0.2058,0.003,adam kadmon,bridge
19,1.0,5,4,67,19,0.683,410,510,6,100.0,5,405,19->5(2x),41.2314,13.6704,0.0453,new earth star,spirit
20,1.0,10,3,48,48,0.483,200,595,11,54.5,10,230,4->48(5x),34.8849,0.1136,0.0027,horus,bridge
21,1.0,2,3,31,31,0.608,205,240,3,200.0,35,365,21->71(1x),34.9967,0.2573,0.003,skull,bridge
22,1.0,1,2,2,22,0.617,375,375,2,300.0,230,370,22->2(1x),40.6975,11.4223,0.0213,christic,spirit
23,1.0,4,4,14,23,0.567,345,430,5,120.0,5,340,23->27(1x),40.3632,7.8096,0.08,light codes,tech
24,1.0,7,7,75,75,0.5,245,350,8,75.0,5,255,24->75(1x),37.5592,0.316,0.0037,inner earth,bridge
25,1.0,10,7,121,25,0.4,245,445,11,54.5,10,240,25->121(1x),37.5178,0.3323,0.0037,blue star,bridge
26,1.0,6,4,18,26,0.408,250,575,7,85.7,10,245,31->18(2x),37.6691,0.3694,0.0039,dna,bridge
27,1.0,1,2,14,14,0.683,195,195,2,300.0,190,410,27->14(1x),33.8501,0.5546,0.0226,activation rite,bridge
28,1.0,1,2,14,28,0.542,330,330,2,300.0,275,325,28->14(1x),39.2762,8.0863,0.1239,akashic practice,spirit
29,1.0,2,3,52,52,0.583,250,255,3,200.0,5,350,29->32(1x),37.7138,0.3679,0.0039,pyramid,bridge
30,1.0,1,2,41,41,0.558,270,270,2,300.0,265,335,30->41(1x),37.8467,2.309,0.042,templar,bridge
31,1.0,5,4,34,31,0.725,440,535,6,100.0,5,435,31->34(1x),41.2658,14.4954,0.0757,thothhorra,spirit
32,1.0,2,3,52,52,0.608,215,240,3,200.0,25,365,32->29(1x),35.8812,0.1827,0.003,great pyramid,bridge
33,1.0,1,2,106,106,0.767,145,145,2,300.0,140,460,33->106(1x),29.4183,0.0581,0.0019,johannine,bridge
34,1.0,2,3,31,31,0.608,210,240,3,200.0,30,365,34->71(1x),35.0902,0.2795,0.0031,crystal skull,bridge
35,1.0,6,6,91,35,0.4,245,440,7,85.7,20,240,35->91(1x),37.5801,0.3281,0.0037,mother,bridge
36,1.0,6,4,99,36,0.3,185,500,7,85.7,5,180,19->99(2x),33.7655,0.0563,0.0024,templa mar,bridge
37,1.0,5,5,66,37,0.4,245,475,6,100.0,15,240,37->66(1x),37.5566,0.2299,0.0037,master,bridge
38,1.0,14,9,107,38,0.4,245,540,15,40.0,5,240,2->107(2x),37.5218,0.1113,0.0037,mystery,bridge
39,1.0,4,4,22,22,0.533,230,410,5,120.0,5,225,39->85(1x),36.7339,0.2469,0.0033,yeshua,bridge
40,1.0,6,5,117,117,0.5,245,365,7,85.7,5,240,40->117(1x),37.5706,0.3715,0.0037,pure gem,bridge
41,1.0,1,2,14,14,0.6,245,245,2,300.0,240,360,41->14(1x),36.888,1.0083,0.0352,lineages,bridge
42,1.0,9,6,120,42,0.4,245,465,10,60.0,5,240,120->2(2x),37.5484,0.2696,0.0037,gate,bridge
43,1.0,8,5,83,83,0.417,245,435,9,66.7,10,240,2->83(2x),37.5793,0.3363,0.0037,flame,bridge
44,1.0,3,4,31,31,0.542,235,280,4,150.0,10,325,44->34(1x),36.677,0.3496,0.0037,dweller,bridge
45,1.0,2,3,31,31,0.608,205,240,3,200.0,35,365,45->71(1x),34.9964,0.2651,0.003,crystal skulls,bridge
46,1.0,7,5,65,46,0.4,245,435,8,75.0,5,240,58->65(2x),37.5614,0.377,0.0037,atlantis,bridge
47,1.0,8,7,6,47,0.408,250,465,9,66.7,5,245,47->6(1x),37.7066,0.246,0.0038,of light,bridge
48,1.0,3,4,67,48,0.708,430,510,4,150.0,40,425,48->136(1x),41.2456,13.5983,0.0346,merkabah,spirit
49,1.0,1,2,138,138,0.592,250,250,2,300.0,245,355,49->138(1x),37.7193,0.2849,0.0039,love,bridge
50,1.0,8,6,8,8,0.483,245,395,9,66.7,5,240,2->8(2x),37.5632,0.3726,0.0037,grace,bridge
51,1.0,1,2,14,51,0.542,330,330,2,300.0,275,325,51->14(1x),39.2762,8.0863,0.1239,rite akashic,spirit
52,1.0,8,7,29,52,0.675,410,550,9,66.7,5,405,52->29(1x),41.0919,13.3411,0.0247,temple of,spirit
53,1.0,6,4,122,53,0.408,250,470,7,85.7,5,245,52->122(2x),37.6406,0.3657,0.0038,lion,bridge
54,1.0,6,4,88,88,0.433,245,395,7,85.7,10,240,10->88(2x),37.5729,0.3188,0.0037,matter,bridge
55,1.0,5,5,101,55,0.4,245,470,6,100.0,30,240,55->101(1x),37.6145,0.3418,0.0038,sun,bridge
56,1.0,2,3,31,31,0.608,205,240,3,200.0,35,365,56->71(1x),34.9964,0.2651,0.003,skulls,bridge
57,1.0,11,8,62,57,0.4,245,465,12,50.0,10,240,2->62(2x),37.5482,0.2454,0.0037,blood,bridge
58,1.0,7,6,70,58,0.675,410,560,8,75.0,5,405,58->70(1x),41.0717,13.2997,0.0246,metatronic,spirit
59,1.0,2,3,138,138,0.55,250,275,3,200.0,25,330,59->111(1x),37.7276,0.3498,0.0039,tree,bridge
60,1.0,8,6,66,60,0.4,245,470,9,66.7,5,240,2->66(2x),37.4872,0.2077,0.0037,self,bridge
61,1.0,8,8,127,61,0.392,240,440,9,66.7,5,235,61->127(1x),37.4981,0.2962,0.0037,old,bridge
62,1.0,16,12,97,57,0.325,185,550,17,35.3,5,180,2->100(3x),33.853,0.0542,0.0024,king,bridge
63,1.0,11,8,13,63,0.4,245,505,12,50.0,5,240,2->13(2x),37.5208,0.1295,0.0037,set,bridge
64,1.0,5,4,10,2,0.683,120,590,6,100.0,5,410,64->25(1x),25.2068,0.0357,0.0016,john,bridge
65,1.0,7,5,46,46,0.4,240,435,8,75.0,10,235,58->46(2x),37.4366,0.3489,0.0036,atlantean,bridge
66,1.0,4,4,22,22,0.592,180,370,5,120.0,25,235,66->39(1x),33.3005,0.0755,0.0023,jesus,bridge
67,1.0,3,4,19,67,0.708,430,550,4,150.0,30,425,67->69(1x),41.229,13.8584,0.0559,spirit heart,spirit
68,1.0,1,2,138,138,0.592,250,250,2,300.0,245,355,68->138(1x),37.7003,0.2817,0.0038,nature,bridge
69,1.0,2,3,67,67,0.558,265,270,3,200.0,5,335,69->139(1x),37.9692,1.3283,0.0047,heart sanctuary,bridge
70,1.0,2,3,58,58,0.608,230,240,3,200.0,10,365,70->18(1x),36.6925,0.3041,0.0033,adam,bridge
71,1.0,2,3,31,31,0.517,255,295,3,200.0,40,310,71->34(1x),37.6842,0.6388,0.0045,crystal,bridge
72,1.0,1,2,106,106,0.775,140,140,2,300.0,135,465,72->106(1x),28.7201,0.057,0.0018,isis eye,bridge
73,1.0,6,5,35,35,0.325,185,465,7,85.7,30,180,73->35(1x),33.793,0.0611,0.0024,mari,bridge
74,1.0,5,5,105,74,0.4,245,520,6,100.0,35,240,74->105(1x),37.6171,0.3445,0.0038,egypt,bridge
75,1.0,7,7,24,24,0.375,225,435,8,75.0,10,220,75->24(1x),36.6012,0.1551,0.0032,central,bridge
76,1.0,10,8,107,76,0.4,245,585,11,54.5,5,240,76->92(1x),37.4606,0.1029,0.0036,logos,bridge
77,1.0,1,2,14,14,0.683,195,195,2,300.0,190,410,77->14(1x),33.8501,0.5546,0.0226,temporal alchemy,bridge
78,1.0,10,7,13,78,0.4,245,505,11,54.5,5,240,52->13(2x),37.4859,0.1286,0.0036,knowledge,bridge
79,1.0,11,8,31,52,0.417,30,515,12,50.0,5,250,4->90(2x),0.3386,0.0246,0.0012,par,bridge
80,1.0,9,7,101,80,0.367,225,435,10,60.0,5,220,52->101(2x),36.5684,0.1296,0.0032,city,bridge
81,1.0,1,2,14,14,0.683,195,195,2,300.0,190,410,81->14(1x),33.8501,0.5546,0.0226,alchemy star,bridge
82,1.0,11,10,31,52,0.317,30,445,12,50.0,5,190,82->126(1x),0.3303,0.0248,0.0012,johannine grove,bridge
83,1.0,9,3,43,83,0.375,230,500,10,60.0,5,225,43->94(4x),36.7871,0.2047,0.0033,rose,bridge
84,1.0,8,5,64,84,0.4,245,540,9,66.7,10,240,64->2(2x),37.5365,0.1328,0.0037,mysteries,bridge
85,1.0,4,4,7,7,0.367,215,415,5,120.0,25,210,85->39(1x),35.7398,0.1172,0.003,tehuti,bridge
86,1.0,9,8,116,86,0.4,245,470,10,60.0,5,240,86->116(1x),37.5243,0.2316,0.0037,black,bridge
87,1.0,9,6,64,87,0.4,245,540,10,60.0,5,240,2->64(2x),37.5443,0.1366,0.0037,crystals,bridge
88,1.0,2,3,10,10,0.6,230,245,3,200.0,15,360,88->124(1x),36.7053,0.2422,0.0033,prima matra,bridge
89,1.0,12,10,31,52,0.358,30,410,13,46.2,5,215,89->126(1x),0.3375,0.0248,0.0012,mystery school,bridge
90,1.0,19,11,138,55,0.183,85,595,20,30.0,5,110,2->52(2x),13.6088,0.0457,0.0021,christine hayes,spirit
91,1.0,8,7,35,35,0.475,225,400,9,66.7,10,220,91->35(1x),36.5442,0.1625,0.0032,goddess,bridge
92,1.0,3,4,31,58,0.675,90,545,4,150.0,50,405,92->29(1x),18.5858,0.0303,0.0014,plain,bridge
93,1.0,2,3,31,31,0.567,230,265,3,200.0,35,340,93->34(1x),36.7779,0.2917,0.0037,lotus,bridge
94,1.0,2,3,138,94,0.558,340,345,3,200.0,5,335,94->83(1x),40.2644,9.2892,0.0144,christos,spirit
95,1.0,8,5,114,95,0.4,245,500,9,66.7,5,240,114->52(2x),37.5316,0.2088,0.0037,book,bridge
96,1.0,2,3,58,58,0.617,215,235,3,200.0,20,370,96->70(1x),35.774,0.2058,0.003,kadmon,bridge
97,1.0,3,4,31,31,0.533,230,285,4,150.0,15,320,97->119(1x),36.6415,0.2235,0.0034,queen,bridge
98,1.0,2,3,67,67,0.658,185,210,3,200.0,25,395,98->69(1x),33.5364,0.1348,0.0025,simeon,bridge
99,1.0,4,4,36,99,0.4,245,410,5,120.0,15,240,99->36(1x),37.5983,0.2602,0.0038,grid,bridge
100,1.0,8,6,62,100,0.4,245,515,9,66.7,5,240,52->114(2x),37.5725,0.2433,0.0037,name,bridge
101,1.0,6,6,55,101,0.367,225,440,7,85.7,5,220,101->55(1x),36.6617,0.181,0.0033,the sun,bridge
102,1.0,10,7,13,102,0.4,245,505,11,54.5,5,240,52->13(2x),37.4614,0.1257,0.0036,presence,bridge
103,1.0,1,2,138,138,0.625,230,230,2,300.0,225,375,103->138(1x),36.7301,0.1913,0.0033,sea,bridge
104,1.0,6,7,31,2,0.408,45,475,7,85.7,15,245,104->91(1x),0.4665,0.0242,0.0011,church,bridge
105,1.0,3,3,4,4,0.442,225,435,4,150.0,95,220,105->4(1x),36.6899,0.2208,0.0033,egyptian,bridge
106,1.0,8,4,119,106,0.425,260,580,9,66.7,5,255,119->31(3x),37.8057,1.2863,0.0046,free information,bridge
107,1.0,8,7,71,71,0.392,95,370,9,66.7,5,235,107->8(1x),19.4538,0.0293,0.0014,holorian,bridge
108,1.0,10,7,13,108,0.4,245,505,11,54.5,5,240,52->13(2x),37.4614,0.1257,0.0036,space,bridge
109,1.0,10,7,13,109,0.4,245,505,11,54.5,5,240,52->13(2x),37.4614,0.1257,0.0036,high,bridge
110,1.0,10,7,13,110,0.4,245,505,11,54.5,10,240,52->13(2x),37.4668,0.1272,0.0036,forms,bridge
111,1.0,5,5,59,59,0.5,225,365,6,100.0,15,240,111->59(1x),36.5097,0.1525,0.0032,mar,bridge
112,1.0,1,2,113,113,0.558,270,270,2,300.0,265,335,112->113(1x),37.8485,2.3266,0.0421,rite,bridge
113,1.0,1,2,112,112,0.558,270,270,2,300.0,265,335,113->112(1x),37.8485,2.3266,0.0421,practice,bridge
114,1.0,2,3,52,52,0.683,170,195,3,200.0,25,410,114->53(1x),32.2298,0.0657,0.0022,lord,bridge
115,1.0,8,4,119,115,0.425,260,580,9,66.7,5,255,119->31(3x),37.8057,1.2863,0.0046,please support,bridge
116,1.0,4,4,138,138,0.375,185,500,5,120.0,30,180,116->86(1x),33.9188,0.0689,0.0024,lady,bridge
117,1.0,10,7,40,117,0.4,245,435,11,54.5,5,240,2->40(2x),37.5685,0.3663,0.0037,gem,bridge
118,1.0,9,7,31,58,0.425,115,485,10,60.0,5,240,70->58(2x),24.165,0.0345,0.0015,mazur,bridge
119,1.0,2,3,31,119,0.425,260,420,3,200.0,160,255,119->106(1x),37.8068,1.2772,0.0047,kyi,bridge
120,1.0,13,8,11,11,0.35,200,400,14,42.9,5,205,2->53(2x),34.7615,0.0696,0.0026,sirius,bridge
121,1.0,7,5,25,121,0.367,225,570,8,75.0,10,220,31->25(2x),36.623,0.17,0.0032,valley,bridge
122,1.0,5,5,53,53,0.375,225,440,6,100.0,5,220,122->53(1x),36.4938,0.172,0.0032,lords,bridge
123,1.0,7,7,6,123,0.4,245,475,8,75.0,5,240,123->6(1x),37.6386,0.2339,0.0037,journey,bridge
124,1.0,9,5,88,124,0.4,245,435,10,60.0,10,240,2->88(2x),37.5509,0.3161,0.0037,dragon,bridge
125,1.0,11,8,13,125,0.4,245,505,12,50.0,5,240,2->13(2x),37.5208,0.1295,0.0037,individual,bridge
126,1.0,9,6,31,58,0.358,75,525,10,60.0,5,215,22->11(3x),12.5673,0.0273,0.0013,melchizedek,bridge
127,1.0,11,6,61,61,0.425,225,430,12,50.0,5,220,2->61(3x),36.6207,0.1606,0.0032,age,bridge
128,1.0,1,2,106,106,0.683,195,195,2,300.0,190,410,128->106(1x),34.7767,0.1517,0.0027,stone,bridge
129,1.0,2,3,31,31,0.708,140,180,3,200.0,40,425,129->119(1x),28.7225,0.0907,0.0019,dweller crystal,bridge
130,1.0,10,7,13,130,0.4,245,505,11,54.5,5,240,52->13(2x),37.4614,0.1257,0.0036,level,bridge
131,1.0,8,4,119,131,0.425,260,580,9,66.7,5,255,119->31(3x),37.8057,1.2863,0.0046,non profitset,bridge
132,1.0,8,6,43,43,0.408,195,430,9,66.7,5,190,2->43(2x),34.7036,0.0662,0.0026,magdalene,bridge
133,1.0,10,7,120,133,0.4,245,465,11,54.5,5,240,52->120(2x),37.5183,0.2445,0.0037,stars,bridge
134,1.0,1,2,31,31,0.625,230,230,2,300.0,225,375,134->31(1x),36.7988,0.2958,0.0036,island,bridge
135,1.0,11,9,13,135,0.4,245,505,12,50.0,5,240,135->13(1x),37.5354,0.1308,0.0037,moon,bridge
136,1.0,2,3,67,67,0.517,290,295,3,200.0,5,310,136->69(1x),38.7733,4.0902,0.0106,maia christianne,spirit
137,1.0,10,7,13,137,0.4,245,505,11,54.5,10,240,52->13(2x),37.4668,0.1272,0.0036,state,bridge
138,1.0,1,2,31,138,0.608,370,370,2,300.0,235,365,138->31(1x),40.4562,10.7576,0.0247,thothhorra khandr,spirit
139,1.0,2,3,67,67,0.55,250,275,3,200.0,25,330,139->69(1x),37.7266,0.5231,0.0042,sanctuary,bridge
140,1.0,6,4,20,20,0.458,245,370,7,85.7,10,240,48->20(2x),37.4469,0.2411,0.0036,dynamic,bridge
1,3.0,7,6,132,132,0.533,190,335,8,75.0,5,270,1->132(1x),28.8463,0.0025,0.0,grail,bridge
2,3.0,10,5,22,2,0.475,290,540,11,54.5,5,285,22->64(2x),32.1834,1.6012,0.0,christ,spirit
3,3.0,6,6,4,4,0.583,180,290,7,85.7,15,315,3->4(1x),28.0633,0.0018,0.0,isis,bridge
4,3.0,5,5,105,105,0.517,195,325,6,100.0,20,280,4->105(1x),28.9509,0.0032,0.0,osiris,bridge
5,3.0,5,5,19,19,0.433,205,410,6,100.0,5,200,5->19(1x),29.4631,0.0138,0.0,earth star,bridge
6,3.0,5,5,48,48,0.392,225,445,6,100.0,5,220,6->47(1x),30.222,0.041,0.0,temple doors,spirit
7,3.0,12,6,5,7,0.417,255,600,13,46.2,5,250,67->5(3x),31.2579,0.1733,0.0,numis'om,spirit
8,3.0,5,5,50,50,0.583,190,295,6,100.0,15,310,8->50(1x),28.971,0.0026,0.0,ark,bridge
9,3.0,11,6,7,9,0.433,265,595,12,50.0,10,260,5->7(3x),31.7931,1.0666,0.0,metatron,spirit
10,3.0,10,5,88,10,0.483,295,600,11,54.5,5,290,88->136(3x),32.1458,1.717,0.0,venus,spirit
11,3.0,8,6,120,120,0.508,195,335,9,66.7,5,270,11->120(1x),29.0191,0.0028,0.0,orion,bridge
12,3.0,5,5,9,9,0.45,200,395,6,100.0,5,210,12->9(1x),29.1388,0.0063,0.0,eye,bridge
13,3.0,14,13,71,71,0.508,95,300,15,40.0,5,305,13->102(1x),17.0984,0.0002,0.0,loch,bridge
14,3.0,4,4,41,41,0.567,205,295,5,120.0,30,310,14->41(1x),29.1789,0.0336,0.0,maia nartoomid,bridge
15,3.0,8,7,114,114,0.542,195,325,9,66.7,5,280,15->114(1x),28.9575,0.0027,0.0,god,bridge
16,3.0,6,6,6,6,0.525,195,325,7,85.7,5,280,16->6(1x),29.0942,0.0031,0.0,doors,bridge
17,3.0,1,2,14,14,0.733,165,165,2,300.0,160,440,17->14(1x),26.6244,0.0118,0.0,star lineages,bridge
18,3.0,2,3,58,58,0.7,170,185,3,200.0,15,420,18->70(1x),27.3753,0.0022,0.0,adam kadmon,bridge
19,3.0,10,6,7,19,0.483,295,570,11,54.5,5,290,5->7(3x),32.2187,1.8396,0.0,new earth star,spirit
20,3.0,5,5,4,4,0.558,160,295,6,100.0,25,310,20->4(1x),26.5862,0.0011,0.0,horus,bridge
21,3.0,2,3,31,31,0.7,165,185,3,200.0,20,420,21->71(1x),26.6695,0.0028,0.0,skull,bridge
22,3.0,16,7,2,22,0.433,265,595,17,35.3,5,260,126->66(3x),31.7527,0.992,0.0,christic,spirit
23,3.0,11,3,27,23,0.4,245,580,12,50.0,25,240,27->14(5x),31.4086,0.1688,0.0,light codes,tech
24,3.0,7,7,75,75,0.592,195,280,8,75.0,5,325,24->75(1x),28.9668,0.0027,0.0,inner earth,bridge
25,3.0,9,7,121,121,0.517,195,370,10,60.0,5,235,120->121(2x),28.921,0.0027,0.0,blue star,bridge
26,3.0,9,6,18,18,0.5,195,340,10,60.0,5,265,26->18(1x),29.0565,0.0047,0.0,dna,bridge
27,3.0,1,2,14,14,0.75,155,155,2,300.0,150,450,27->14(1x),25.6219,0.0085,0.0,activation rite,bridge
28,3.0,7,3,14,14,0.517,230,400,8,75.0,10,225,14->51(3x),30.4733,0.1418,0.0,akashic practice,spirit
29,3.0,2,3,52,52,0.667,195,205,3,200.0,10,400,29->32(1x),29.1018,0.0069,0.0,pyramid,bridge
30,3.0,4,4,41,41,0.567,205,295,5,120.0,30,310,30->41(1x),29.1789,0.0336,0.0,templar,bridge
31,3.0,13,5,138,31,0.492,300,600,14,42.9,5,295,34->138(4x),32.2435,2.124,0.0,thothhorra,spirit
32,3.0,5,3,29,29,0.425,170,375,6,100.0,5,230,29->52(2x),27.4728,0.0021,0.0,great pyramid,bridge
33,3.0,5,4,106,106,0.733,120,290,6,100.0,5,315,33->106(1x),21.7566,0.0004,0.0,johannine,bridge
34,3.0,2,3,31,31,0.692,165,190,3,200.0,25,415,34->71(1x),26.7433,0.0032,0.0,crystal skull,bridge
35,3.0,10,7,91,91,0.542,195,355,11,54.5,5,250,35->91(1x),28.9838,0.0027,0.0,mother,bridge
36,3.0,8,6,99,99,0.6,150,325,9,66.7,10,280,36->99(1x),25.598,0.0008,0.0,templa mar,bridge
37,3.0,8,6,66,66,0.517,195,330,9,66.7,5,275,2->66(2x),28.9667,0.0029,0.0,master,bridge
38,3.0,8,6,107,107,0.4,195,385,9,66.7,5,220,126->107(2x),28.9405,0.0025,0.0,mystery,bridge
39,3.0,5,5,22,22,0.517,185,335,6,100.0,5,270,39->85(1x),28.2262,0.0026,0.0,yeshua,bridge
40,3.0,6,6,117,117,0.575,195,295,7,85.7,5,310,40->117(1x),28.9756,0.0027,0.0,pure gem,bridge
41,3.0,6,4,14,14,0.608,190,285,7,85.7,10,320,112->17(2x),28.3228,0.022,0.0,lineages,bridge
42,3.0,8,7,120,120,0.525,195,335,9,66.7,10,270,42->120(1x),28.9558,0.0027,0.0,gate,bridge
43,3.0,10,7,83,83,0.517,195,365,11,54.5,5,240,132->83(2x),28.9826,0.0031,0.0,flame,bridge
44,3.0,6,4,34,34,0.35,185,430,7,85.7,10,185,31->34(2x),28.1611,0.0054,0.0,dweller,bridge
45,3.0,2,3,31,31,0.7,165,185,3,200.0,20,420,45->71(1x),26.6679,0.0029,0.0,crystal skulls,bridge
46,3.0,7,7,65,65,0.575,195,295,8,75.0,5,310,46->65(1x),28.9674,0.0026,0.0,atlantis,bridge
47,3.0,5,5,6,6,0.525,195,325,6,100.0,15,280,47->6(1x),29.101,0.0031,0.0,of light,bridge
48,3.0,9,6,136,48,0.483,295,555,10,60.0,10,290,98->136(2x),32.2313,1.8257,0.0,merkabah,spirit
49,3.0,5,5,138,138,0.467,195,360,6,100.0,10,245,49->66(1x),29.1115,0.0041,0.0,love,bridge
50,3.0,5,5,8,8,0.583,190,295,6,100.0,15,310,50->8(1x),28.971,0.0026,0.0,grace,bridge
51,3.0,7,3,14,14,0.517,230,400,8,75.0,10,225,14->28(3x),30.4733,0.1418,0.0,rite akashic,spirit
52,3.0,6,6,29,52,0.483,295,395,7,85.7,10,290,52->29(1x),32.1021,1.7571,0.0,temple of,spirit
53,3.0,10,7,122,122,0.525,195,360,11,54.5,5,245,114->120(2x),29.0318,0.0029,0.0,lion,bridge
54,3.0,8,6,88,88,0.542,195,335,9,66.7,5,270,54->88(1x),28.978,0.0029,0.0,matter,bridge
55,3.0,8,7,101,101,0.5,195,390,9,66.7,5,215,55->101(1x),29.0105,0.0028,0.0,sun,bridge
56,3.0,2,3,31,31,0.7,165,185,3,200.0,20,420,56->71(1x),26.6679,0.0029,0.0,skulls,bridge
57,3.0,7,5,62,62,0.525,195,335,8,75.0,5,270,2->62(2x),28.9585,0.0026,0.0,blood,bridge
58,3.0,16,9,70,58,0.483,295,575,17,35.3,5,290,70->26(3x),32.0827,1.7259,0.0,metatronic,spirit
59,3.0,6,5,111,59,0.317,195,470,7,85.7,15,190,59->111(1x),29.1177,0.0039,0.0,tree,bridge
60,3.0,8,6,66,66,0.525,190,335,9,66.7,5,270,2->66(2x),28.9056,0.0027,0.0,self,bridge
61,3.0,10,8,127,127,0.575,190,340,11,54.5,5,265,61->127(1x),28.9138,0.0025,0.0,old,bridge
62,3.0,13,9,57,57,0.592,150,330,14,42.9,5,275,62->57(1x),25.6812,0.0008,0.0,king,bridge
63,3.0,8,7,13,13,0.467,195,350,9,66.7,5,255,63->13(1x),28.9394,0.0025,0.0,set,bridge
64,3.0,9,5,25,25,0.558,100,335,10,60.0,5,270,25->2(2x),18.0698,0.0003,0.0,john,bridge
65,3.0,6,6,46,46,0.583,190,295,7,85.7,5,310,65->46(1x),28.8574,0.0025,0.0,atlantean,bridge
66,3.0,7,5,49,49,0.375,145,385,8,75.0,5,220,66->49(1x),25.1901,0.0009,0.0,jesus,bridge
67,3.0,13,6,69,67,0.483,295,600,14,42.9,5,290,69->7(4x),32.2146,1.8862,0.0,spirit heart,spirit
68,3.0,4,4,138,138,0.483,195,360,5,120.0,30,245,68->138(1x),29.0971,0.0038,0.0,nature,bridge
69,3.0,6,6,67,67,0.475,205,400,7,85.7,5,205,69->139(1x),29.3203,0.0156,0.0,heart sanctuary,bridge
70,3.0,2,3,58,58,0.675,180,200,3,200.0,20,405,70->18(1x),28.1918,0.0036,0.0,adam,bridge
71,3.0,6,4,34,34,0.342,195,435,7,85.7,5,190,31->34(2x),29.049,0.0101,0.0,crystal,bridge
72,3.0,7,4,106,106,0.725,115,295,8,75.0,5,310,106->67(2x),21.1366,0.0004,0.0,isis eye,bridge
73,3.0,7,6,35,35,0.508,150,365,8,75.0,15,240,73->35(1x),25.6213,0.0009,0.0,mari,bridge
74,3.0,11,6,105,105,0.467,195,375,12,50.0,5,230,74->105(1x),29.0134,0.0033,0.0,egypt,bridge
75,3.0,7,7,24,24,0.6,180,280,8,75.0,5,325,75->24(1x),28.1216,0.0018,0.0,central,bridge
76,3.0,11,8,92,92,0.425,195,375,12,50.0,5,230,22->92(2x),28.8847,0.0025,0.0,logos,bridge
77,3.0,1,2,14,14,0.75,155,155,2,300.0,150,450,77->14(1x),25.6219,0.0085,0.0,temporal alchemy,bridge
78,3.0,9,7,13,13,0.467,195,350,10,60.0,5,255,92->13(2x),28.9039,0.0025,0.0,knowledge,bridge
79,3.0,15,10,67,67,0.4,30,435,16,37.5,5,170,7->67(2x),0.1596,0.0001,0.0,par,bridge
80,3.0,8,7,101,101,0.6,180,325,9,66.7,5,280,80->101(1x),28.0887,0.0018,0.0,city,bridge
81,3.0,1,2,14,14,0.75,155,155,2,300.0,150,450,81->14(1x),25.6219,0.0085,0.0,alchemy star,bridge
82,3.0,22,13,44,44,0.25,25,500,23,26.1,5,105,31->44(4x),0.1484,0.0001,0.0,johannine grove,bridge
83,3.0,8,5,43,43,0.5,180,375,9,66.7,5,230,43->94(2x),28.2845,0.0022,0.0,rose,bridge
84,3.0,7,6,64,64,0.467,195,350,8,75.0,10,255,84->64(1x),28.9518,0.0026,0.0,mysteries,bridge
85,3.0,11,7,39,85,0.275,170,500,12,50.0,5,165,39->7(2x),27.35,0.0018,0.0,tehuti,bridge
86,3.0,7,6,116,116,0.517,195,335,8,75.0,15,270,86->116(1x),28.9393,0.0026,0.0,black,bridge
87,3.0,9,7,64,64,0.467,195,350,10,60.0,5,255,87->64(1x),28.9572,0.0027,0.0,crystals,bridge
88,3.0,10,6,124,124,0.408,180,465,11,54.5,5,175,124->10(2x),28.2035,0.0025,0.0,prima matra,bridge
89,3.0,13,10,34,34,0.558,30,270,14,42.9,5,335,89->126(1x),0.1557,0.0001,0.0,mystery school,bridge
90,3.0,45,20,92,94,0.142,60,595,46,13.0,5,55,122->94(4x),8.1451,0.0002,0.0,christine hayes,spirit
91,3.0,10,9,35,35,0.592,180,285,11,54.5,5,320,91->35(1x),28.0611,0.0018,0.0,goddess,bridge
92,3.0,10,5,29,29,0.558,80,325,11,54.5,5,280,29->58(3x),12.2829,0.0002,0.0,plain,bridge
93,3.0,6,4,34,31,0.35,185,435,7,85.7,5,195,31->34(2x),28.2604,0.0055,0.0,lotus,bridge
94,3.0,14,7,138,94,0.425,260,595,15,40.0,5,255,66->83(3x),31.3676,0.2965,0.0,christos,spirit
95,3.0,7,6,114,114,0.542,195,325,8,75.0,5,280,95->114(1x),28.9462,0.0027,0.0,book,bridge
96,3.0,2,3,58,58,0.7,170,185,3,200.0,15,420,96->70(1x),27.3753,0.0022,0.0,kadmon,bridge
97,3.0,6,4,119,119,0.408,180,400,7,85.7,10,205,31->119(2x),28.137,0.0032,0.0,queen,bridge
98,3.0,8,5,69,67,0.317,150,505,9,66.7,15,145,69->67(2x),25.4043,0.0012,0.0,simeon,bridge
99,3.0,12,8,36,36,0.55,195,330,13,46.2,5,275,64->72(2x),28.9999,0.0027,0.0,grid,bridge
100,3.0,9,7,62,62,0.483,195,345,10,60.0,5,260,114->62(2x),28.9782,0.0028,0.0,name,bridge
101,3.0,7,7,55,55,0.575,180,295,8,75.0,5,310,101->55(1x),28.1676,0.002,0.0,the sun,bridge
102,3.0,9,7,13,13,0.475,190,350,10,60.0,5,255,92->13(2x),28.8845,0.0025,0.0,presence,bridge
103,3.0,5,5,138,138,0.517,180,335,6,100.0,10,270,103->36(1x),28.233,0.0023,0.0,sea,bridge
104,3.0,27,10,22,22,0.392,40,590,28,21.4,5,100,22->128(6x),0.224,0.0001,0.0,church,bridge
105,3.0,6,6,4,4,0.55,180,315,7,85.7,15,290,105->4(1x),28.1891,0.0019,0.0,egyptian,bridge
106,3.0,7,4,115,115,0.417,200,410,8,75.0,5,195,119->31(2x),29.1482,0.0112,0.0,free information,bridge
107,3.0,9,8,71,71,0.575,80,260,10,60.0,5,345,107->8(1x),13.0337,0.0002,0.0,holorian,bridge
108,3.0,9,7,13,13,0.475,190,350,10,60.0,5,255,92->13(2x),28.8845,0.0025,0.0,space,bridge
109,3.0,9,7,13,13,0.475,190,350,10,60.0,5,255,92->13(2x),28.8845,0.0025,0.0,high,bridge
110,3.0,11,8,13,13,0.475,195,345,12,50.0,5,260,110->13(1x),28.8882,0.0025,0.0,forms,bridge
111,3.0,7,7,59,59,0.6,180,280,8,75.0,10,325,111->59(1x),28.0327,0.0018,0.0,mar,bridge
112,3.0,4,4,113,113,0.575,205,300,5,120.0,15,305,112->113(1x),29.1801,0.0327,0.0,rite,bridge
113,3.0,4,4,112,112,0.575,205,300,5,120.0,15,305,113->112(1x),29.1801,0.0327,0.0,practice,bridge
114,3.0,3,3,53,53,0.458,135,365,4,150.0,35,240,114->53(1x),24.2426,0.0006,0.0,lord,bridge
115,3.0,7,4,106,106,0.417,200,410,8,75.0,5,195,119->31(2x),29.1482,0.0112,0.0,please support,bridge
116,3.0,7,6,86,86,0.383,150,400,8,75.0,5,205,116->86(1x),25.7406,0.0009,0.0,lady,bridge
117,3.0,7,7,40,40,0.575,195,295,8,75.0,5,310,117->40(1x),28.9747,0.0026,0.0,gem,bridge
118,3.0,10,8,70,70,0.558,95,275,11,54.5,5,330,118->65(1x),17.14,0.0002,0.0,mazur,bridge
119,3.0,3,3,106,106,0.483,200,400,4,150.0,85,205,119->106(1x),29.1492,0.0109,0.0,kyi,bridge
120,3.0,12,10,11,11,0.458,160,345,13,46.2,5,260,120->25(1x),26.4751,0.001,0.0,sirius,bridge
121,3.0,5,5,25,25,0.6,180,280,6,100.0,15,325,121->25(1x),28.1387,0.0019,0.0,valley,bridge
122,3.0,7,7,53,53,0.592,180,285,8,75.0,10,320,122->53(1x),28.0155,0.0018,0.0,lords,bridge
123,3.0,6,6,6,6,0.525,195,325,7,85.7,5,280,123->6(1x),29.0421,0.003,0.0,journey,bridge
124,3.0,7,5,88,88,0.542,195,335,8,75.0,15,270,2->88(2x),28.9613,0.0029,0.0,dragon,bridge
125,3.0,8,7,13,13,0.467,195,350,9,66.7,5,255,125->13(1x),28.9394,0.0025,0.0,individual,bridge
126,3.0,6,7,11,11,0.517,65,295,7,85.7,5,310,126->46(1x),7.1733,0.0001,0.0,melchizedek,bridge
127,3.0,9,7,61,61,0.6,180,340,10,60.0,5,265,127->61(1x),28.1355,0.0019,0.0,age,bridge
128,3.0,5,4,106,106,0.65,160,325,6,100.0,5,280,128->106(1x),26.4946,0.0013,0.0,stone,bridge
129,3.0,7,3,119,31,0.6,115,535,8,75.0,5,335,119->31(3x),21.121,0.0005,0.0,dweller crystal,bridge
130,3.0,9,7,13,13,0.475,190,350,10,60.0,5,255,92->13(2x),28.8845,0.0025,0.0,level,bridge
131,3.0,7,4,106,106,0.417,200,410,8,75.0,5,195,119->31(2x),29.1482,0.0112,0.0,non profitset,bridge
132,3.0,7,7,43,43,0.575,160,290,8,75.0,15,315,132->43(1x),26.4301,0.001,0.0,magdalene,bridge
133,3.0,10,8,120,120,0.517,195,335,11,54.5,5,270,133->120(1x),28.9293,0.0026,0.0,stars,bridge
134,3.0,1,2,31,31,0.7,185,185,2,300.0,180,420,134->31(1x),28.2967,0.0041,0.0,island,bridge
135,3.0,8,7,13,13,0.467,195,345,9,66.7,10,260,135->13(1x),28.9511,0.0026,0.0,moon,bridge
136,3.0,9,4,67,67,0.575,220,555,10,60.0,5,215,69->67(4x),30.0362,0.0416,0.0,maia christianne,spirit
137,3.0,11,8,13,13,0.475,195,345,12,50.0,5,260,137->13(1x),28.8882,0.0025,0.0,state,bridge
138,3.0,1,2,31,31,0.567,265,265,2,300.0,260,340,138->31(1x),31.5254,0.6805,0.0,thothhorra khandr,spirit
139,3.0,10,6,69,139,0.317,195,500,11,54.5,5,190,69->67(2x),29.1154,0.0095,0.0,sanctuary,bridge
140,3.0,10,7,20,20,0.542,190,330,11,54.5,5,275,140->20(1x),28.8672,0.0026,0.0,dynamic,bridge
1,5.0,17,7,132,132,0.425,160,430,18,33.3,5,175,126->118(3x),22.1217,0.0,0.0,grail,bridge
2,5.0,17,5,22,2,0.375,230,580,18,33.3,5,225,90->94(4x),25.0747,0.0148,0.0,christ,spirit
3,5.0,12,10,4,4,0.533,150,355,13,46.2,5,250,3->4(1x),21.4253,0.0,0.0,isis,bridge
4,5.0,11,9,105,105,0.4,165,390,12,50.0,5,215,4->105(1x),22.2043,0.0,0.0,osiris,bridge
5,5.0,9,8,19,19,0.3,175,540,10,60.0,5,170,5->19(1x),22.6653,0.0002,0.0,earth star,bridge
6,5.0,17,9,26,6,0.308,190,600,18,33.3,5,185,47->48(2x),23.3425,0.0008,0.0,temple doors,spirit
7,5.0,17,9,9,7,0.342,200,600,18,33.3,5,195,7->98(2x),24.243,0.0039,0.0,numis'om,spirit
8,5.0,8,7,50,50,0.542,165,345,9,66.7,5,260,8->50(1x),22.2317,0.0,0.0,ark,bridge
9,5.0,21,11,9,9,0.383,225,600,22,27.3,5,220,5->7(2x),24.7279,0.0102,0.0,metatron,spirit
10,5.0,18,10,10,10,0.383,230,600,19,31.6,5,225,88->136(2x),25.0432,0.0121,0.0,venus,spirit
11,5.0,18,12,120,120,0.358,165,435,19,31.6,5,170,11->120(1x),22.27,0.0001,0.0,orion,bridge
12,5.0,14,10,7,12,0.267,165,585,15,40.0,5,160,12->9(1x),22.381,0.0001,0.0,eye,bridge
13,5.0,15,13,12,71,0.425,85,600,16,37.5,5,245,31->71(2x),11.7922,0.0,0.0,loch,bridge
14,5.0,8,5,41,41,0.575,170,330,9,66.7,10,275,41->30(2x),22.387,0.0005,0.0,maia nartoomid,bridge
15,5.0,24,9,114,114,0.35,165,480,25,24.0,5,160,13->114(3x),22.2212,0.0,0.0,god,bridge
16,5.0,18,11,6,16,0.267,165,585,19,31.6,5,160,13->6(4x),22.3436,0.0001,0.0,doors,bridge
17,5.0,5,3,14,14,0.7,140,225,6,100.0,10,380,14->28(2x),20.1192,0.0001,0.0,star lineages,bridge
18,5.0,21,8,58,58,0.408,145,550,22,27.3,5,140,70->58(6x),20.8159,0.0,0.0,adam kadmon,bridge
19,5.0,11,7,5,19,0.375,230,575,12,50.0,10,225,5->7(2x),25.103,0.0169,0.0,new earth star,spirit
20,5.0,9,8,4,4,0.408,135,395,10,60.0,15,210,20->4(1x),20.1184,0.0,0.0,horus,bridge
21,5.0,7,7,71,71,0.442,140,370,8,75.0,5,235,21->71(1x),20.1817,0.0,0.0,skull,bridge
22,5.0,23,6,2,22,0.383,225,595,24,25.0,5,220,90->31(3x),24.6961,0.0095,0.0,christic,spirit
23,5.0,12,3,14,14,0.35,205,575,13,46.2,25,200,27->14(6x),24.3549,0.0036,0.0,light codes,tech
24,5.0,13,7,75,75,0.475,165,395,14,42.9,5,210,90->33(2x),22.2278,0.0001,0.0,inner earth,bridge
25,5.0,15,10,121,121,0.508,165,400,16,37.5,5,205,120->121(2x),22.1815,0.0,0.0,blue star,bridge
26,5.0,10,9,18,18,0.392,165,385,11,54.5,5,220,26->18(1x),22.3024,0.0001,0.0,dna,bridge
27,5.0,3,3,14,14,0.767,130,180,4,150.0,15,425,27->14(1x),19.2352,0.0001,0.0,activation rite,bridge
28,5.0,18,3,28,51,0.4,195,600,19,31.6,5,190,14->51(7x),23.552,0.0039,0.0,akashic practice,spirit
29,5.0,18,8,52,52,0.442,165,540,19,31.6,5,160,32->52(4x),22.3459,0.0001,0.0,pyramid,bridge
30,5.0,8,5,41,41,0.575,170,330,9,66.7,10,275,41->14(2x),22.387,0.0005,0.0,templar,bridge
31,5.0,16,6,138,31,0.383,235,590,17,35.3,5,230,34->138(3x),25.1222,0.02,0.0,thothhorra,spirit
32,5.0,14,7,52,29,0.45,145,595,15,40.0,5,175,29->52(4x),20.9035,0.0,0.0,great pyramid,bridge
33,5.0,9,8,79,106,0.558,105,595,10,60.0,5,280,33->106(1x),15.8721,0.0,0.0,johannine,bridge
34,5.0,8,7,71,71,0.433,140,375,9,66.7,5,230,34->71(1x),20.2409,0.0,0.0,crystal skull,bridge
35,5.0,10,6,91,91,0.5,165,380,11,54.5,10,225,91->31(2x),22.2417,0.0,0.0,mother,bridge
36,5.0,10,8,99,99,0.558,130,325,11,54.5,5,280,103->99(2x),19.2489,0.0,0.0,templa mar,bridge
37,5.0,16,10,66,66,0.367,165,435,17,35.3,5,170,64->66(2x),22.2293,0.0,0.0,master,bridge
38,5.0,27,9,107,107,0.3,165,555,28,21.4,5,160,126->107(4x),22.2088,0.0,0.0,mystery,bridge
39,5.0,17,8,85,85,0.333,155,435,18,33.3,5,170,31->90(2x),21.5677,0.0,0.0,yeshua,bridge
40,5.0,10,7,117,117,0.525,165,350,11,54.5,5,255,40->117(1x),22.2348,0.0001,0.0,pure gem,bridge
41,5.0,9,5,14,14,0.617,160,310,10,60.0,5,295,41->14(1x),21.626,0.0003,0.0,lineages,bridge
42,5.0,15,10,120,120,0.4,165,430,16,37.5,5,175,92->120(2x),22.217,0.0,0.0,gate,bridge
43,5.0,12,8,83,83,0.458,165,400,13,46.2,5,205,132->83(2x),22.2404,0.0001,0.0,flame,bridge
44,5.0,10,8,34,34,0.333,155,425,11,54.5,5,180,67->119(2x),21.5005,0.0,0.0,dweller,bridge
45,5.0,7,7,71,71,0.442,140,370,8,75.0,5,235,45->71(1x),20.1794,0.0,0.0,crystal skulls,bridge
46,5.0,8,6,65,65,0.533,165,345,9,66.7,5,260,46->65(1x),22.2273,0.0001,0.0,atlantis,bridge
47,5.0,18,10,6,47,0.267,165,585,19,31.6,5,160,107->6(4x),22.3489,0.0001,0.0,of light,bridge
48,5.0,18,8,136,48,0.375,230,595,19,31.6,5,225,6->7(2x),25.1141,0.0136,0.0,merkabah,spirit
49,5.0,16,7,138,49,0.267,165,595,17,35.3,5,160,66->138(4x),22.3578,0.0001,0.0,love,bridge
50,5.0,8,7,8,8,0.542,165,345,9,66.7,5,260,50->8(1x),22.2317,0.0,0.0,grace,bridge
51,5.0,18,3,51,28,0.4,195,600,19,31.6,5,190,14->28(7x),23.552,0.0039,0.0,rite akashic,spirit
52,5.0,30,9,52,52,0.408,230,600,31,19.4,5,225,29->74(4x),25.0061,0.0117,0.0,temple of,spirit
53,5.0,14,7,122,122,0.475,165,395,15,40.0,5,210,122->55(2x),22.2807,0.0001,0.0,lion,bridge
54,5.0,13,9,88,88,0.458,165,385,14,42.9,5,220,54->88(1x),22.2371,0.0001,0.0,matter,bridge
55,5.0,15,9,101,101,0.442,165,430,16,37.5,5,175,31->101(2x),22.2629,0.0001,0.0,sun,bridge
56,5.0,7,7,71,71,0.442,140,370,8,75.0,5,235,56->71(1x),20.1794,0.0,0.0,skulls,bridge
57,5.0,17,8,62,62,0.375,165,435,18,33.3,5,170,90->118(2x),22.2213,0.0,0.0,blood,bridge
58,5.0,24,8,58,58,0.4,230,600,25,24.0,5,225,70->26(5x),24.9878,0.0113,0.0,metatronic,spirit
59,5.0,10,6,111,111,0.367,165,465,11,54.5,5,160,111->138(2x),22.3626,0.0001,0.0,tree,bridge
60,5.0,12,7,66,66,0.325,165,475,13,46.2,10,160,92->66(3x),22.1752,0.0,0.0,self,bridge
61,5.0,11,7,127,127,0.475,160,385,12,50.0,5,220,127->31(2x),22.1815,0.0001,0.0,old,bridge
62,5.0,13,8,57,57,0.533,130,360,14,42.9,5,245,62->57(1x),19.3254,0.0,0.0,king,bridge
63,5.0,26,8,13,13,0.308,165,560,27,22.2,5,160,126->13(6x),22.2078,0.0,0.0,set,bridge
64,5.0,16,9,79,25,0.433,90,595,17,35.3,5,210,31->104(2x),12.6642,0.0,0.0,john,bridge
65,5.0,9,7,46,46,0.55,160,345,10,60.0,5,260,65->46(1x),22.1305,0.0,0.0,atlantean,bridge
66,5.0,13,8,49,49,0.35,125,430,14,42.9,5,175,90->49(2x),18.892,0.0,0.0,jesus,bridge
67,5.0,15,9,69,67,0.383,230,580,16,37.5,5,225,69->7(2x),25.0983,0.0182,0.0,spirit heart,spirit
68,5.0,14,6,138,138,0.383,165,580,15,40.0,5,160,13->138(3x),22.3467,0.0001,0.0,nature,bridge
69,5.0,15,9,139,69,0.275,170,525,16,37.5,5,165,67->139(2x),22.5354,0.0002,0.0,heart sanctuary,bridge
70,5.0,17,7,58,58,0.467,155,545,18,33.3,5,150,18->58(4x),21.5387,0.0,0.0,adam,bridge
71,5.0,9,9,34,34,0.417,165,380,10,60.0,10,225,71->34(1x),22.2816,0.0001,0.0,crystal,bridge
72,5.0,11,9,119,106,0.483,100,600,12,50.0,5,215,72->106(1x),15.3266,0.0,0.0,isis eye,bridge
73,5.0,10,7,35,35,0.5,130,340,11,54.5,5,265,35->91(2x),19.2684,0.0,0.0,mari,bridge
74,5.0,15,8,105,105,0.417,165,405,16,37.5,5,200,105->4(2x),22.2659,0.0001,0.0,egypt,bridge
75,5.0,14,7,24,24,0.508,150,400,15,40.0,5,205,24->126(2x),21.4833,0.0,0.0,central,bridge
76,5.0,24,7,107,76,0.267,165,600,25,24.0,5,160,92->107(6x),22.1584,0.0,0.0,logos,bridge
77,5.0,3,3,14,14,0.767,130,180,4,150.0,15,425,77->14(1x),19.2352,0.0001,0.0,temporal alchemy,bridge
78,5.0,20,8,13,13,0.308,165,515,21,28.6,5,160,92->13(4x),22.1733,0.0,0.0,knowledge,bridge
79,5.0,38,21,104,31,0.358,25,600,39,15.4,5,215,104->90(3x),0.078,0.0,0.0,par,bridge
80,5.0,16,7,101,101,0.467,150,405,17,35.3,5,200,31->90(2x),21.4517,0.0,0.0,city,bridge
81,5.0,3,3,14,14,0.767,130,180,4,150.0,15,425,81->14(1x),19.2352,0.0001,0.0,alchemy star,bridge
82,5.0,30,15,90,31,0.317,25,585,31,19.4,5,110,13->90(2x),0.0711,0.0,0.0,johannine grove,bridge
83,5.0,7,5,43,43,0.392,155,405,8,75.0,15,200,83->43(1x),21.6263,0.0,0.0,rose,bridge
84,5.0,26,9,107,84,0.267,165,600,27,22.2,5,160,107->64(6x),22.2178,0.0,0.0,mysteries,bridge
85,5.0,14,9,39,39,0.258,145,590,15,40.0,10,140,85->39(1x),20.7972,0.0,0.0,tehuti,bridge
86,5.0,18,8,116,116,0.4,165,475,19,31.6,5,160,126->116(3x),22.2057,0.0,0.0,black,bridge
87,5.0,32,9,107,87,0.267,165,600,33,18.2,5,160,107->64(6x),22.2216,0.0,0.0,crystals,bridge
88,5.0,12,9,54,124,0.433,155,595,13,46.2,5,235,88->124(1x),21.5492,0.0,0.0,prima matra,bridge
89,5.0,30,17,126,31,0.25,25,600,31,19.4,5,140,31->34(3x),0.0762,0.0,0.0,mystery school,bridge
90,5.0,50,19,90,2,0.225,55,600,51,11.8,5,50,90->2(2x),4.2876,0.0,0.0,christine hayes,spirit
91,5.0,10,9,35,35,0.542,150,350,11,54.5,5,255,91->35(1x),21.4233,0.0,0.0,goddess,bridge
92,5.0,23,16,82,29,0.308,70,600,24,25.0,5,165,31->89(2x),7.6689,0.0,0.0,plain,bridge
93,5.0,17,11,45,34,0.358,155,600,18,33.3,5,200,93->45(1x),21.5947,0.0,0.0,lotus,bridge
94,5.0,26,8,94,94,0.342,200,600,27,22.2,5,195,31->90(5x),24.3538,0.0033,0.0,christos,spirit
95,5.0,18,8,114,114,0.35,165,475,19,31.6,5,160,126->114(3x),22.212,0.0,0.0,book,bridge
96,5.0,21,8,58,58,0.408,145,550,22,27.3,5,140,70->58(6x),20.8159,0.0,0.0,kadmon,bridge
97,5.0,9,8,119,119,0.467,155,360,10,60.0,5,245,97->119(1x),21.4838,0.0,0.0,queen,bridge
98,5.0,15,8,69,69,0.225,130,535,16,37.5,5,125,69->67(3x),19.0861,0.0,0.0,simeon,bridge
99,5.0,23,10,36,36,0.392,165,435,24,25.0,5,170,90->64(2x),22.2561,0.0001,0.0,grid,bridge
100,5.0,14,7,62,62,0.392,165,430,15,40.0,5,175,90->62(2x),22.2376,0.0,0.0,name,bridge
101,5.0,12,8,55,55,0.475,155,365,13,46.2,10,240,90->31(2x),21.5191,0.0,0.0,the sun,bridge
102,5.0,22,7,13,13,0.283,165,560,23,26.1,5,160,92->13(6x),22.1577,0.0,0.0,presence,bridge
103,5.0,19,7,36,36,0.308,155,570,20,30.0,5,150,36->138(4x),21.5801,0.0,0.0,sea,bridge
104,5.0,31,20,79,31,0.367,35,585,32,18.8,5,220,138->49(2x),0.1099,0.0,0.0,church,bridge
105,5.0,15,9,4,4,0.483,155,370,16,37.5,5,235,74->4(2x),21.5357,0.0,0.0,egyptian,bridge
106,5.0,8,8,115,115,0.533,165,335,9,66.7,5,270,106->115(1x),22.3639,0.0001,0.0,free information,bridge
107,5.0,24,15,89,71,0.383,70,595,25,24.0,5,180,89->71(5x),8.3073,0.0,0.0,holorian,bridge
108,5.0,22,7,13,13,0.283,165,560,23,26.1,5,160,92->13(6x),22.1577,0.0,0.0,space,bridge
109,5.0,22,7,13,13,0.283,165,560,23,26.1,5,160,92->13(6x),22.1577,0.0,0.0,high,bridge
110,5.0,27,8,92,110,0.267,165,600,28,21.4,5,160,92->13(6x),22.1603,0.0,0.0,forms,bridge
111,5.0,13,10,59,59,0.55,150,330,14,42.9,5,275,111->59(1x),21.3998,0.0,0.0,mar,bridge
112,5.0,8,5,113,113,0.592,170,330,9,66.7,5,275,113->14(2x),22.3879,0.0005,0.0,rite,bridge
113,5.0,8,5,112,112,0.592,170,330,9,66.7,5,275,112->14(2x),22.3879,0.0005,0.0,practice,bridge
114,5.0,10,8,104,53,0.475,120,600,11,54.5,5,250,114->53(1x),18.057,0.0,0.0,lord,bridge
115,5.0,8,8,106,106,0.533,165,335,9,66.7,5,270,115->106(1x),22.3639,0.0001,0.0,please support,bridge
116,5.0,15,9,86,86,0.425,130,390,16,37.5,5,215,86->94(2x),19.3788,0.0,0.0,lady,bridge
117,5.0,8,7,40,40,0.542,165,345,9,66.7,5,260,117->40(1x),22.2343,0.0001,0.0,gem,bridge
118,5.0,25,16,89,70,0.333,85,600,26,23.1,5,140,46->65(2x),11.8456,0.0,0.0,mazur,bridge
119,5.0,6,6,106,106,0.525,170,335,7,85.7,10,270,119->106(1x),22.3648,0.0001,0.0,kyi,bridge
120,5.0,20,12,53,25,0.308,135,600,21,28.6,5,130,42->25(2x),20.0188,0.0,0.0,sirius,bridge
121,5.0,13,7,25,25,0.533,155,360,14,42.9,5,245,90->129(2x),21.4971,0.0,0.0,valley,bridge
122,5.0,9,8,53,53,0.517,150,360,10,60.0,5,245,122->53(1x),21.3823,0.0,0.0,lords,bridge
123,5.0,15,8,6,123,0.267,165,580,16,37.5,5,160,92->6(4x),22.2975,0.0001,0.0,journey,bridge
124,5.0,14,8,88,88,0.467,165,385,15,40.0,5,220,88->54(2x),22.224,0.0,0.0,dragon,bridge
125,5.0,26,8,13,13,0.308,165,560,27,22.2,5,160,126->13(6x),22.2078,0.0,0.0,individual,bridge
126,5.0,18,14,82,11,0.342,60,595,19,31.6,5,200,89->82(2x),3.4341,0.0,0.0,melchizedek,bridge
127,5.0,13,7,61,61,0.5,150,405,14,42.9,5,200,90->31(2x),21.4934,0.0,0.0,age,bridge
128,5.0,7,7,106,106,0.542,135,315,8,75.0,10,290,128->106(1x),20.0398,0.0,0.0,stone,bridge
129,5.0,7,7,119,119,0.492,100,345,8,75.0,15,260,129->119(1x),15.3008,0.0,0.0,dweller crystal,bridge
130,5.0,22,7,13,13,0.283,165,560,23,26.1,5,160,92->13(6x),22.1577,0.0,0.0,level,bridge
131,5.0,8,8,106,106,0.533,165,335,9,66.7,5,270,131->106(1x),22.3639,0.0001,0.0,non profitset,bridge
132,5.0,16,11,43,43,0.467,135,425,17,35.3,5,180,1->43(2x),19.9831,0.0,0.0,magdalene,bridge
133,5.0,18,9,120,120,0.383,165,430,19,31.6,5,175,92->13(2x),22.1937,0.0,0.0,stars,bridge
134,5.0,25,8,31,31,0.383,155,505,26,23.1,5,150,129->31(3x),21.6388,0.0,0.0,island,bridge
135,5.0,27,8,107,13,0.275,165,600,28,21.4,5,160,107->13(7x),22.2174,0.0,0.0,moon,bridge
136,5.0,18,9,67,136,0.283,170,595,19,31.6,5,165,98->69(2x),23.1676,0.0007,0.0,maia christianne,spirit
137,5.0,27,8,92,137,0.267,165,595,28,21.4,5,160,92->13(6x),22.1603,0.0,0.0,state,bridge
138,5.0,26,10,31,138,0.375,220,595,27,22.2,5,215,90->2(2x),24.4859,0.0069,0.0,thothhorra khandr,spirit
139,5.0,14,8,69,69,0.325,165,470,15,40.0,5,160,69->67(2x),22.3603,0.0001,0.0,sanctuary,bridge
140,5.0,16,10,20,20,0.425,160,430,17,35.3,5,175,107->20(2x),22.1397,0.0,0.0,dynamic,bridge
1,7.0,11,8,1,31,0.508,140,590,12,50.0,10,265,31->90(2x),16.8655,0.0,0.0,grail,bridge
2,7.0,11,3,22,22,0.608,195,580,12,50.0,5,240,22->90(5x),19.4731,0.0005,0.0,christ,spirit
3,7.0,9,9,31,31,0.483,135,325,10,60.0,10,280,3->4(1x),16.249,0.0,0.0,isis,bridge
4,7.0,9,8,4,31,0.475,145,565,10,60.0,10,275,4->105(1x),16.932,0.0,0.0,osiris,bridge
5,7.0,12,6,6,10,0.392,150,570,13,46.2,5,170,6->10(4x),17.3452,0.0,0.0,earth star,bridge
6,7.0,14,6,10,48,0.308,160,570,15,40.0,5,185,67->19(3x),17.946,0.0,0.0,temple doors,spirit
7,7.0,9,7,10,48,0.3,165,500,10,60.0,5,160,48->10(2x),18.7282,0.0001,0.0,numis'om,spirit
8,7.0,6,6,8,31,0.517,145,580,7,85.7,10,310,8->50(1x),16.9623,0.0,0.0,ark,bridge
9,7.0,17,6,10,9,0.317,195,580,18,33.3,5,190,67->19(4x),19.1663,0.0002,0.0,metatron,spirit
10,7.0,14,6,19,19,0.358,200,585,15,40.0,5,195,19->9(4x),19.4474,0.0002,0.0,venus,spirit
11,7.0,11,9,11,31,0.45,145,565,12,50.0,5,270,11->120(1x),16.9933,0.0,0.0,orion,bridge
12,7.0,6,7,10,10,0.467,145,325,7,85.7,5,280,12->72(1x),17.0953,0.0,0.0,eye,bridge
13,7.0,10,10,22,22,0.625,75,230,11,54.5,5,375,13->102(1x),7.8432,0.0,0.0,loch,bridge
14,7.0,31,7,17,14,0.233,145,540,32,18.8,5,140,41->30(5x),17.0805,0.0,0.0,maia nartoomid,bridge
15,7.0,8,8,15,31,0.483,145,565,9,66.7,10,290,15->114(1x),16.954,0.0,0.0,god,bridge
16,7.0,12,10,10,19,0.317,145,575,13,46.2,5,175,67->19(2x),17.0632,0.0,0.0,doors,bridge
17,7.0,13,4,27,14,0.542,120,525,14,42.9,5,195,14->28(4x),15.0761,0.0,0.0,star lineages,bridge
18,7.0,11,9,31,31,0.408,125,360,12,50.0,5,245,18->70(1x),15.7115,0.0,0.0,adam kadmon,bridge
19,7.0,14,7,10,67,0.358,195,580,15,40.0,5,190,67->9(3x),19.4966,0.0005,0.0,new earth star,spirit
20,7.0,15,9,9,67,0.358,120,540,16,37.5,5,140,6->67(2x),15.0973,0.0,0.0,horus,bridge
21,7.0,5,6,90,138,0.442,120,545,6,100.0,20,265,21->71(1x),15.1466,0.0,0.0,skull,bridge
22,7.0,15,3,2,2,0.575,195,580,16,37.5,5,190,2->90(7x),19.1414,0.0003,0.0,christic,spirit
23,7.0,19,4,14,27,0.342,175,575,20,30.0,5,170,27->14(5x),18.8118,0.0001,0.0,light codes,tech
24,7.0,8,6,24,31,0.517,145,565,9,66.7,5,275,24->75(1x),16.9588,0.0,0.0,inner earth,bridge
25,7.0,10,11,31,31,0.467,145,325,11,54.5,5,280,25->121(1x),16.9142,0.0,0.0,blue star,bridge
26,7.0,16,9,10,67,0.317,145,575,17,35.3,5,140,67->19(4x),17.0219,0.0,0.0,dna,bridge
27,7.0,17,5,31,14,0.508,115,575,18,33.3,5,110,14->28(6x),14.2997,0.0,0.0,activation rite,bridge
28,7.0,3,3,51,51,0.717,160,185,4,150.0,10,420,28->51(1x),18.1235,0.0001,0.0,akashic practice,spirit
29,7.0,7,6,22,31,0.4,145,545,8,75.0,15,175,31->22(2x),17.0624,0.0,0.0,pyramid,bridge
30,7.0,31,7,17,30,0.233,145,540,32,18.8,5,140,41->14(5x),17.0805,0.0,0.0,templar,bridge
31,7.0,4,4,94,138,0.492,200,500,5,120.0,5,290,31->138(1x),19.5126,0.0007,0.0,thothhorra,spirit
32,7.0,11,6,22,22,0.292,130,540,12,50.0,10,125,31->22(4x),15.7894,0.0,0.0,great pyramid,bridge
33,7.0,7,8,6,67,0.4,95,535,8,75.0,10,240,33->106(1x),11.3824,0.0,0.0,johannine,bridge
34,7.0,5,6,90,138,0.383,120,540,6,100.0,25,230,34->71(1x),15.1947,0.0,0.0,crystal skull,bridge
35,7.0,6,6,35,31,0.55,145,565,7,85.7,10,330,35->91(1x),16.9704,0.0,0.0,mother,bridge
36,7.0,11,10,31,31,0.658,115,290,12,50.0,5,315,36->99(1x),14.3348,0.0,0.0,templa mar,bridge
37,7.0,9,9,37,31,0.55,145,565,10,60.0,5,330,37->66(1x),16.9611,0.0,0.0,master,bridge
38,7.0,9,8,38,31,0.542,145,585,10,60.0,5,325,38->107(1x),16.9448,0.0,0.0,mystery,bridge
39,7.0,20,6,39,2,0.433,135,595,21,28.6,5,160,2->90(5x),16.3736,0.0,0.0,yeshua,bridge
40,7.0,8,8,40,31,0.458,145,565,9,66.7,5,275,40->117(1x),16.9645,0.0,0.0,pure gem,bridge
41,7.0,31,6,41,41,0.325,135,540,32,18.8,5,130,17->14(6x),16.4069,0.0,0.0,lineages,bridge
42,7.0,8,8,42,31,0.517,145,565,9,66.7,10,310,42->120(1x),16.9485,0.0,0.0,gate,bridge
43,7.0,6,6,43,31,0.517,145,580,7,85.7,20,310,43->83(1x),16.969,0.0,0.0,flame,bridge
44,7.0,7,7,44,138,0.35,135,595,8,75.0,10,210,44->34(1x),16.308,0.0,0.0,dweller,bridge
45,7.0,5,6,90,138,0.392,120,545,6,100.0,20,235,45->71(1x),15.144,0.0,0.0,crystal skulls,bridge
46,7.0,8,7,46,31,0.508,145,585,9,66.7,10,295,46->65(1x),16.9576,0.0,0.0,atlantis,bridge
47,7.0,13,10,9,19,0.333,145,570,14,42.9,5,175,67->19(2x),17.0673,0.0,0.0,of light,bridge
48,7.0,12,5,19,6,0.408,200,585,13,46.2,15,215,6->7(3x),19.5063,0.0004,0.0,merkabah,spirit
49,7.0,5,6,90,31,0.65,145,585,6,100.0,10,390,49->66(1x),17.0752,0.0,0.0,love,bridge
50,7.0,6,6,50,31,0.517,145,580,7,85.7,10,310,50->8(1x),16.9623,0.0,0.0,grace,bridge
51,7.0,3,3,28,28,0.717,160,185,4,150.0,10,420,51->28(1x),18.1235,0.0001,0.0,rite akashic,spirit
52,7.0,11,7,31,31,0.417,200,395,12,50.0,5,210,52->29(2x),19.4164,0.0001,0.0,temple of,spirit
53,7.0,10,6,53,31,0.433,145,565,11,54.5,5,180,31->22(3x),17.0025,0.0,0.0,lion,bridge
54,7.0,13,9,54,31,0.342,145,565,14,42.9,5,160,31->22(2x),16.9665,0.0,0.0,matter,bridge
55,7.0,11,7,55,31,0.333,145,585,12,50.0,10,140,31->22(3x),16.9875,0.0,0.0,sun,bridge
56,7.0,5,6,90,138,0.392,120,545,6,100.0,20,235,56->71(1x),15.144,0.0,0.0,skulls,bridge
57,7.0,8,7,57,31,0.483,145,565,9,66.7,10,275,57->62(1x),16.9536,0.0,0.0,blood,bridge
58,7.0,15,10,31,31,0.4,200,395,16,37.5,5,210,58->70(2x),19.3996,0.0001,0.0,metatronic,spirit
59,7.0,4,5,31,31,0.675,145,200,5,120.0,15,405,59->111(1x),17.0788,0.0,0.0,tree,bridge
60,7.0,7,7,60,31,0.517,140,565,8,75.0,10,310,60->66(1x),16.9133,0.0,0.0,self,bridge
61,7.0,6,6,61,31,0.542,140,565,7,85.7,5,325,61->127(1x),16.9182,0.0,0.0,old,bridge
62,7.0,7,7,31,31,0.45,115,335,8,75.0,5,270,62->57(1x),14.4037,0.0,0.0,king,bridge
63,7.0,8,7,63,31,0.55,145,590,9,66.7,5,330,63->13(1x),16.9439,0.0,0.0,set,bridge
64,7.0,6,7,31,31,0.525,80,290,7,85.7,10,315,64->25(1x),8.6113,0.0,0.0,john,bridge
65,7.0,10,7,65,31,0.45,140,565,11,54.5,10,240,31->90(2x),16.8725,0.0,0.0,atlantean,bridge
66,7.0,9,7,66,31,0.508,110,565,10,60.0,5,245,31->90(2x),14.0236,0.0,0.0,jesus,bridge
67,7.0,12,7,10,19,0.375,195,580,13,46.2,5,205,6->10(3x),19.4918,0.0005,0.0,spirit heart,spirit
68,7.0,3,4,31,31,0.675,145,200,4,150.0,15,405,68->138(1x),17.0663,0.0,0.0,nature,bridge
69,7.0,21,6,6,10,0.308,150,570,22,27.3,5,145,10->6(9x),17.2281,0.0,0.0,heart sanctuary,bridge
70,7.0,9,7,31,31,0.508,135,325,10,60.0,5,280,90->31(2x),16.349,0.0,0.0,adam,bridge
71,7.0,6,7,90,138,0.383,145,570,7,85.7,10,230,71->34(1x),16.9939,0.0,0.0,crystal,bridge
72,7.0,6,6,10,10,0.567,90,265,7,85.7,5,340,72->106(1x),10.9067,0.0,0.0,isis eye,bridge
73,7.0,6,7,31,31,0.675,115,200,7,85.7,5,405,73->35(1x),14.3511,0.0,0.0,mari,bridge
74,7.0,12,8,74,31,0.325,145,585,13,46.2,5,140,31->22(3x),16.9904,0.0,0.0,egypt,bridge
75,7.0,6,7,31,31,0.617,135,235,7,85.7,5,370,75->24(1x),16.3041,0.0,0.0,central,bridge
76,7.0,9,8,76,31,0.55,145,565,10,60.0,5,330,76->92(1x),16.8995,0.0,0.0,logos,bridge
77,7.0,17,5,31,14,0.508,115,575,18,33.3,5,110,14->28(6x),14.2997,0.0,0.0,temporal alchemy,bridge
78,7.0,11,8,78,31,0.4,145,580,12,50.0,5,175,31->22(2x),16.9112,0.0,0.0,knowledge,bridge
79,7.0,11,10,31,31,0.783,25,135,12,50.0,5,470,79->126(1x),0.0402,0.0,0.0,par,bridge
80,7.0,6,7,31,31,0.617,135,235,7,85.7,5,370,80->101(1x),16.2746,0.0,0.0,city,bridge
81,7.0,17,5,31,14,0.508,115,575,18,33.3,5,110,14->28(6x),14.2997,0.0,0.0,alchemy star,bridge
82,7.0,10,8,82,31,0.642,25,510,11,54.5,5,385,82->126(1x),0.0364,0.0,0.0,johannine grove,bridge
83,7.0,3,4,31,31,0.617,135,235,4,150.0,30,370,83->43(1x),16.4297,0.0,0.0,rose,bridge
84,7.0,11,8,84,31,0.525,145,575,12,50.0,5,310,31->84(2x),16.9521,0.0,0.0,mysteries,bridge
85,7.0,8,9,6,48,0.408,125,545,9,66.7,5,245,85->39(1x),15.6979,0.0,0.0,tehuti,bridge
86,7.0,7,7,86,31,0.55,145,565,8,75.0,10,330,86->116(1x),16.9407,0.0,0.0,black,bridge
87,7.0,12,10,87,31,0.517,145,580,13,46.2,5,290,87->64(1x),16.9547,0.0,0.0,crystals,bridge
88,7.0,11,10,88,19,0.517,135,590,12,50.0,5,255,88->124(1x),16.3585,0.0,0.0,prima matra,bridge
89,7.0,11,10,31,31,0.633,25,225,12,50.0,5,380,89->126(1x),0.0392,0.0,0.0,mystery school,bridge
90,7.0,4,5,22,22,0.733,55,165,5,120.0,10,440,90->78(1x),1.6743,0.0,0.0,christine hayes,spirit
91,7.0,7,8,31,31,0.633,135,225,8,75.0,5,380,91->35(1x),16.247,0.0,0.0,goddess,bridge
92,7.0,6,7,31,31,0.75,65,155,7,85.7,10,450,92->102(1x),4.3662,0.0,0.0,plain,bridge
93,7.0,20,8,93,94,0.425,135,595,21,28.6,5,155,94->90(5x),16.3955,0.0,0.0,lotus,bridge
94,7.0,19,4,31,31,0.342,185,580,20,30.0,5,180,90->31(8x),18.837,0.0001,0.0,christos,spirit
95,7.0,8,8,95,31,0.508,145,565,9,66.7,5,305,95->114(1x),16.9465,0.0,0.0,book,bridge
96,7.0,11,9,31,31,0.408,125,360,12,50.0,5,245,96->70(1x),15.7115,0.0,0.0,kadmon,bridge
97,7.0,6,7,22,94,0.517,135,515,7,85.7,5,310,97->119(1x),16.2963,0.0,0.0,queen,bridge
98,7.0,8,6,98,10,0.525,115,565,9,66.7,10,300,6->10(2x),14.1989,0.0,0.0,simeon,bridge
99,7.0,11,9,99,31,0.417,145,565,12,50.0,5,200,99->36(1x),16.9833,0.0,0.0,grid,bridge
100,7.0,8,7,100,31,0.5,145,585,9,66.7,10,290,100->62(1x),16.9673,0.0,0.0,name,bridge
101,7.0,5,6,31,31,0.617,135,235,6,100.0,10,370,101->55(1x),16.3326,0.0,0.0,the sun,bridge
102,7.0,8,7,102,31,0.55,145,565,9,66.7,5,330,102->13(1x),16.8985,0.0,0.0,presence,bridge
103,7.0,6,6,103,31,0.592,135,595,7,85.7,5,355,103->36(1x),16.3885,0.0,0.0,sea,bridge
104,7.0,8,9,31,31,0.792,35,130,9,66.7,5,475,104->91(1x),0.0619,0.0,0.0,church,bridge
105,7.0,13,10,22,31,0.508,135,585,14,42.9,5,220,31->22(3x),16.3457,0.0,0.0,egyptian,bridge
106,7.0,7,8,10,10,0.35,145,395,8,75.0,10,210,106->115(1x),17.0629,0.0,0.0,free information,bridge
107,7.0,14,11,22,67,0.275,65,510,15,40.0,5,165,22->31(2x),4.8966,0.0,0.0,holorian,bridge
108,7.0,8,7,108,31,0.55,145,565,9,66.7,5,330,108->13(1x),16.8985,0.0,0.0,space,bridge
109,7.0,8,7,109,31,0.55,145,565,9,66.7,5,330,109->13(1x),16.8985,0.0,0.0,high,bridge
110,7.0,8,7,110,31,0.508,145,565,9,66.7,5,305,110->13(1x),16.9003,0.0,0.0,forms,bridge
111,7.0,6,7,31,31,0.642,135,220,7,85.7,5,385,111->59(1x),16.2275,0.0,0.0,mar,bridge
112,7.0,28,6,27,113,0.25,145,565,29,20.7,5,140,113->14(4x),17.0812,0.0,0.0,rite,bridge
113,7.0,28,6,27,112,0.25,145,565,29,20.7,5,140,112->14(4x),17.0812,0.0,0.0,practice,bridge
114,7.0,7,7,114,31,0.558,105,555,8,75.0,5,335,114->53(1x),13.291,0.0,0.0,lord,bridge
115,7.0,7,8,10,10,0.35,145,395,8,75.0,10,210,115->106(1x),17.0629,0.0,0.0,please support,bridge
116,7.0,6,7,90,31,0.675,115,570,7,85.7,5,405,116->86(1x),14.4516,0.0,0.0,lady,bridge
117,7.0,8,7,117,31,0.517,145,590,9,66.7,5,300,117->40(1x),16.9642,0.0,0.0,gem,bridge
118,7.0,15,11,9,67,0.442,75,545,16,37.5,5,240,67->19(2x),7.9006,0.0,0.0,mazur,bridge
119,7.0,7,8,94,94,0.467,145,325,8,75.0,5,280,119->106(1x),17.0638,0.0,0.0,kyi,bridge
120,7.0,10,10,31,31,0.6,120,290,11,54.5,5,315,120->25(1x),15.0086,0.0,0.0,sirius,bridge
121,7.0,17,10,22,22,0.492,135,535,18,33.3,5,225,138->90(2x),16.3157,0.0,0.0,valley,bridge
122,7.0,6,7,31,31,0.583,135,255,7,85.7,10,350,122->53(1x),16.2103,0.0,0.0,lords,bridge
123,7.0,13,10,136,19,0.342,145,575,14,42.9,5,175,67->19(2x),17.0224,0.0,0.0,journey,bridge
124,7.0,6,6,124,31,0.517,145,565,7,85.7,10,310,124->88(1x),16.9561,0.0,0.0,dragon,bridge
125,7.0,8,7,125,31,0.55,145,590,9,66.7,5,330,125->13(1x),16.9439,0.0,0.0,individual,bridge
126,7.0,6,7,31,31,0.625,55,230,7,85.7,5,375,126->46(1x),0.9949,0.0,0.0,melchizedek,bridge
127,7.0,5,6,31,31,0.617,135,235,6,100.0,10,370,127->61(1x),16.3117,0.0,0.0,age,bridge
128,7.0,6,7,22,22,0.525,120,290,7,85.7,10,315,128->106(1x),15.0293,0.0,0.0,stone,bridge
129,7.0,5,6,90,94,0.35,90,535,6,100.0,30,210,129->119(1x),10.8761,0.0,0.0,dweller crystal,bridge
130,7.0,8,7,130,31,0.55,145,565,9,66.7,5,330,130->13(1x),16.8985,0.0,0.0,level,bridge
131,7.0,7,8,10,10,0.35,145,395,8,75.0,10,210,131->106(1x),17.0629,0.0,0.0,non profitset,bridge
132,7.0,7,8,31,31,0.633,120,225,8,75.0,5,380,132->43(1x),14.9797,0.0,0.0,magdalene,bridge
133,7.0,11,9,133,31,0.458,145,580,12,50.0,5,200,31->22(2x),16.9279,0.0,0.0,stars,bridge
134,7.0,15,4,90,94,0.542,135,570,16,37.5,5,175,94->90(7x),16.4423,0.0,0.0,island,bridge
135,7.0,10,8,135,31,0.525,145,585,11,54.5,5,245,135->13(1x),16.9518,0.0,0.0,moon,bridge
136,7.0,6,5,6,6,0.425,155,360,7,85.7,10,245,10->6(2x),17.7818,0.0,0.0,maia christianne,spirit
137,7.0,8,7,137,31,0.508,145,565,9,66.7,5,305,137->13(1x),16.9003,0.0,0.0,state,bridge
138,7.0,3,3,31,31,0.675,190,580,4,150.0,10,380,138->31(1x),18.949,0.0002,0.0,thothhorra khandr,spirit
139,7.0,7,7,6,6,0.5,145,570,8,75.0,5,265,139->69(1x),17.0773,0.0,0.0,sanctuary,bridge
140,7.0,10,10,31,31,0.458,140,330,11,54.5,5,275,140->20(1x),16.8811,0.0,0.0,dynamic,bridge
1,10.0,13,10,1,31,0.317,120,590,14,42.9,5,170,1->132(1x),11.0826,0.0,0.0,grail,bridge
2,10.0,9,3,22,22,0.708,160,575,10,60.0,5,305,22->90(4x),13.237,0.0,0.0,christ,spirit
3,10.0,10,8,3,67,0.383,115,550,11,54.5,5,200,3->4(1x),10.5733,0.0,0.0,isis,bridge
4,10.0,8,8,22,2,0.383,120,500,9,66.7,5,230,4->105(1x),11.1321,0.0,0.0,osiris,bridge
5,10.0,14,5,5,67,0.367,130,600,15,40.0,5,200,6->48(4x),11.4801,0.0,0.0,earth star,bridge
6,10.0,7,6,9,48,0.642,130,575,8,75.0,5,385,6->48(1x),11.9768,0.0,0.0,temple doors,spirit
7,10.0,6,6,82,48,0.308,150,595,7,85.7,5,185,7->67(1x),12.6082,0.0,0.0,numis'om,spirit
8,10.0,8,6,8,2,0.442,120,585,9,66.7,5,265,22->8(2x),11.1623,0.0,0.0,ark,bridge
9,10.0,6,5,82,67,0.392,160,600,7,85.7,5,210,67->19(2x),12.9831,0.0,0.0,metatron,spirit
10,10.0,17,7,82,136,0.292,165,595,18,33.3,10,175,67->19(5x),13.219,0.0,0.0,venus,spirit
11,10.0,5,6,22,2,0.5,120,465,6,100.0,10,300,11->120(1x),11.1853,0.0,0.0,orion,bridge
12,10.0,9,8,12,67,0.4,125,595,10,60.0,5,240,12->9(1x),11.2741,0.0,0.0,eye,bridge
13,10.0,8,9,22,2,0.458,65,395,9,66.7,5,275,13->133(1x),3.8244,0.0,0.0,loch,bridge
14,10.0,13,8,31,31,0.4,125,365,14,42.9,5,240,14->41(2x),11.2434,0.0,0.0,maia nartoomid,bridge
15,10.0,6,7,22,2,0.442,120,430,7,85.7,5,265,15->114(1x),11.1564,0.0,0.0,god,bridge
16,10.0,8,5,16,48,0.592,125,580,9,66.7,5,355,19->16(2x),11.2477,0.0,0.0,doors,bridge
17,10.0,13,9,31,31,0.408,105,360,14,42.9,10,245,14->28(2x),9.5911,0.0,0.0,star lineages,bridge
18,10.0,8,7,18,48,0.367,110,525,9,66.7,10,220,18->70(1x),10.1315,0.0,0.0,adam kadmon,bridge
19,10.0,9,6,79,67,0.467,165,595,10,60.0,5,240,67->9(2x),13.2553,0.0,0.0,new earth star,spirit
20,10.0,9,5,6,6,0.658,105,535,10,60.0,10,300,6->7(3x),9.628,0.0,0.0,horus,bridge
21,10.0,3,4,138,138,0.758,105,150,4,150.0,20,455,21->71(1x),9.663,0.0,0.0,skull,bridge
22,10.0,9,3,2,2,0.683,160,580,10,60.0,5,305,2->90(4x),12.9661,0.0,0.0,christic,spirit
23,10.0,10,6,31,31,0.325,145,410,11,54.5,5,195,27->28(2x),12.6643,0.0,0.0,light codes,tech
24,10.0,5,6,22,2,0.442,120,430,6,100.0,5,265,24->75(1x),11.1594,0.0,0.0,inner earth,bridge
25,10.0,17,10,22,22,0.375,120,500,18,33.3,5,115,67->22(3x),11.1195,0.0,0.0,blue star,bridge
26,10.0,9,8,26,48,0.617,125,580,10,60.0,5,370,26->18(1x),11.2094,0.0,0.0,dna,bridge
27,10.0,11,8,31,31,0.467,95,325,12,50.0,5,280,27->14(2x),8.9572,0.0,0.0,activation rite,bridge
28,10.0,3,3,51,51,0.767,130,150,4,150.0,5,455,28->51(1x),12.1182,0.0,0.0,akashic practice,spirit
29,10.0,5,6,22,2,0.442,125,430,6,100.0,5,265,29->32(1x),11.2444,0.0,0.0,pyramid,bridge
30,10.0,13,8,31,31,0.4,125,365,14,42.9,5,240,30->41(2x),11.2434,0.0,0.0,templar,bridge
31,10.0,3,3,138,138,0.717,165,185,4,150.0,10,420,31->138(1x),13.2691,0.0,0.0,thothhorra,spirit
32,10.0,4,5,22,2,0.4,110,400,5,120.0,20,240,32->29(1x),10.1961,0.0,0.0,great pyramid,bridge
33,10.0,7,6,33,67,0.583,80,520,8,75.0,10,330,33->106(1x),6.6206,0.0,0.0,johannine,bridge
34,10.0,3,4,138,138,0.758,105,150,4,150.0,20,455,34->71(1x),9.699,0.0,0.0,crystal skull,bridge
35,10.0,7,7,22,2,0.442,120,535,8,75.0,10,265,35->91(1x),11.1683,0.0,0.0,mother,bridge
36,10.0,10,8,36,31,0.433,95,560,11,54.5,10,240,2->31(2x),9.0063,0.0,0.0,templa mar,bridge
37,10.0,9,7,37,2,0.533,120,560,10,60.0,5,300,2->22(2x),11.1623,0.0,0.0,master,bridge
38,10.0,8,8,38,2,0.5,120,595,9,66.7,5,300,38->107(1x),11.1502,0.0,0.0,mystery,bridge
39,10.0,8,5,90,2,0.617,115,535,9,66.7,5,310,2->90(3x),10.6752,0.0,0.0,yeshua,bridge
40,10.0,5,6,22,2,0.5,120,465,6,100.0,5,300,40->117(1x),11.1637,0.0,0.0,pure gem,bridge
41,10.0,12,10,31,31,0.408,115,360,13,46.2,5,245,41->14(2x),10.6865,0.0,0.0,lineages,bridge
42,10.0,10,7,42,2,0.325,120,580,11,54.5,5,195,22->42(2x),11.1501,0.0,0.0,gate,bridge
43,10.0,5,6,22,2,0.442,120,430,6,100.0,5,265,43->83(1x),11.167,0.0,0.0,flame,bridge
44,10.0,7,6,44,138,0.6,115,555,8,75.0,5,345,44->34(1x),10.6157,0.0,0.0,dweller,bridge
45,10.0,3,4,138,138,0.758,105,150,4,150.0,20,455,45->71(1x),9.6605,0.0,0.0,crystal skulls,bridge
46,10.0,5,6,22,2,0.5,120,465,6,100.0,5,300,46->65(1x),11.1577,0.0,0.0,atlantis,bridge
47,10.0,8,7,47,48,0.592,125,560,9,66.7,5,355,47->6(1x),11.2504,0.0,0.0,of light,bridge
48,10.0,3,4,82,6,0.7,165,600,4,150.0,5,420,48->6(1x),13.2632,0.0,0.0,merkabah,spirit
49,10.0,4,5,31,31,0.7,125,185,5,120.0,5,420,49->66(1x),11.2571,0.0,0.0,love,bridge
50,10.0,8,6,50,2,0.442,120,585,9,66.7,5,265,22->50(2x),11.1623,0.0,0.0,grace,bridge
51,10.0,3,3,28,28,0.767,130,150,4,150.0,5,455,51->28(1x),12.1182,0.0,0.0,rite akashic,spirit
52,10.0,5,6,22,2,0.467,165,500,6,100.0,10,280,52->29(1x),13.1963,0.0,0.0,temple of,spirit
53,10.0,5,6,22,2,0.442,120,430,6,100.0,5,265,53->122(1x),11.1928,0.0,0.0,lion,bridge
54,10.0,6,6,54,2,0.442,120,595,7,85.7,10,265,54->88(1x),11.1652,0.0,0.0,matter,bridge
55,10.0,6,7,22,2,0.442,120,430,7,85.7,5,265,55->101(1x),11.1809,0.0,0.0,sun,bridge
56,10.0,3,4,138,138,0.758,105,150,4,150.0,20,455,56->71(1x),9.6605,0.0,0.0,skulls,bridge
57,10.0,6,6,57,2,0.442,120,600,7,85.7,5,265,57->62(1x),11.1556,0.0,0.0,blood,bridge
58,10.0,6,7,31,2,0.283,165,440,7,85.7,10,170,58->70(1x),13.1817,0.0,0.0,metatronic,spirit
59,10.0,5,5,59,31,0.667,125,590,6,100.0,15,400,59->111(1x),11.2596,0.0,0.0,tree,bridge
60,10.0,6,6,60,2,0.558,120,590,7,85.7,10,335,60->66(1x),11.1226,0.0,0.0,self,bridge
61,10.0,6,6,61,2,0.442,120,600,7,85.7,5,265,61->127(1x),11.1259,0.0,0.0,old,bridge
62,10.0,7,8,22,2,0.467,95,430,8,75.0,5,280,62->57(1x),9.0635,0.0,0.0,king,bridge
63,10.0,9,9,22,2,0.5,120,535,10,60.0,5,300,63->13(1x),11.1494,0.0,0.0,set,bridge
64,10.0,5,6,22,22,0.817,70,115,6,100.0,5,490,64->25(1x),4.4357,0.0,0.0,john,bridge
65,10.0,5,6,31,2,0.442,120,430,6,100.0,5,265,65->46(1x),11.0878,0.0,0.0,atlantean,bridge
66,10.0,13,7,66,2,0.475,95,560,14,42.9,5,285,31->90(4x),8.7548,0.0,0.0,jesus,bridge
67,10.0,9,6,82,19,0.475,165,600,10,60.0,5,240,19->9(2x),13.251,0.0,0.0,spirit heart,spirit
68,10.0,4,4,68,31,0.667,125,595,5,120.0,10,400,68->138(1x),11.2506,0.0,0.0,nature,bridge
69,10.0,18,8,69,19,0.342,125,600,19,31.6,5,200,10->6(4x),11.3814,0.0,0.0,heart sanctuary,bridge
70,10.0,9,9,31,2,0.408,115,500,10,60.0,5,220,70->18(1x),10.6559,0.0,0.0,adam,bridge
71,10.0,4,5,138,138,0.7,125,185,5,120.0,15,420,71->34(1x),11.1773,0.0,0.0,crystal,bridge
72,10.0,17,6,72,6,0.467,80,545,18,33.3,5,190,6->67(5x),6.24,0.0,0.0,isis eye,bridge
73,10.0,6,7,31,31,0.467,95,325,7,85.7,5,280,73->35(1x),9.0187,0.0,0.0,mari,bridge
74,10.0,5,6,22,2,0.442,120,430,6,100.0,5,265,74->105(1x),11.1837,0.0,0.0,egypt,bridge
75,10.0,4,5,22,2,0.467,115,435,5,120.0,10,280,75->24(1x),10.622,0.0,0.0,central,bridge
76,10.0,11,9,76,2,0.442,120,585,12,50.0,5,265,22->76(2x),11.1118,0.0,0.0,logos,bridge
77,10.0,11,8,31,31,0.467,95,325,12,50.0,5,280,77->14(2x),8.9572,0.0,0.0,temporal alchemy,bridge
78,10.0,6,6,78,2,0.442,120,590,7,85.7,10,265,78->13(1x),11.1202,0.0,0.0,knowledge,bridge
79,10.0,10,11,31,19,0.458,25,395,11,54.5,5,275,79->126(1x),0.0171,0.0,0.0,par,bridge
80,10.0,5,6,22,2,0.45,115,430,6,100.0,10,270,80->101(1x),10.5962,0.0,0.0,city,bridge
81,10.0,11,8,31,31,0.467,95,325,12,50.0,5,280,81->14(2x),8.9572,0.0,0.0,alchemy star,bridge
82,10.0,8,8,82,31,0.45,25,490,9,66.7,5,270,82->126(1x),0.0153,0.0,0.0,johannine grove,bridge
83,10.0,7,6,83,138,0.417,115,590,8,75.0,5,245,83->43(1x),10.7251,0.0,0.0,rose,bridge
84,10.0,17,8,84,22,0.333,120,565,18,33.3,5,200,94->2(5x),11.1556,0.0,0.0,mysteries,bridge
85,10.0,7,7,6,19,0.475,110,540,8,75.0,5,285,85->39(1x),10.1231,0.0,0.0,tehuti,bridge
86,10.0,7,7,22,2,0.5,120,535,8,75.0,10,300,86->116(1x),11.1457,0.0,0.0,black,bridge
87,10.0,15,8,87,87,0.267,120,560,16,37.5,5,160,94->2(4x),11.1572,0.0,0.0,crystals,bridge
88,10.0,4,5,19,19,0.558,115,270,5,120.0,20,335,88->124(1x),10.6639,0.0,0.0,prima matra,bridge
89,10.0,9,10,31,67,0.533,25,440,10,60.0,5,320,89->126(1x),0.0164,0.0,0.0,mystery school,bridge
90,10.0,7,6,22,22,0.458,50,330,8,75.0,5,275,78->94(2x),0.0765,0.0,0.0,christine hayes,spirit
91,10.0,8,8,91,31,0.45,115,560,9,66.7,10,270,91->35(1x),10.5712,0.0,0.0,goddess,bridge
92,10.0,8,9,31,31,0.525,55,290,9,66.7,5,315,92->102(1x),1.2558,0.0,0.0,plain,bridge
93,10.0,8,7,93,94,0.433,115,560,9,66.7,10,260,93->45(1x),10.6916,0.0,0.0,lotus,bridge
94,10.0,19,4,31,138,0.408,155,575,20,30.0,5,150,138->90(5x),12.711,0.0,0.0,christos,spirit
95,10.0,9,8,95,2,0.5,120,600,10,60.0,5,300,95->114(1x),11.1506,0.0,0.0,book,bridge
96,10.0,8,7,96,48,0.367,110,520,9,66.7,10,220,96->70(1x),10.1315,0.0,0.0,kadmon,bridge
97,10.0,6,7,94,94,0.7,115,185,7,85.7,5,420,97->119(1x),10.6084,0.0,0.0,queen,bridge
98,10.0,18,6,98,10,0.275,95,560,19,31.6,5,125,19->6(5x),8.9039,0.0,0.0,simeon,bridge
99,10.0,5,6,22,22,0.392,120,370,6,100.0,10,235,99->36(1x),11.1793,0.0,0.0,grid,bridge
100,10.0,5,6,22,2,0.442,120,430,6,100.0,10,265,100->62(1x),11.1663,0.0,0.0,name,bridge
101,10.0,4,5,22,2,0.458,115,430,5,120.0,15,275,101->55(1x),10.6427,0.0,0.0,the sun,bridge
102,10.0,9,7,102,2,0.442,120,580,10,60.0,5,265,22->102(2x),11.1109,0.0,0.0,presence,bridge
103,10.0,4,5,31,31,0.7,115,185,5,120.0,10,420,103->36(1x),10.6909,0.0,0.0,sea,bridge
104,10.0,9,9,104,31,0.558,30,485,10,60.0,5,335,104->35(1x),0.0272,0.0,0.0,church,bridge
105,10.0,7,7,105,2,0.45,115,560,8,75.0,5,270,105->4(1x),10.6521,0.0,0.0,egyptian,bridge
106,10.0,6,6,106,67,0.508,125,560,7,85.7,10,305,106->115(1x),11.2313,0.0,0.0,free information,bridge
107,10.0,8,8,22,48,0.517,60,465,9,66.7,5,310,107->8(1x),1.6279,0.0,0.0,holorian,bridge
108,10.0,7,7,108,2,0.442,120,595,8,75.0,5,265,108->13(1x),11.1109,0.0,0.0,space,bridge
109,10.0,9,7,109,2,0.442,120,580,10,60.0,5,265,22->109(2x),11.1109,0.0,0.0,high,bridge
110,10.0,7,7,110,2,0.5,120,595,8,75.0,5,300,110->13(1x),11.1119,0.0,0.0,forms,bridge
111,10.0,5,6,31,31,0.675,115,200,6,100.0,5,405,111->59(1x),10.5563,0.0,0.0,mar,bridge
112,10.0,11,8,31,31,0.4,125,365,12,50.0,5,240,112->113(2x),11.2438,0.0,0.0,rite,bridge
113,10.0,11,8,31,31,0.4,125,365,12,50.0,5,240,113->112(2x),11.2438,0.0,0.0,practice,bridge
114,10.0,5,6,22,2,0.5,90,430,6,100.0,5,300,114->53(1x),8.1585,0.0,0.0,lord,bridge
115,10.0,6,6,115,67,0.508,125,560,7,85.7,10,305,115->106(1x),11.2313,0.0,0.0,please support,bridge
116,10.0,4,5,31,31,0.758,100,150,5,120.0,5,455,116->86(1x),9.1037,0.0,0.0,lady,bridge
117,10.0,5,6,22,2,0.5,120,465,6,100.0,5,300,117->40(1x),11.1634,0.0,0.0,gem,bridge
118,10.0,8,9,136,48,0.542,65,535,9,66.7,5,325,118->65(1x),3.8787,0.0,0.0,mazur,bridge
119,10.0,7,5,119,138,0.592,125,550,8,75.0,5,340,138->119(2x),11.2321,0.0,0.0,kyi,bridge
120,10.0,16,11,22,22,0.392,100,370,17,35.3,5,235,2->94(4x),9.5539,0.0,0.0,sirius,bridge
121,10.0,5,6,22,22,0.375,115,380,6,100.0,10,225,121->25(1x),10.631,0.0,0.0,valley,bridge
122,10.0,7,6,22,2,0.542,115,500,8,75.0,10,310,2->22(2x),10.5405,0.0,0.0,lords,bridge
123,10.0,7,6,123,48,0.6,125,590,8,75.0,5,360,123->6(1x),11.2138,0.0,0.0,journey,bridge
124,10.0,6,6,124,2,0.442,120,600,7,85.7,5,265,124->88(1x),11.1577,0.0,0.0,dragon,bridge
125,10.0,9,9,22,2,0.5,120,535,10,60.0,5,300,125->13(1x),11.1494,0.0,0.0,individual,bridge
126,10.0,6,7,138,2,0.583,50,465,7,85.7,5,350,126->46(1x),0.0724,0.0,0.0,melchizedek,bridge
127,10.0,7,6,22,2,0.5,115,465,8,75.0,5,280,2->22(2x),10.627,0.0,0.0,age,bridge
128,10.0,7,5,128,2,0.392,100,545,8,75.0,5,235,22->128(2x),9.5727,0.0,0.0,stone,bridge
129,10.0,4,4,129,138,0.8,80,600,5,120.0,5,480,129->119(1x),6.2084,0.0,0.0,dweller crystal,bridge
130,10.0,9,7,130,2,0.442,120,580,10,60.0,5,265,22->130(2x),11.1109,0.0,0.0,level,bridge
131,10.0,6,6,131,67,0.508,125,560,7,85.7,10,305,131->106(1x),11.2313,0.0,0.0,non profitset,bridge
132,10.0,7,7,132,31,0.442,100,525,8,75.0,10,265,132->43(1x),9.5323,0.0,0.0,magdalene,bridge
133,10.0,6,6,133,2,0.442,120,600,7,85.7,5,265,133->120(1x),11.133,0.0,0.0,stars,bridge
134,10.0,6,5,90,94,0.617,115,535,7,85.7,5,340,94->90(2x),10.7373,0.0,0.0,island,bridge
135,10.0,8,7,135,2,0.442,120,600,9,66.7,5,265,135->13(1x),11.1554,0.0,0.0,moon,bridge
136,10.0,14,6,6,10,0.283,125,570,15,40.0,5,120,19->10(3x),11.8278,0.0,0.0,maia christianne,spirit
137,10.0,7,7,137,2,0.5,120,595,8,75.0,5,300,137->13(1x),11.1119,0.0,0.0,state,bridge
138,10.0,1,2,31,31,0.75,155,155,2,300.0,150,450,138->31(1x),12.7999,0.0,0.0,thothhorra khandr,spirit
139,10.0,10,7,139,19,0.433,125,590,11,54.5,5,240,19->6(2x),11.2595,0.0,0.0,sanctuary,bridge
140,10.0,8,8,67,67,0.517,120,500,9,66.7,5,205,140->20(1x),11.0954,0.0,0.0,dynamic,bridge
1,15.0,13,10,1,2,0.283,95,595,14,42.9,5,170,48->1(2x),5.265,0.0,0.0,grail,bridge
2,15.0,12,3,90,22,0.692,130,570,13,46.2,5,265,22->90(6x),6.808,0.0,0.0,christ,spirit
3,15.0,12,7,3,7,0.425,90,580,13,46.2,5,255,67->3(3x),4.9031,0.0,0.0,isis,bridge
4,15.0,9,6,4,2,0.475,100,555,10,60.0,5,200,2->4(2x),5.2967,0.0,0.0,osiris,bridge
5,15.0,12,6,5,67,0.567,105,580,13,46.2,5,315,6->5(3x),5.552,0.0,0.0,earth star,bridge
6,15.0,4,4,48,48,0.808,100,535,5,120.0,5,415,6->47(1x),5.9025,0.0,0.0,temple doors,spirit
7,15.0,15,6,6,19,0.525,120,575,16,37.5,5,245,19->9(3x),6.3376,0.0,0.0,numis'om,spirit
8,15.0,7,4,8,2,0.733,100,590,8,75.0,10,410,2->8(2x),5.3216,0.0,0.0,ark,bridge
9,15.0,8,7,19,7,0.375,125,570,9,66.7,5,210,9->7(1x),6.6251,0.0,0.0,metatron,spirit
10,15.0,17,7,9,136,0.45,130,570,18,33.3,5,260,19->67(3x),6.8003,0.0,0.0,venus,spirit
11,15.0,4,4,2,2,0.783,100,150,5,120.0,10,455,11->120(1x),5.3362,0.0,0.0,orion,bridge
12,15.0,10,6,12,67,0.567,100,555,11,54.5,5,295,67->12(2x),5.4041,0.0,0.0,eye,bridge
13,15.0,6,7,2,2,0.817,55,115,7,85.7,5,490,13->133(1x),0.5046,0.0,0.0,loch,bridge
14,15.0,13,6,7,7,0.525,100,290,14,42.9,5,315,112->28(4x),5.3678,0.0,0.0,maia nartoomid,bridge
15,15.0,10,5,15,2,0.733,100,585,11,54.5,5,380,2->15(3x),5.3182,0.0,0.0,god,bridge
16,15.0,12,6,16,48,0.733,100,585,13,46.2,5,345,48->16(3x),5.3844,0.0,0.0,doors,bridge
17,15.0,15,6,19,19,0.35,85,395,16,37.5,5,210,28->14(3x),4.2002,0.0,0.0,star lineages,bridge
18,15.0,9,6,18,48,0.467,90,555,10,60.0,5,195,48->18(2x),4.5923,0.0,0.0,adam kadmon,bridge
19,15.0,9,6,9,7,0.375,130,570,10,60.0,5,220,67->82(2x),6.8209,0.0,0.0,new earth star,spirit
20,15.0,2,3,6,6,0.808,85,120,3,200.0,35,485,20->4(1x),4.2399,0.0,0.0,horus,bridge
21,15.0,7,3,21,138,0.742,85,585,8,75.0,5,405,138->21(3x),4.261,0.0,0.0,skull,bridge
22,15.0,6,4,90,2,0.725,125,570,7,85.7,5,385,2->90(2x),6.6178,0.0,0.0,christic,spirit
23,15.0,9,6,19,19,0.35,110,395,10,60.0,10,210,28->14(3x),6.3738,0.0,0.0,light codes,tech
24,15.0,7,4,24,2,0.75,100,590,8,75.0,5,415,2->24(2x),5.3198,0.0,0.0,inner earth,bridge
25,15.0,8,8,138,7,0.35,100,465,9,66.7,5,210,25->121(1x),5.2892,0.0,0.0,blue star,bridge
26,15.0,8,5,26,48,0.717,100,590,9,66.7,5,410,48->26(2x),5.3544,0.0,0.0,dna,bridge
27,15.0,12,6,19,19,0.383,80,375,13,46.2,5,230,14->28(4x),3.7614,0.0,0.0,activation rite,bridge
28,15.0,1,2,51,51,0.817,115,115,2,300.0,110,490,28->51(1x),6.003,0.0,0.0,akashic practice,spirit
29,15.0,6,4,29,2,0.733,100,595,7,85.7,5,415,2->29(2x),5.3803,0.0,0.0,pyramid,bridge
30,15.0,13,6,7,7,0.525,100,290,14,42.9,5,315,112->28(4x),5.3678,0.0,0.0,templar,bridge
31,15.0,3,3,138,138,0.775,130,150,4,150.0,10,455,31->138(1x),6.834,0.0,0.0,thothhorra,spirit
32,15.0,3,4,2,2,0.758,90,150,4,150.0,30,455,32->29(1x),4.6378,0.0,0.0,great pyramid,bridge
33,15.0,9,6,33,67,0.367,65,520,10,60.0,5,170,67->33(2x),2.2103,0.0,0.0,johannine,bridge
34,15.0,5,3,34,138,0.7,85,555,6,100.0,10,400,138->34(2x),4.2837,0.0,0.0,crystal skull,bridge
35,15.0,6,5,35,2,0.767,100,600,7,85.7,5,450,35->91(1x),5.3256,0.0,0.0,mother,bridge
36,15.0,10,7,36,2,0.717,80,590,11,54.5,5,310,2->36(2x),3.8098,0.0,0.0,templa mar,bridge
37,15.0,9,5,37,2,0.642,100,550,10,60.0,5,345,2->37(3x),5.3226,0.0,0.0,master,bridge
38,15.0,8,4,38,2,0.767,100,595,9,66.7,5,415,2->38(2x),5.3147,0.0,0.0,mystery,bridge
39,15.0,4,5,90,2,0.692,95,535,5,120.0,5,415,39->22(1x),4.975,0.0,0.0,yeshua,bridge
40,15.0,7,4,40,2,0.742,100,590,8,75.0,5,410,2->40(2x),5.3225,0.0,0.0,pure gem,bridge
41,15.0,12,5,7,7,0.558,95,290,13,46.2,10,315,28->112(4x),4.9712,0.0,0.0,lineages,bridge
42,15.0,8,5,42,2,0.608,100,555,9,66.7,10,350,22->42(2x),5.3124,0.0,0.0,gate,bridge
43,15.0,8,4,43,2,0.692,100,580,9,66.7,5,380,2->43(3x),5.3246,0.0,0.0,flame,bridge
44,15.0,11,6,44,138,0.7,90,585,12,50.0,5,380,138->44(3x),4.9291,0.0,0.0,dweller,bridge
45,15.0,5,3,45,138,0.708,85,555,6,100.0,5,405,138->45(2x),4.259,0.0,0.0,crystal skulls,bridge
46,15.0,7,4,46,2,0.758,100,595,8,75.0,5,415,2->46(2x),5.318,0.0,0.0,atlantis,bridge
47,15.0,12,6,47,48,0.725,100,580,13,46.2,5,345,48->47(3x),5.3858,0.0,0.0,of light,bridge
48,15.0,5,4,6,6,0.767,130,570,6,100.0,5,415,48->6(1x),6.8264,0.0,0.0,merkabah,spirit
49,15.0,8,4,49,31,0.617,100,590,9,66.7,10,330,94->31(2x),5.3911,0.0,0.0,love,bridge
50,15.0,7,4,50,2,0.733,100,590,8,75.0,10,410,2->50(2x),5.3216,0.0,0.0,grace,bridge
51,15.0,1,2,28,28,0.817,115,115,2,300.0,110,490,51->28(1x),6.003,0.0,0.0,rite akashic,spirit
52,15.0,10,5,52,2,0.55,130,555,11,54.5,5,290,2->7(2x),6.7885,0.0,0.0,temple of,spirit
53,15.0,5,4,53,2,0.75,100,595,6,100.0,5,445,53->122(1x),5.3417,0.0,0.0,lion,bridge
54,15.0,6,5,54,2,0.767,100,600,7,85.7,5,450,54->88(1x),5.3234,0.0,0.0,matter,bridge
55,15.0,4,4,2,2,0.767,100,150,5,120.0,5,455,55->101(1x),5.3336,0.0,0.0,sun,bridge
56,15.0,5,3,56,138,0.708,85,555,6,100.0,5,405,138->56(2x),4.259,0.0,0.0,skulls,bridge
57,15.0,4,4,2,2,0.792,100,150,5,120.0,5,455,57->62(1x),5.3173,0.0,0.0,blood,bridge
58,15.0,5,6,138,2,0.292,130,500,6,100.0,25,175,58->70(1x),6.7774,0.0,0.0,metatronic,spirit
59,15.0,6,4,59,31,0.575,100,595,7,85.7,10,330,94->31(2x),5.3925,0.0,0.0,tree,bridge
60,15.0,7,5,60,2,0.667,100,555,8,75.0,5,380,2->60(2x),5.2938,0.0,0.0,self,bridge
61,15.0,7,4,61,2,0.733,100,590,8,75.0,10,410,2->61(2x),5.2957,0.0,0.0,old,bridge
62,15.0,3,4,2,2,0.808,80,120,4,150.0,5,485,62->57(1x),3.8494,0.0,0.0,king,bridge
63,15.0,8,4,63,2,0.758,100,590,9,66.7,5,410,2->63(2x),5.3143,0.0,0.0,set,bridge
64,15.0,7,4,64,22,0.742,55,555,8,75.0,5,410,22->64(2x),0.8606,0.0,0.0,john,bridge
65,15.0,10,7,65,2,0.517,95,555,11,54.5,5,230,2->65(2x),5.2684,0.0,0.0,atlantean,bridge
66,15.0,8,5,66,2,0.633,75,550,9,66.7,5,380,66->90(2x),3.6387,0.0,0.0,jesus,bridge
67,15.0,6,6,9,7,0.375,130,570,7,85.7,5,220,67->7(1x),6.8177,0.0,0.0,spirit heart,spirit
68,15.0,4,4,68,31,0.542,100,595,5,120.0,10,325,68->138(1x),5.3869,0.0,0.0,nature,bridge
69,15.0,8,6,69,19,0.575,100,555,9,66.7,5,345,6->69(2x),5.48,0.0,0.0,heart sanctuary,bridge
70,15.0,11,6,70,2,0.492,95,585,12,50.0,5,190,2->70(3x),4.9621,0.0,0.0,adam,bridge
71,15.0,5,5,138,138,0.75,100,155,6,100.0,5,450,71->34(1x),5.3244,0.0,0.0,crystal,bridge
72,15.0,11,6,72,6,0.542,65,550,12,50.0,5,275,72->6(2x),1.9652,0.0,0.0,isis eye,bridge
73,15.0,6,6,31,2,0.558,80,465,7,85.7,5,315,73->35(1x),3.8173,0.0,0.0,mari,bridge
74,15.0,4,4,74,2,0.75,100,600,5,120.0,5,450,74->105(1x),5.3359,0.0,0.0,egypt,bridge
75,15.0,4,4,2,2,0.792,90,150,5,120.0,5,455,75->24(1x),4.9397,0.0,0.0,central,bridge
76,15.0,10,6,76,2,0.683,100,555,11,54.5,5,380,2->76(2x),5.2865,0.0,0.0,logos,bridge
77,15.0,12,6,19,19,0.383,80,375,13,46.2,5,230,14->28(4x),3.7614,0.0,0.0,temporal alchemy,bridge
78,15.0,11,6,78,2,0.675,100,580,12,50.0,5,380,2->78(3x),5.2915,0.0,0.0,knowledge,bridge
79,15.0,8,8,19,19,0.675,25,200,9,66.7,5,405,79->126(1x),0.0055,0.0,0.0,par,bridge
80,15.0,4,4,2,2,0.792,90,150,5,120.0,5,455,80->101(1x),4.9202,0.0,0.0,city,bridge
81,15.0,12,6,19,19,0.383,80,375,13,46.2,5,230,14->28(4x),3.7614,0.0,0.0,alchemy star,bridge
82,15.0,8,8,138,138,0.467,20,325,9,66.7,5,280,82->126(1x),0.0051,0.0,0.0,johannine grove,bridge
83,15.0,7,3,83,138,0.683,95,550,8,75.0,5,370,138->83(3x),5.0129,0.0,0.0,rose,bridge
84,15.0,29,6,84,2,0.475,100,585,30,20.0,5,95,2->94(10x),5.3183,0.0,0.0,mysteries,bridge
85,15.0,10,5,85,19,0.675,90,580,11,54.5,5,340,19->85(3x),4.5888,0.0,0.0,tehuti,bridge
86,15.0,7,4,86,2,0.758,100,590,8,75.0,5,415,2->86(2x),5.3108,0.0,0.0,black,bridge
87,15.0,23,6,87,2,0.525,100,590,24,25.0,5,105,2->94(8x),5.3189,0.0,0.0,crystals,bridge
88,15.0,9,5,19,136,0.425,95,500,10,60.0,5,250,136->19(2x),4.968,0.0,0.0,prima matra,bridge
89,15.0,10,10,67,67,0.633,20,225,11,54.5,5,380,89->126(1x),0.0054,0.0,0.0,mystery school,bridge
90,15.0,5,6,22,2,0.7,50,500,6,100.0,5,420,90->94(1x),0.0278,0.0,0.0,christine hayes,spirit
91,15.0,12,9,91,31,0.358,90,555,13,46.2,5,140,31->91(2x),4.9011,0.0,0.0,goddess,bridge
92,15.0,19,7,92,2,0.408,50,520,20,30.0,5,140,138->2(5x),0.0322,0.0,0.0,plain,bridge
93,15.0,12,5,93,31,0.6,95,585,13,46.2,5,260,31->93(3x),4.9856,0.0,0.0,lotus,bridge
94,15.0,24,3,90,138,0.633,120,570,25,24.0,5,115,138->90(12x),6.4283,0.0,0.0,christos,spirit
95,15.0,8,5,95,2,0.75,100,590,9,66.7,5,410,2->95(2x),5.3144,0.0,0.0,book,bridge
96,15.0,9,6,96,48,0.467,90,555,10,60.0,5,195,48->96(2x),4.5923,0.0,0.0,kadmon,bridge
97,15.0,9,7,97,94,0.55,90,555,10,60.0,5,310,94->97(2x),4.9252,0.0,0.0,queen,bridge
98,15.0,23,6,6,19,0.417,80,500,24,25.0,10,105,19->6(9x),3.748,0.0,0.0,simeon,bridge
99,15.0,24,5,94,94,0.425,100,500,25,24.0,5,105,94->2(10x),5.3338,0.0,0.0,grid,bridge
100,15.0,8,5,100,2,0.758,100,590,9,66.7,5,415,2->100(2x),5.3245,0.0,0.0,name,bridge
101,15.0,4,4,2,2,0.792,90,150,5,120.0,5,455,101->55(1x),4.9526,0.0,0.0,the sun,bridge
102,15.0,8,6,102,2,0.767,100,600,9,66.7,5,450,102->13(1x),5.2857,0.0,0.0,presence,bridge
103,15.0,6,5,31,31,0.608,95,260,7,85.7,5,345,94->31(2x),4.9883,0.0,0.0,sea,bridge
104,15.0,16,12,104,48,0.392,30,490,17,35.3,5,235,31->104(2x),0.0083,0.0,0.0,church,bridge
105,15.0,7,4,105,2,0.75,90,595,8,75.0,5,415,2->105(2x),4.9581,0.0,0.0,egyptian,bridge
106,15.0,13,9,106,67,0.317,100,550,14,42.9,5,160,67->106(2x),5.361,0.0,0.0,free information,bridge
107,15.0,10,7,107,48,0.658,50,520,11,54.5,5,345,48->107(2x),0.0338,0.0,0.0,holorian,bridge
108,15.0,8,6,108,2,0.767,100,600,9,66.7,5,450,108->13(1x),5.2857,0.0,0.0,space,bridge
109,15.0,8,6,109,2,0.767,100,600,9,66.7,5,450,109->13(1x),5.2857,0.0,0.0,high,bridge
110,15.0,10,6,110,2,0.675,100,555,11,54.5,5,375,2->110(2x),5.2861,0.0,0.0,forms,bridge
111,15.0,11,8,111,31,0.408,90,550,12,50.0,5,170,31->111(2x),4.8915,0.0,0.0,mar,bridge
112,15.0,12,5,7,7,0.525,100,290,13,46.2,10,315,28->14(5x),5.368,0.0,0.0,rite,bridge
113,15.0,12,5,7,7,0.525,100,290,13,46.2,10,315,28->14(5x),5.368,0.0,0.0,practice,bridge
114,15.0,7,5,114,2,0.717,75,555,8,75.0,5,410,2->114(2x),3.2308,0.0,0.0,lord,bridge
115,15.0,13,9,115,67,0.317,100,550,14,42.9,5,160,67->115(2x),5.361,0.0,0.0,please support,bridge
116,15.0,4,5,31,31,0.792,80,130,5,120.0,5,475,116->86(1x),3.8784,0.0,0.0,lady,bridge
117,15.0,7,4,117,2,0.742,100,590,8,75.0,5,415,2->117(2x),5.3222,0.0,0.0,gem,bridge
118,15.0,12,7,118,48,0.675,55,545,13,46.2,5,345,48->118(3x),0.5413,0.0,0.0,mazur,bridge
119,15.0,10,5,119,138,0.608,100,555,11,54.5,5,275,71->138(2x),5.3616,0.0,0.0,kyi,bridge
120,15.0,20,9,94,94,0.55,85,465,21,28.6,5,140,2->94(5x),4.1869,0.0,0.0,sirius,bridge
121,15.0,14,6,94,94,0.633,90,465,15,40.0,5,170,94->2(4x),4.9459,0.0,0.0,valley,bridge
122,15.0,8,6,122,2,0.708,90,585,9,66.7,5,410,2->122(2x),4.8789,0.0,0.0,lords,bridge
123,15.0,10,6,123,48,0.75,100,590,11,54.5,5,345,48->123(2x),5.36,0.0,0.0,journey,bridge
124,15.0,6,5,124,2,0.758,100,595,7,85.7,5,445,124->88(1x),5.3189,0.0,0.0,dragon,bridge
125,15.0,8,4,125,2,0.758,100,590,9,66.7,5,410,2->125(2x),5.3143,0.0,0.0,individual,bridge
126,15.0,8,5,126,2,0.717,40,520,9,66.7,5,410,2->126(2x),0.0191,0.0,0.0,melchizedek,bridge
127,15.0,4,4,2,2,0.792,90,150,5,120.0,5,455,127->61(1x),4.9424,0.0,0.0,age,bridge
128,15.0,10,5,128,2,0.667,85,580,11,54.5,5,310,2->128(3x),4.201,0.0,0.0,stone,bridge
129,15.0,8,5,129,138,0.667,65,520,9,66.7,5,380,138->129(2x),1.94,0.0,0.0,dweller crystal,bridge
130,15.0,8,6,130,2,0.767,100,600,9,66.7,5,450,130->13(1x),5.2857,0.0,0.0,level,bridge
131,15.0,13,9,131,67,0.317,100,550,14,42.9,5,160,67->131(2x),5.361,0.0,0.0,non profitset,bridge
132,15.0,12,10,138,138,0.333,80,465,13,46.2,5,185,138->82(2x),4.173,0.0,0.0,magdalene,bridge
133,15.0,11,6,133,2,0.7,100,580,12,50.0,5,380,2->133(3x),5.3001,0.0,0.0,stars,bridge
134,15.0,3,4,90,94,0.7,95,570,4,150.0,35,420,134->31(1x),5.0235,0.0,0.0,island,bridge
135,15.0,12,6,135,2,0.717,100,585,13,46.2,5,380,2->135(3x),5.3181,0.0,0.0,moon,bridge
136,15.0,17,7,10,10,0.458,95,570,18,33.3,5,170,19->10(5x),5.7758,0.0,0.0,maia christianne,spirit
137,15.0,10,6,137,2,0.675,100,555,11,54.5,5,375,2->137(2x),5.2861,0.0,0.0,state,bridge
138,15.0,1,2,31,31,0.8,125,125,2,300.0,120,480,138->31(1x),6.4901,0.0,0.0,thothhorra khandr,spirit
139,15.0,9,7,139,19,0.458,100,555,10,60.0,5,270,139->69(1x),5.3943,0.0,0.0,sanctuary,bridge
140,15.0,11,8,140,7,0.383,95,595,12,50.0,5,230,67->140(2x),5.2742,0.0,0.0,dynamic,bridge
