schema,runId,runIndex,repIndex,wantId,pressCUsed,baseDampUsed,busThreshUsed,ampB,ampD,ampSum,totalTicks,windowMs,dt,everyMs,onset114_tick,peak114_tick,peak114_abs,onset136_tick,peak136_tick,peak136_abs,outcome,winner,peakSumAbsFlux,peakSumAtTick,peakSumAtMs,peakSumMeanAbsP,peakMaxAbsEdgeFlux,peakEdgeIndex,peakEdgeFrom,peakEdgeTo,peakEdgeFlux,peakConcentration,visibilityStateStart,wasHidden,lateAbsAvgMs,lateAbsP95Ms,lateAbsMaxMs,missedTicks
3.11.16m_fineBoundarySigmoidMap_v1,2026-05-30T21-46-01-904Z_r00000_rep1_want82_simul_ampB4.000_ampD5.500,0,1,82,2.0,5.0,0.5,4.0,5.5,9.5,61,12200,0.12,200,3,7,0.5636915322853336,22,25,0.6501369360897931,bothOn,114,1149.1077508315034,2,400,3.549737750197351,7.708171903709511,536,82,19,7.708171903709511,0.006707962676367912,visible,False,0.0,0.0,0.0,0
3.11.16m_fineBoundarySigmoidMap_v1,2026-05-30T21-46-03-510Z_r00001_rep2_want82_simul_ampB4.000_ampD5.500,1,2,82,2.0,5.0,0.5,4.0,5.5,9.5,61,12200,0.12,200,3,7,0.5636915322853336,22,25,0.6501369360897931,bothOn,114,1149.1077508315034,2,400,3.549737750197351,7.708171903709511,536,82,19,7.708171903709511,0.006707962676367912,visible,False,0.0,0.0,0.0,0
3.11.16m_fineBoundarySigmoidMap_v1,2026-05-30T21-46-05-115Z_r00002_rep3_want82_simul_ampB4.000_ampD5.500,2,3,82,2.0,5.0,0.5,4.0,5.5,9.5,61,12200,0.12,200,3,7,0.5636915322853336,22,25,0.6501369360897931,bothOn,114,1149.1077508315034,2,400,3.549737750197351,7.708171903709511,536,82,19,7.708171903709511,0.006707962676367912,visible,False,0.0,0.0,0.0,0
3.11.16m_fineBoundarySigmoidMap_v1,2026-05-30T21-46-06-711Z_r00003_rep4_want82_simul_ampB4.000_ampD5.500,3,4,82,2.0,5.0,0.5,4.0,5.5,9.5,61,12200,0.12,200,3,7,0.5636915322853336,22,25,0.6501369360897931,bothOn,114,1149.1077508315034,2,400,3.549737750197351,7.708171903709511,536,82,19,7.708171903709511,0.006707962676367912,visible,False,0.0,0.0,0.0,0
3.11.16m_fineBoundarySigmoidMap_v1,2026-05-30T21-46-08-313Z_r00004_rep5_want82_simul_ampB4.000_ampD5.500,4,5,82,2.0,5.0,0.5,4.0,5.5,9.5,61,12200,0.12,200,3,7,0.5636915322853336,22,25,0.6501369360897931,bothOn,114,1149.1077508315034,2,400,3.549737750197351,7.708171903709511,536,82,19,7.708171903709511,0.006707962676367912,visible,False,0.0,0.0,0.0,0
3.11.16m_fineBoundarySigmoidMap_v1,2026-05-30T21-46-09-910Z_r00005_rep6_want82_simul_ampB4.000_ampD5.500,5,6,82,2.0,5.0,0.5,4.0,5.5,9.5,61,12200,0.12,200,3,7,0.5636915322853336,22,25,0.6501369360897931,bothOn,114,1149.1077508315034,2,400,3.549737750197351,7.708171903709511,536,82,19,7.708171903709511,0.006707962676367912,visible,False,0.0,0.0,0.0,0
3.11.16m_fineBoundarySigmoidMap_v1,2026-05-30T21-46-11-510Z_r00006_rep7_want82_simul_ampB4.000_ampD5.500,6,7,82,2.0,5.0,0.5,4.0,5.5,9.5,61,12200,0.12,200,3,7,0.5636915322853336,22,25,0.6501369360897931,bothOn,114,1149.1077508315034,2,400,3.549737750197351,7.708171903709511,536,82,19,7.708171903709511,0.006707962676367912,visible,False,0.0,0.0,0.0,0
3.11.16m_fineBoundarySigmoidMap_v1,2026-05-30T21-46-13-117Z_r00007_rep8_want82_simul_ampB4.000_ampD5.500,7,8,82,2.0,5.0,0.5,4.0,5.5,9.5,61,12200,0.12,200,3,7,0.5636915322853336,22,25,0.6501369360897931,bothOn,114,1149.1077508315034,2,400,3.549737750197351,7.708171903709511,536,82,19,7.708171903709511,0.006707962676367912,visible,False,0.0,0.0,0.0,0
3.11.16m_fineBoundarySigmoidMap_v1,2026-05-30T21-46-14-737Z_r00008_rep9_want82_simul_ampB4.000_ampD5.500,8,9,82,2.0,5.0,0.5,4.0,5.5,9.5,61,12200,0.12,200,3,7,0.5636915322853336,22,25,0.6501369360897931,bothOn,114,1149.1077508315034,2,400,3.549737750197351,7.708171903709511,536,82,19,7.708171903709511,0.006707962676367912,visible,False,0.0,0.0,0.0,0
3.11.16m_fineBoundarySigmoidMap_v1,2026-05-30T21-46-16-341Z_r00009_rep10_want82_simul_ampB4.000_ampD5.500,9,10,82,2.0,5.0,0.5,4.0,5.5,9.5,61,12200,0.12,200,3,7,0.5636915322853336,22,25,0.6501369360897931,bothOn,114,1149.1077508315034,2,400,3.549737750197351,7.708171903709511,536,82,19,7.708171903709511,0.006707962676367912,visible,False,0.0,0.0,0.0,0
3.11.16m_fineBoundarySigmoidMap_v1,2026-05-30T21-46-17-941Z_r00010_rep1_want82_simul_ampB4.000_ampD5.525,10,1,82,2.0,5.0,0.5,4.0,5.525,9.525,61,12200,0.12,200,3,7,0.5636580582568417,22,25,0.6500751359320146,bothOn,114,1149.10816643377,2,400,3.5497720574406495,7.708173332372499,536,82,19,7.708173332372499,0.006707961493553669,visible,False,0.0,0.0,0.0,0
3.11.16m_fineBoundarySigmoidMap_v1,2026-05-30T21-46-19-543Z_r00011_rep2_want82_simul_ampB4.000_ampD5.525,11,2,82,2.0,5.0,0.5,4.0,5.525,9.525,61,12200,0.12,200,3,7,0.5636580582568417,22,25,0.6500751359320146,bothOn,114,1149.10816643377,2,400,3.5497720574406495,7.708173332372499,536,82,19,7.708173332372499,0.006707961493553669,visible,False,0.0,0.0,0.0,0
3.11.16m_fineBoundarySigmoidMap_v1,2026-05-30T21-46-21-147Z_r00012_rep3_want82_simul_ampB4.000_ampD5.525,12,3,82,2.0,5.0,0.5,4.0,5.525,9.525,61,12200,0.12,200,3,7,0.5636580582568417,22,25,0.6500751359320146,bothOn,114,1149.10816643377,2,400,3.5497720574406495,7.708173332372499,536,82,19,7.708173332372499,0.006707961493553669,visible,False,0.0,0.0,0.0,0
3.11.16m_fineBoundarySigmoidMap_v1,2026-05-30T21-46-22-752Z_r00013_rep4_want82_simul_ampB4.000_ampD5.525,13,4,82,2.0,5.0,0.5,4.0,5.525,9.525,61,12200,0.12,200,3,7,0.5636580582568417,22,25,0.6500751359320146,bothOn,114,1149.10816643377,2,400,3.5497720574406495,7.708173332372499,536,82,19,7.708173332372499,0.006707961493553669,visible,False,0.0,0.0,0.0,0
3.11.16m_fineBoundarySigmoidMap_v1,2026-05-30T21-46-24-354Z_r00014_rep5_want82_simul_ampB4.000_ampD5.525,14,5,82,2.0,5.0,0.5,4.0,5.525,9.525,61,12200,0.12,200,3,7,0.5636580582568417,22,25,0.6500751359320146,bothOn,114,1149.10816643377,2,400,3.5497720574406495,7.708173332372499,536,82,19,7.708173332372499,0.006707961493553669,visible,False,0.0,0.0,0.0,0
3.11.16m_fineBoundarySigmoidMap_v1,2026-05-30T21-46-25-951Z_r00015_rep6_want82_simul_ampB4.000_ampD5.525,15,6,82,2.0,5.0,0.5,4.0,5.525,9.525,61,12200,0.12,200,3,7,0.5636580582568417,22,25,0.6500751359320146,bothOn,114,1149.10816643377,2,400,3.5497720574406495,7.708173332372499,536,82,19,7.708173332372499,0.006707961493553669,visible,False,0.0,0.0,0.0,0
3.11.16m_fineBoundarySigmoidMap_v1,2026-05-30T21-46-27-550Z_r00016_rep7_want82_simul_ampB4.000_ampD5.525,16,7,82,2.0,5.0,0.5,4.0,5.525,9.525,61,12200,0.12,200,3,7,0.5636580582568417,22,25,0.6500751359320146,bothOn,114,1149.10816643377,2,400,3.5497720574406495,7.708173332372499,536,82,19,7.708173332372499,0.006707961493553669,visible,False,0.0,0.0,0.0,0
3.11.16m_fineBoundarySigmoidMap_v1,2026-05-30T21-46-29-154Z_r00017_rep8_want82_simul_ampB4.000_ampD5.525,17,8,82,2.0,5.0,0.5,4.0,5.525,9.525,61,12200,0.12,200,3,7,0.5636580582568417,22,25,0.6500751359320146,bothOn,114,1149.10816643377,2,400,3.5497720574406495,7.708173332372499,536,82,19,7.708173332372499,0.006707961493553669,visible,False,0.0,0.0,0.0,0
3.11.16m_fineBoundarySigmoidMap_v1,2026-05-30T21-46-30-760Z_r00018_rep9_want82_simul_ampB4.000_ampD5.525,18,9,82,2.0,5.0,0.5,4.0,5.525,9.525,61,12200,0.12,200,3,7,0.5636580582568417,22,25,0.6500751359320146,bothOn,114,1149.10816643377,2,400,3.5497720574406495,7.708173332372499,536,82,19,7.708173332372499,0.006707961493553669,visible,False,0.0,0.0,0.0,0
3.11.16m_fineBoundarySigmoidMap_v1,2026-05-30T21-46-32-358Z_r00019_rep10_want82_simul_ampB4.000_ampD5.525,19,10,82,2.0,5.0,0.5,4.0,5.525,9.525,61,12200,0.12,200,3,7,0.5636580582568417,22,25,0.6500751359320146,bothOn,114,1149.10816643377,2,400,3.5497720574406495,7.708173332372499,536,82,19,7.708173332372499,0.006707961493553669,visible,False,0.0,0.0,0.0,0
3.11.16m_fineBoundarySigmoidMap_v1,2026-05-30T21-46-33-949Z_r00020_rep1_want82_simul_ampB4.000_ampD5.550,20,1,82,2.0,5.0,0.5,4.0,5.55,9.55,61,12200,0.12,200,3,7,0.5636246600592787,22,25,0.6500291516459078,bothOn,114,1149.1085811845817,2,400,3.549806287363187,7.708174757770028,536,82,19,7.708174757770028,0.006707960312868948,visible,False,0.0,0.0,0.0,0
3.11.16m_fineBoundarySigmoidMap_v1,2026-05-30T21-46-35-545Z_r00021_rep2_want82_simul_ampB4.000_ampD5.550,21,2,82,2.0,5.0,0.5,4.0,5.55,9.55,61,12200,0.12,200,3,7,0.5636246600592787,22,25,0.6500291516459078,bothOn,114,1149.1085811845817,2,400,3.549806287363187,7.708174757770028,536,82,19,7.708174757770028,0.006707960312868948,visible,False,0.0,0.0,0.0,0
3.11.16m_fineBoundarySigmoidMap_v1,2026-05-30T21-46-37-151Z_r00022_rep3_want82_simul_ampB4.000_ampD5.550,22,3,82,2.0,5.0,0.5,4.0,5.55,9.55,61,12200,0.12,200,3,7,0.5636246600592787,22,25,0.6500291516459078,bothOn,114,1149.1085811845817,2,400,3.549806287363187,7.708174757770028,536,82,19,7.708174757770028,0.006707960312868948,visible,False,0.0,0.0,0.0,0
3.11.16m_fineBoundarySigmoidMap_v1,2026-05-30T21-46-38-755Z_r00023_rep4_want82_simul_ampB4.000_ampD5.550,23,4,82,2.0,5.0,0.5,4.0,5.55,9.55,61,12200,0.12,200,3,7,0.5636246600592787,22,25,0.6500291516459078,bothOn,114,1149.1085811845817,2,400,3.549806287363187,7.708174757770028,536,82,19,7.708174757770028,0.006707960312868948,visible,False,0.0,0.0,0.0,0
3.11.16m_fineBoundarySigmoidMap_v1,2026-05-30T21-46-40-364Z_r00024_rep5_want82_simul_ampB4.000_ampD5.550,24,5,82,2.0,5.0,0.5,4.0,5.55,9.55,61,12200,0.12,200,3,7,0.5636246600592787,22,25,0.6500291516459078,bothOn,114,1149.1085811845817,2,400,3.549806287363187,7.708174757770028,536,82,19,7.708174757770028,0.006707960312868948,visible,False,0.0,0.0,0.0,0
3.11.16m_fineBoundarySigmoidMap_v1,2026-05-30T21-46-41-966Z_r00025_rep6_want82_simul_ampB4.000_ampD5.550,25,6,82,2.0,5.0,0.5,4.0,5.55,9.55,61,12200,0.12,200,3,7,0.5636246600592787,22,25,0.6500291516459078,bothOn,114,1149.1085811845817,2,400,3.549806287363187,7.708174757770028,536,82,19,7.708174757770028,0.006707960312868948,visible,False,0.0,0.0,0.0,0
3.11.16m_fineBoundarySigmoidMap_v1,2026-05-30T21-46-43-574Z_r00026_rep7_want82_simul_ampB4.000_ampD5.550,26,7,82,2.0,5.0,0.5,4.0,5.55,9.55,61,12200,0.12,200,3,7,0.5636246600592787,22,25,0.6500291516459078,bothOn,114,1149.1085811845817,2,400,3.549806287363187,7.708174757770028,536,82,19,7.708174757770028,0.006707960312868948,visible,False,0.0,0.0,0.0,0
3.11.16m_fineBoundarySigmoidMap_v1,2026-05-30T21-46-45-180Z_r00027_rep8_want82_simul_ampB4.000_ampD5.550,27,8,82,2.0,5.0,0.5,4.0,5.55,9.55,61,12200,0.12,200,3,7,0.5636246600592787,22,25,0.6500291516459078,bothOn,114,1149.1085811845817,2,400,3.549806287363187,7.708174757770028,536,82,19,7.708174757770028,0.006707960312868948,visible,False,0.0,0.0,0.0,0
3.11.16m_fineBoundarySigmoidMap_v1,2026-05-30T21-46-46-780Z_r00028_rep9_want82_simul_ampB4.000_ampD5.550,28,9,82,2.0,5.0,0.5,4.0,5.55,9.55,61,12200,0.12,200,3,7,0.5636246600592787,22,25,0.6500291516459078,bothOn,114,1149.1085811845817,2,400,3.549806287363187,7.708174757770028,536,82,19,7.708174757770028,0.006707960312868948,visible,False,0.0,0.0,0.0,0
3.11.16m_fineBoundarySigmoidMap_v1,2026-05-30T21-46-48-398Z_r00029_rep10_want82_simul_ampB4.000_ampD5.550,29,10,82,2.0,5.0,0.5,4.0,5.55,9.55,61,12200,0.12,200,3,7,0.5636246600592787,22,25,0.6500291516459078,bothOn,114,1149.1085811845817,2,400,3.549806287363187,7.708174757770028,536,82,19,7.708174757770028,0.006707960312868948,visible,False,0.0,0.0,0.0,0
3.11.16m_fineBoundarySigmoidMap_v1,2026-05-30T21-46-50-004Z_r00030_rep1_want82_simul_ampB4.000_ampD5.575,30,1,82,2.0,5.0,0.5,4.0,5.575,9.575,61,12200,0.12,200,3,7,0.5635913340217329,22,25,0.6499975809342214,bothOn,114,1149.1089950875814,2,400,3.5498404403126176,7.708176179916974,536,82,19,7.708176179916974,0.006707959134305421,visible,False,0.0,0.0,0.0,0
3.11.16m_fineBoundarySigmoidMap_v1,2026-05-30T21-46-51-615Z_r00031_rep2_want82_simul_ampB4.000_ampD5.575,31,2,82,2.0,5.0,0.5,4.0,5.575,9.575,61,12200,0.12,200,3,7,0.5635913340217329,22,25,0.6499975809342214,bothOn,114,1149.1089950875814,2,400,3.5498404403126176,7.708176179916974,536,82,19,7.708176179916974,0.006707959134305421,visible,False,0.0,0.0,0.0,0
3.11.16m_fineBoundarySigmoidMap_v1,2026-05-30T21-46-53-215Z_r00032_rep3_want82_simul_ampB4.000_ampD5.575,32,3,82,2.0,5.0,0.5,4.0,5.575,9.575,61,12200,0.12,200,3,7,0.5635913340217329,22,25,0.6499975809342214,bothOn,114,1149.1089950875814,2,400,3.5498404403126176,7.708176179916974,536,82,19,7.708176179916974,0.006707959134305421,visible,False,0.0,0.0,0.0,0
3.11.16m_fineBoundarySigmoidMap_v1,2026-05-30T21-46-54-822Z_r00033_rep4_want82_simul_ampB4.000_ampD5.575,33,4,82,2.0,5.0,0.5,4.0,5.575,9.575,61,12200,0.12,200,3,7,0.5635913340217329,22,25,0.6499975809342214,bothOn,114,1149.1089950875814,2,400,3.5498404403126176,7.708176179916974,536,82,19,7.708176179916974,0.006707959134305421,visible,False,0.0,0.0,0.0,0
3.11.16m_fineBoundarySigmoidMap_v1,2026-05-30T21-46-56-435Z_r00034_rep5_want82_simul_ampB4.000_ampD5.575,34,5,82,2.0,5.0,0.5,4.0,5.575,9.575,61,12200,0.12,200,3,7,0.5635913340217329,22,25,0.6499975809342214,bothOn,114,1149.1089950875814,2,400,3.5498404403126176,7.708176179916974,536,82,19,7.708176179916974,0.006707959134305421,visible,False,0.0,0.0,0.0,0
3.11.16m_fineBoundarySigmoidMap_v1,2026-05-30T21-46-58-055Z_r00035_rep6_want82_simul_ampB4.000_ampD5.575,35,6,82,2.0,5.0,0.5,4.0,5.575,9.575,61,12200,0.12,200,3,7,0.5635913340217329,22,25,0.6499975809342214,bothOn,114,1149.1089950875814,2,400,3.5498404403126176,7.708176179916974,536,82,19,7.708176179916974,0.006707959134305421,visible,False,0.0,0.0,0.0,0
3.11.16m_fineBoundarySigmoidMap_v1,2026-05-30T21-46-59-675Z_r00036_rep7_want82_simul_ampB4.000_ampD5.575,36,7,82,2.0,5.0,0.5,4.0,5.575,9.575,61,12200,0.12,200,3,7,0.5635913340217329,22,25,0.6499975809342214,bothOn,114,1149.1089950875814,2,400,3.5498404403126176,7.708176179916974,536,82,19,7.708176179916974,0.006707959134305421,visible,False,0.0,0.0,0.0,0
3.11.16m_fineBoundarySigmoidMap_v1,2026-05-30T21-47-01-276Z_r00037_rep8_want82_simul_ampB4.000_ampD5.575,37,8,82,2.0,5.0,0.5,4.0,5.575,9.575,61,12200,0.12,200,3,7,0.5635913340217329,22,25,0.6499975809342214,bothOn,114,1149.1089950875814,2,400,3.5498404403126176,7.708176179916974,536,82,19,7.708176179916974,0.006707959134305421,visible,False,0.0,0.0,0.0,0
3.11.16m_fineBoundarySigmoidMap_v1,2026-05-30T21-47-02-885Z_r00038_rep9_want82_simul_ampB4.000_ampD5.575,38,9,82,2.0,5.0,0.5,4.0,5.575,9.575,61,12200,0.12,200,3,7,0.5635913340217329,22,25,0.6499975809342214,bothOn,114,1149.1089950875814,2,400,3.5498404403126176,7.708176179916974,536,82,19,7.708176179916974,0.006707959134305421,visible,False,0.0,0.0,0.0,0
3.11.16m_fineBoundarySigmoidMap_v1,2026-05-30T21-47-04-502Z_r00039_rep10_want82_simul_ampB4.000_ampD5.575,39,10,82,2.0,5.0,0.5,4.0,5.575,9.575,61,12200,0.12,200,3,7,0.5635913340217329,22,25,0.6499975809342214,bothOn,114,1149.1089950875814,2,400,3.5498404403126176,7.708176179916974,536,82,19,7.708176179916974,0.006707959134305421,visible,False,0.0,0.0,0.0,0
3.11.16m_fineBoundarySigmoidMap_v1,2026-05-30T21-47-06-104Z_r00040_rep1_want82_simul_ampB4.000_ampD5.600,40,1,82,2.0,5.0,0.5,4.0,5.6,9.6,61,12200,0.12,200,3,7,0.5635580837682258,22,25,0.6499659986516925,bothOn,114,1149.1094081463987,2,400,3.549874516634263,7.7081775988281125,536,82,19,7.7081775988281125,0.006707957957854757,visible,False,0.0,0.0,0.0,0
3.11.16m_fineBoundarySigmoidMap_v1,2026-05-30T21-47-07-713Z_r00041_rep2_want82_simul_ampB4.000_ampD5.600,41,2,82,2.0,5.0,0.5,4.0,5.6,9.6,61,12200,0.12,200,3,7,0.5635580837682258,22,25,0.6499659986516925,bothOn,114,1149.1094081463987,2,400,3.549874516634263,7.7081775988281125,536,82,19,7.7081775988281125,0.006707957957854757,visible,False,0.0,0.0,0.0,0
3.11.16m_fineBoundarySigmoidMap_v1,2026-05-30T21-47-09-314Z_r00042_rep3_want82_simul_ampB4.000_ampD5.600,42,3,82,2.0,5.0,0.5,4.0,5.6,9.6,61,12200,0.12,200,3,7,0.5635580837682258,22,25,0.6499659986516925,bothOn,114,1149.1094081463987,2,400,3.549874516634263,7.7081775988281125,536,82,19,7.7081775988281125,0.006707957957854757,visible,False,0.0,0.0,0.0,0
3.11.16m_fineBoundarySigmoidMap_v1,2026-05-30T21-47-10-921Z_r00043_rep4_want82_simul_ampB4.000_ampD5.600,43,4,82,2.0,5.0,0.5,4.0,5.6,9.6,61,12200,0.12,200,3,7,0.5635580837682258,22,25,0.6499659986516925,bothOn,114,1149.1094081463987,2,400,3.549874516634263,7.7081775988281125,536,82,19,7.7081775988281125,0.006707957957854757,visible,False,0.0,0.0,0.0,0
3.11.16m_fineBoundarySigmoidMap_v1,2026-05-30T21-47-12-522Z_r00044_rep5_want82_simul_ampB4.000_ampD5.600,44,5,82,2.0,5.0,0.5,4.0,5.6,9.6,61,12200,0.12,200,3,7,0.5635580837682258,22,25,0.6499659986516925,bothOn,114,1149.1094081463987,2,400,3.549874516634263,7.7081775988281125,536,82,19,7.7081775988281125,0.006707957957854757,visible,False,0.0,0.0,0.0,0
3.11.16m_fineBoundarySigmoidMap_v1,2026-05-30T21-47-14-131Z_r00045_rep6_want82_simul_ampB4.000_ampD5.600,45,6,82,2.0,5.0,0.5,4.0,5.6,9.6,61,12200,0.12,200,3,7,0.5635580837682258,22,25,0.6499659986516925,bothOn,114,1149.1094081463987,2,400,3.549874516634263,7.7081775988281125,536,82,19,7.7081775988281125,0.006707957957854757,visible,False,0.0,0.0,0.0,0
3.11.16m_fineBoundarySigmoidMap_v1,2026-05-30T21-47-15-736Z_r00046_rep7_want82_simul_ampB4.000_ampD5.600,46,7,82,2.0,5.0,0.5,4.0,5.6,9.6,61,12200,0.12,200,3,7,0.5635580837682258,22,25,0.6499659986516925,bothOn,114,1149.1094081463987,2,400,3.549874516634263,7.7081775988281125,536,82,19,7.7081775988281125,0.006707957957854757,visible,False,0.0,0.0,0.0,0
3.11.16m_fineBoundarySigmoidMap_v1,2026-05-30T21-47-17-337Z_r00047_rep8_want82_simul_ampB4.000_ampD5.600,47,8,82,2.0,5.0,0.5,4.0,5.6,9.6,61,12200,0.12,200,3,7,0.5635580837682258,22,25,0.6499659986516925,bothOn,114,1149.1094081463987,2,400,3.549874516634263,7.7081775988281125,536,82,19,7.7081775988281125,0.006707957957854757,visible,False,0.0,0.0,0.0,0
3.11.16m_fineBoundarySigmoidMap_v1,2026-05-30T21-47-18-954Z_r00048_rep9_want82_simul_ampB4.000_ampD5.600,48,9,82,2.0,5.0,0.5,4.0,5.6,9.6,61,12200,0.12,200,3,7,0.5635580837682258,22,25,0.6499659986516925,bothOn,114,1149.1094081463987,2,400,3.549874516634263,7.7081775988281125,536,82,19,7.7081775988281125,0.006707957957854757,visible,False,0.0,0.0,0.0,0
3.11.16m_fineBoundarySigmoidMap_v1,2026-05-30T21-47-20-556Z_r00049_rep10_want82_simul_ampB4.000_ampD5.600,49,10,82,2.0,5.0,0.5,4.0,5.6,9.6,61,12200,0.12,200,3,7,0.5635580837682258,22,25,0.6499659986516925,bothOn,114,1149.1094081463987,2,400,3.549874516634263,7.7081775988281125,536,82,19,7.7081775988281125,0.006707957957854757,visible,False,0.0,0.0,0.0,0
3.11.16m_fineBoundarySigmoidMap_v1,2026-05-30T21-47-22-173Z_r00050_rep1_want82_simul_ampB4.000_ampD5.625,50,1,82,2.0,5.0,0.5,4.0,5.625,9.625,61,12200,0.12,200,3,7,0.5635249089567101,22,25,0.6499341045587905,bothOn,114,1149.1098203646175,2,400,3.549908516671129,7.7081790145181195,536,82,19,7.7081790145181195,0.006707956783508798,visible,False,0.0,0.0,0.0,0
3.11.16m_fineBoundarySigmoidMap_v1,2026-05-30T21-47-23-783Z_r00051_rep2_want82_simul_ampB4.000_ampD5.625,51,2,82,2.0,5.0,0.5,4.0,5.625,9.625,61,12200,0.12,200,3,7,0.5635249089567101,22,25,0.6499341045587905,bothOn,114,1149.1098203646175,2,400,3.549908516671129,7.7081790145181195,536,82,19,7.7081790145181195,0.006707956783508798,visible,False,0.0,0.0,0.0,0
3.11.16m_fineBoundarySigmoidMap_v1,2026-05-30T21-47-25-393Z_r00052_rep3_want82_simul_ampB4.000_ampD5.625,52,3,82,2.0,5.0,0.5,4.0,5.625,9.625,61,12200,0.12,200,3,7,0.5635249089567101,22,25,0.6499341045587905,bothOn,114,1149.1098203646175,2,400,3.549908516671129,7.7081790145181195,536,82,19,7.7081790145181195,0.006707956783508798,visible,False,0.0,0.0,0.0,0
3.11.16m_fineBoundarySigmoidMap_v1,2026-05-30T21-47-27-000Z_r00053_rep4_want82_simul_ampB4.000_ampD5.625,53,4,82,2.0,5.0,0.5,4.0,5.625,9.625,61,12200,0.12,200,3,7,0.5635249089567101,22,25,0.6499341045587905,bothOn,114,1149.1098203646175,2,400,3.549908516671129,7.7081790145181195,536,82,19,7.7081790145181195,0.006707956783508798,visible,False,0.0,0.0,0.0,0
3.11.16m_fineBoundarySigmoidMap_v1,2026-05-30T21-47-28-603Z_r00054_rep5_want82_simul_ampB4.000_ampD5.625,54,5,82,2.0,5.0,0.5,4.0,5.625,9.625,61,12200,0.12,200,3,7,0.5635249089567101,22,25,0.6499341045587905,bothOn,114,1149.1098203646175,2,400,3.549908516671129,7.7081790145181195,536,82,19,7.7081790145181195,0.006707956783508798,visible,False,0.0,0.0,0.0,0
3.11.16m_fineBoundarySigmoidMap_v1,2026-05-30T21-47-30-210Z_r00055_rep6_want82_simul_ampB4.000_ampD5.625,55,6,82,2.0,5.0,0.5,4.0,5.625,9.625,61,12200,0.12,200,3,7,0.5635249089567101,22,25,0.6499341045587905,bothOn,114,1149.1098203646175,2,400,3.549908516671129,7.7081790145181195,536,82,19,7.7081790145181195,0.006707956783508798,visible,False,0.0,0.0,0.0,0
3.11.16m_fineBoundarySigmoidMap_v1,2026-05-30T21-47-31-814Z_r00056_rep7_want82_simul_ampB4.000_ampD5.625,56,7,82,2.0,5.0,0.5,4.0,5.625,9.625,61,12200,0.12,200,3,7,0.5635249089567101,22,25,0.6499341045587905,bothOn,114,1149.1098203646175,2,400,3.549908516671129,7.7081790145181195,536,82,19,7.7081790145181195,0.006707956783508798,visible,False,0.0,0.0,0.0,0
3.11.16m_fineBoundarySigmoidMap_v1,2026-05-30T21-47-33-419Z_r00057_rep8_want82_simul_ampB4.000_ampD5.625,57,8,82,2.0,5.0,0.5,4.0,5.625,9.625,61,12200,0.12,200,3,7,0.5635249089567101,22,25,0.6499341045587905,bothOn,114,1149.1098203646175,2,400,3.549908516671129,7.7081790145181195,536,82,19,7.7081790145181195,0.006707956783508798,visible,False,0.0,0.0,0.0,0
3.11.16m_fineBoundarySigmoidMap_v1,2026-05-30T21-47-35-028Z_r00058_rep9_want82_simul_ampB4.000_ampD5.625,58,9,82,2.0,5.0,0.5,4.0,5.625,9.625,61,12200,0.12,200,3,7,0.5635249089567101,22,25,0.6499341045587905,bothOn,114,1149.1098203646175,2,400,3.549908516671129,7.7081790145181195,536,82,19,7.7081790145181195,0.006707956783508798,visible,False,0.0,0.0,0.0,0
3.11.16m_fineBoundarySigmoidMap_v1,2026-05-30T21-47-36-630Z_r00059_rep10_want82_simul_ampB4.000_ampD5.625,59,10,82,2.0,5.0,0.5,4.0,5.625,9.625,61,12200,0.12,200,3,7,0.5635249089567101,22,25,0.6499341045587905,bothOn,114,1149.1098203646175,2,400,3.549908516671129,7.7081790145181195,536,82,19,7.7081790145181195,0.006707956783508798,visible,False,0.0,0.0,0.0,0
3.11.16m_fineBoundarySigmoidMap_v1,2026-05-30T21-47-38-238Z_r00060_rep1_want82_simul_ampB4.000_ampD5.650,60,1,82,2.0,5.0,0.5,4.0,5.65,9.65,61,12200,0.12,200,3,7,0.563491809248181,22,25,0.6499019777360526,bothOn,114,1149.1102317458292,2,400,3.5499424407639144,7.7081804270015715,536,82,19,7.7081804270015715,0.00670795561125926,visible,False,0.0,0.0,0.0,0
3.11.16m_fineBoundarySigmoidMap_v1,2026-05-30T21-47-39-842Z_r00061_rep2_want82_simul_ampB4.000_ampD5.650,61,2,82,2.0,5.0,0.5,4.0,5.65,9.65,61,12200,0.12,200,3,7,0.563491809248181,22,25,0.6499019777360526,bothOn,114,1149.1102317458292,2,400,3.5499424407639144,7.7081804270015715,536,82,19,7.7081804270015715,0.00670795561125926,visible,False,0.0,0.0,0.0,0
3.11.16m_fineBoundarySigmoidMap_v1,2026-05-30T21-47-41-441Z_r00062_rep3_want82_simul_ampB4.000_ampD5.650,62,3,82,2.0,5.0,0.5,4.0,5.65,9.65,61,12200,0.12,200,3,7,0.563491809248181,22,25,0.6499019777360526,bothOn,114,1149.1102317458292,2,400,3.5499424407639144,7.7081804270015715,536,82,19,7.7081804270015715,0.00670795561125926,visible,False,0.0,0.0,0.0,0
3.11.16m_fineBoundarySigmoidMap_v1,2026-05-30T21-47-43-071Z_r00063_rep4_want82_simul_ampB4.000_ampD5.650,63,4,82,2.0,5.0,0.5,4.0,5.65,9.65,61,12200,0.12,200,3,7,0.563491809248181,22,25,0.6499019777360526,bothOn,114,1149.1102317458292,2,400,3.5499424407639144,7.7081804270015715,536,82,19,7.7081804270015715,0.00670795561125926,visible,False,0.0,0.0,0.0,0
3.11.16m_fineBoundarySigmoidMap_v1,2026-05-30T21-47-44-688Z_r00064_rep5_want82_simul_ampB4.000_ampD5.650,64,5,82,2.0,5.0,0.5,4.0,5.65,9.65,61,12200,0.12,200,3,7,0.563491809248181,22,25,0.6499019777360526,bothOn,114,1149.1102317458292,2,400,3.5499424407639144,7.7081804270015715,536,82,19,7.7081804270015715,0.00670795561125926,visible,False,0.0,0.0,0.0,0
3.11.16m_fineBoundarySigmoidMap_v1,2026-05-30T21-47-46-323Z_r00065_rep6_want82_simul_ampB4.000_ampD5.650,65,6,82,2.0,5.0,0.5,4.0,5.65,9.65,61,12200,0.12,200,3,7,0.563491809248181,22,25,0.6499019777360526,bothOn,114,1149.1102317458292,2,400,3.5499424407639144,7.7081804270015715,536,82,19,7.7081804270015715,0.00670795561125926,visible,False,0.0,0.0,0.0,0
3.11.16m_fineBoundarySigmoidMap_v1,2026-05-30T21-47-47-947Z_r00066_rep7_want82_simul_ampB4.000_ampD5.650,66,7,82,2.0,5.0,0.5,4.0,5.65,9.65,61,12200,0.12,200,3,7,0.563491809248181,22,25,0.6499019777360526,bothOn,114,1149.1102317458292,2,400,3.5499424407639144,7.7081804270015715,536,82,19,7.7081804270015715,0.00670795561125926,visible,False,0.0,0.0,0.0,0
3.11.16m_fineBoundarySigmoidMap_v1,2026-05-30T21-47-49-559Z_r00067_rep8_want82_simul_ampB4.000_ampD5.650,67,8,82,2.0,5.0,0.5,4.0,5.65,9.65,61,12200,0.12,200,3,7,0.563491809248181,22,25,0.6499019777360526,bothOn,114,1149.1102317458292,2,400,3.5499424407639144,7.7081804270015715,536,82,19,7.7081804270015715,0.00670795561125926,visible,False,0.0,0.0,0.0,0
3.11.16m_fineBoundarySigmoidMap_v1,2026-05-30T21-47-51-186Z_r00068_rep9_want82_simul_ampB4.000_ampD5.650,68,9,82,2.0,5.0,0.5,4.0,5.65,9.65,61,12200,0.12,200,3,7,0.563491809248181,22,25,0.6499019777360526,bothOn,114,1149.1102317458292,2,400,3.5499424407639144,7.7081804270015715,536,82,19,7.7081804270015715,0.00670795561125926,visible,False,0.0,0.0,0.0,0
3.11.16m_fineBoundarySigmoidMap_v1,2026-05-30T21-47-52-804Z_r00069_rep10_want82_simul_ampB4.000_ampD5.650,69,10,82,2.0,5.0,0.5,4.0,5.65,9.65,61,12200,0.12,200,3,7,0.563491809248181,22,25,0.6499019777360526,bothOn,114,1149.1102317458292,2,400,3.5499424407639144,7.7081804270015715,536,82,19,7.7081804270015715,0.00670795561125926,visible,False,0.0,0.0,0.0,0
3.11.16m_fineBoundarySigmoidMap_v1,2026-05-30T21-47-54-417Z_r00070_rep1_want82_simul_ampB4.000_ampD5.675,70,1,82,2.0,5.0,0.5,4.0,5.675,9.675,61,12200,0.12,200,3,7,0.5634587843062371,22,25,0.649869842161299,bothOn,114,1149.1106422935736,2,400,3.549976289251049,7.708181836292944,536,82,19,7.708181836292944,0.0067079544410980725,visible,False,0.0,0.0,0.0,0
3.11.16m_fineBoundarySigmoidMap_v1,2026-05-30T21-47-56-026Z_r00071_rep2_want82_simul_ampB4.000_ampD5.675,71,2,82,2.0,5.0,0.5,4.0,5.675,9.675,61,12200,0.12,200,3,7,0.5634587843062371,22,25,0.649869842161299,bothOn,114,1149.1106422935736,2,400,3.549976289251049,7.708181836292944,536,82,19,7.708181836292944,0.0067079544410980725,visible,False,0.0,0.0,0.0,0
3.11.16m_fineBoundarySigmoidMap_v1,2026-05-30T21-47-57-628Z_r00072_rep3_want82_simul_ampB4.000_ampD5.675,72,3,82,2.0,5.0,0.5,4.0,5.675,9.675,61,12200,0.12,200,3,7,0.5634587843062371,22,25,0.649869842161299,bothOn,114,1149.1106422935736,2,400,3.549976289251049,7.708181836292944,536,82,19,7.708181836292944,0.0067079544410980725,visible,False,0.0,0.0,0.0,0
3.11.16m_fineBoundarySigmoidMap_v1,2026-05-30T21-47-59-235Z_r00073_rep4_want82_simul_ampB4.000_ampD5.675,73,4,82,2.0,5.0,0.5,4.0,5.675,9.675,61,12200,0.12,200,3,7,0.5634587843062371,22,25,0.649869842161299,bothOn,114,1149.1106422935736,2,400,3.549976289251049,7.708181836292944,536,82,19,7.708181836292944,0.0067079544410980725,visible,False,0.0,0.0,0.0,0
3.11.16m_fineBoundarySigmoidMap_v1,2026-05-30T21-48-00-841Z_r00074_rep5_want82_simul_ampB4.000_ampD5.675,74,5,82,2.0,5.0,0.5,4.0,5.675,9.675,61,12200,0.12,200,3,7,0.5634587843062371,22,25,0.649869842161299,bothOn,114,1149.1106422935736,2,400,3.549976289251049,7.708181836292944,536,82,19,7.708181836292944,0.0067079544410980725,visible,False,0.0,0.0,0.0,0
3.11.16m_fineBoundarySigmoidMap_v1,2026-05-30T21-48-02-448Z_r00075_rep6_want82_simul_ampB4.000_ampD5.675,75,6,82,2.0,5.0,0.5,4.0,5.675,9.675,61,12200,0.12,200,3,7,0.5634587843062371,22,25,0.649869842161299,bothOn,114,1149.1106422935736,2,400,3.549976289251049,7.708181836292944,536,82,19,7.708181836292944,0.0067079544410980725,visible,False,0.0,0.0,0.0,0
3.11.16m_fineBoundarySigmoidMap_v1,2026-05-30T21-48-04-055Z_r00076_rep7_want82_simul_ampB4.000_ampD5.675,76,7,82,2.0,5.0,0.5,4.0,5.675,9.675,61,12200,0.12,200,3,7,0.5634587843062371,22,25,0.649869842161299,bothOn,114,1149.1106422935736,2,400,3.549976289251049,7.708181836292944,536,82,19,7.708181836292944,0.0067079544410980725,visible,False,0.0,0.0,0.0,0
3.11.16m_fineBoundarySigmoidMap_v1,2026-05-30T21-48-05-657Z_r00077_rep8_want82_simul_ampB4.000_ampD5.675,77,8,82,2.0,5.0,0.5,4.0,5.675,9.675,61,12200,0.12,200,3,7,0.5634587843062371,22,25,0.649869842161299,bothOn,114,1149.1106422935736,2,400,3.549976289251049,7.708181836292944,536,82,19,7.708181836292944,0.0067079544410980725,visible,False,0.0,0.0,0.0,0
3.11.16m_fineBoundarySigmoidMap_v1,2026-05-30T21-48-07-263Z_r00078_rep9_want82_simul_ampB4.000_ampD5.675,78,9,82,2.0,5.0,0.5,4.0,5.675,9.675,61,12200,0.12,200,3,7,0.5634587843062371,22,25,0.649869842161299,bothOn,114,1149.1106422935736,2,400,3.549976289251049,7.708181836292944,536,82,19,7.708181836292944,0.0067079544410980725,visible,False,0.0,0.0,0.0,0
3.11.16m_fineBoundarySigmoidMap_v1,2026-05-30T21-48-08-864Z_r00079_rep10_want82_simul_ampB4.000_ampD5.675,79,10,82,2.0,5.0,0.5,4.0,5.675,9.675,61,12200,0.12,200,3,7,0.5634587843062371,22,25,0.649869842161299,bothOn,114,1149.1106422935736,2,400,3.549976289251049,7.708181836292944,536,82,19,7.708181836292944,0.0067079544410980725,visible,False,0.0,0.0,0.0,0
3.11.16m_fineBoundarySigmoidMap_v1,2026-05-30T21-48-10-477Z_r00080_rep1_want82_simul_ampB4.000_ampD5.700,80,1,82,2.0,5.0,0.5,4.0,5.7,9.7,61,12200,0.12,200,3,7,0.5634258337962763,22,25,0.6498376964821142,bothOn,114,1149.1110520113834,2,400,3.5500100624687017,7.7081832424066175,536,82,19,7.7081832424066175,0.006707953273017124,visible,False,0.0,0.0,0.0,0
3.11.16m_fineBoundarySigmoidMap_v1,2026-05-30T21-48-12-084Z_r00081_rep2_want82_simul_ampB4.000_ampD5.700,81,2,82,2.0,5.0,0.5,4.0,5.7,9.7,61,12200,0.12,200,3,7,0.5634258337962763,22,25,0.6498376964821142,bothOn,114,1149.1110520113834,2,400,3.5500100624687017,7.7081832424066175,536,82,19,7.7081832424066175,0.006707953273017124,visible,False,0.0,0.0,0.0,0
3.11.16m_fineBoundarySigmoidMap_v1,2026-05-30T21-48-13-692Z_r00082_rep3_want82_simul_ampB4.000_ampD5.700,82,3,82,2.0,5.0,0.5,4.0,5.7,9.7,61,12200,0.12,200,3,7,0.5634258337962763,22,25,0.6498376964821142,bothOn,114,1149.1110520113834,2,400,3.5500100624687017,7.7081832424066175,536,82,19,7.7081832424066175,0.006707953273017124,visible,False,0.0,0.0,0.0,0
3.11.16m_fineBoundarySigmoidMap_v1,2026-05-30T21-48-15-302Z_r00083_rep4_want82_simul_ampB4.000_ampD5.700,83,4,82,2.0,5.0,0.5,4.0,5.7,9.7,61,12200,0.12,200,3,7,0.5634258337962763,22,25,0.6498376964821142,bothOn,114,1149.1110520113834,2,400,3.5500100624687017,7.7081832424066175,536,82,19,7.7081832424066175,0.006707953273017124,visible,False,0.0,0.0,0.0,0
3.11.16m_fineBoundarySigmoidMap_v1,2026-05-30T21-48-16-914Z_r00084_rep5_want82_simul_ampB4.000_ampD5.700,84,5,82,2.0,5.0,0.5,4.0,5.7,9.7,61,12200,0.12,200,3,7,0.5634258337962763,22,25,0.6498376964821142,bothOn,114,1149.1110520113834,2,400,3.5500100624687017,7.7081832424066175,536,82,19,7.7081832424066175,0.006707953273017124,visible,False,0.0,0.0,0.0,0
3.11.16m_fineBoundarySigmoidMap_v1,2026-05-30T21-48-18-519Z_r00085_rep6_want82_simul_ampB4.000_ampD5.700,85,6,82,2.0,5.0,0.5,4.0,5.7,9.7,61,12200,0.12,200,3,7,0.5634258337962763,22,25,0.6498376964821142,bothOn,114,1149.1110520113834,2,400,3.5500100624687017,7.7081832424066175,536,82,19,7.7081832424066175,0.006707953273017124,visible,False,0.0,0.0,0.0,0
3.11.16m_fineBoundarySigmoidMap_v1,2026-05-30T21-48-20-121Z_r00086_rep7_want82_simul_ampB4.000_ampD5.700,86,7,82,2.0,5.0,0.5,4.0,5.7,9.7,61,12200,0.12,200,3,7,0.5634258337962763,22,25,0.6498376964821142,bothOn,114,1149.1110520113834,2,400,3.5500100624687017,7.7081832424066175,536,82,19,7.7081832424066175,0.006707953273017124,visible,False,0.0,0.0,0.0,0
3.11.16m_fineBoundarySigmoidMap_v1,2026-05-30T21-48-21-726Z_r00087_rep8_want82_simul_ampB4.000_ampD5.700,87,8,82,2.0,5.0,0.5,4.0,5.7,9.7,61,12200,0.12,200,3,7,0.5634258337962763,22,25,0.6498376964821142,bothOn,114,1149.1110520113834,2,400,3.5500100624687017,7.7081832424066175,536,82,19,7.7081832424066175,0.006707953273017124,visible,False,0.0,0.0,0.0,0
3.11.16m_fineBoundarySigmoidMap_v1,2026-05-30T21-48-23-333Z_r00088_rep9_want82_simul_ampB4.000_ampD5.700,88,9,82,2.0,5.0,0.5,4.0,5.7,9.7,61,12200,0.12,200,3,7,0.5634258337962763,22,25,0.6498376964821142,bothOn,114,1149.1110520113834,2,400,3.5500100624687017,7.7081832424066175,536,82,19,7.7081832424066175,0.006707953273017124,visible,False,0.0,0.0,0.0,0
3.11.16m_fineBoundarySigmoidMap_v1,2026-05-30T21-48-24-935Z_r00089_rep10_want82_simul_ampB4.000_ampD5.700,89,10,82,2.0,5.0,0.5,4.0,5.7,9.7,61,12200,0.12,200,3,7,0.5634258337962763,22,25,0.6498376964821142,bothOn,114,1149.1110520113834,2,400,3.5500100624687017,7.7081832424066175,536,82,19,7.7081832424066175,0.006707953273017124,visible,False,0.0,0.0,0.0,0
3.11.16m_fineBoundarySigmoidMap_v1,2026-05-30T21-48-26-545Z_r00090_rep1_want82_simul_ampB4.000_ampD5.725,90,1,82,2.0,5.0,0.5,4.0,5.725,9.725,61,12200,0.12,200,3,7,0.5633929573859331,22,25,0.6498055393579238,bothOn,114,1149.1114609027632,2,400,3.5500437607508033,7.708184645356871,536,82,19,7.708184645356871,0.006707952107008376,visible,False,0.0,0.0,0.0,0
3.11.16m_fineBoundarySigmoidMap_v1,2026-05-30T21-48-28-171Z_r00091_rep2_want82_simul_ampB4.000_ampD5.725,91,2,82,2.0,5.0,0.5,4.0,5.725,9.725,61,12200,0.12,200,3,7,0.5633929573859331,22,25,0.6498055393579238,bothOn,114,1149.1114609027632,2,400,3.5500437607508033,7.708184645356871,536,82,19,7.708184645356871,0.006707952107008376,visible,False,0.0,0.0,0.0,0
3.11.16m_fineBoundarySigmoidMap_v1,2026-05-30T21-48-29-778Z_r00092_rep3_want82_simul_ampB4.000_ampD5.725,92,3,82,2.0,5.0,0.5,4.0,5.725,9.725,61,12200,0.12,200,3,7,0.5633929573859331,22,25,0.6498055393579238,bothOn,114,1149.1114609027632,2,400,3.5500437607508033,7.708184645356871,536,82,19,7.708184645356871,0.006707952107008376,visible,False,0.0,0.0,0.0,0
3.11.16m_fineBoundarySigmoidMap_v1,2026-05-30T21-48-31-385Z_r00093_rep4_want82_simul_ampB4.000_ampD5.725,93,4,82,2.0,5.0,0.5,4.0,5.725,9.725,61,12200,0.12,200,3,7,0.5633929573859331,22,25,0.6498055393579238,bothOn,114,1149.1114609027632,2,400,3.5500437607508033,7.708184645356871,536,82,19,7.708184645356871,0.006707952107008376,visible,False,0.0,0.0,0.0,0
3.11.16m_fineBoundarySigmoidMap_v1,2026-05-30T21-48-32-987Z_r00094_rep5_want82_simul_ampB4.000_ampD5.725,94,5,82,2.0,5.0,0.5,4.0,5.725,9.725,61,12200,0.12,200,3,7,0.5633929573859331,22,25,0.6498055393579238,bothOn,114,1149.1114609027632,2,400,3.5500437607508033,7.708184645356871,536,82,19,7.708184645356871,0.006707952107008376,visible,False,0.0,0.0,0.0,0
3.11.16m_fineBoundarySigmoidMap_v1,2026-05-30T21-48-34-598Z_r00095_rep6_want82_simul_ampB4.000_ampD5.725,95,6,82,2.0,5.0,0.5,4.0,5.725,9.725,61,12200,0.12,200,3,7,0.5633929573859331,22,25,0.6498055393579238,bothOn,114,1149.1114609027632,2,400,3.5500437607508033,7.708184645356871,536,82,19,7.708184645356871,0.006707952107008376,visible,False,0.0,0.0,0.0,0
3.11.16m_fineBoundarySigmoidMap_v1,2026-05-30T21-48-36-202Z_r00096_rep7_want82_simul_ampB4.000_ampD5.725,96,7,82,2.0,5.0,0.5,4.0,5.725,9.725,61,12200,0.12,200,3,7,0.5633929573859331,22,25,0.6498055393579238,bothOn,114,1149.1114609027632,2,400,3.5500437607508033,7.708184645356871,536,82,19,7.708184645356871,0.006707952107008376,visible,False,0.0,0.0,0.0,0
3.11.16m_fineBoundarySigmoidMap_v1,2026-05-30T21-48-37-811Z_r00097_rep8_want82_simul_ampB4.000_ampD5.725,97,8,82,2.0,5.0,0.5,4.0,5.725,9.725,61,12200,0.12,200,3,7,0.5633929573859331,22,25,0.6498055393579238,bothOn,114,1149.1114609027632,2,400,3.5500437607508033,7.708184645356871,536,82,19,7.708184645356871,0.006707952107008376,visible,False,0.0,0.0,0.0,0
3.11.16m_fineBoundarySigmoidMap_v1,2026-05-30T21-48-39-416Z_r00098_rep9_want82_simul_ampB4.000_ampD5.725,98,9,82,2.0,5.0,0.5,4.0,5.725,9.725,61,12200,0.12,200,3,7,0.5633929573859331,22,25,0.6498055393579238,bothOn,114,1149.1114609027632,2,400,3.5500437607508033,7.708184645356871,536,82,19,7.708184645356871,0.006707952107008376,visible,False,0.0,0.0,0.0,0
3.11.16m_fineBoundarySigmoidMap_v1,2026-05-30T21-48-41-019Z_r00099_rep10_want82_simul_ampB4.000_ampD5.725,99,10,82,2.0,5.0,0.5,4.0,5.725,9.725,61,12200,0.12,200,3,7,0.5633929573859331,22,25,0.6498055393579238,bothOn,114,1149.1114609027632,2,400,3.5500437607508033,7.708184645356871,536,82,19,7.708184645356871,0.006707952107008376,visible,False,0.0,0.0,0.0,0
3.11.16m_fineBoundarySigmoidMap_v1,2026-05-30T21-48-42-624Z_r00100_rep1_want82_simul_ampB4.000_ampD5.750,100,1,82,2.0,5.0,0.5,4.0,5.75,9.75,61,12200,0.12,200,3,7,0.5633601547450583,22,25,0.6497732594885759,bothOn,114,1149.1118689711989,2,400,3.5500773844290765,7.708186045157895,536,82,19,7.708186045157895,0.006707950943063824,visible,False,0.0,0.0,0.0,0
3.11.16m_fineBoundarySigmoidMap_v1,2026-05-30T21-48-44-226Z_r00101_rep2_want82_simul_ampB4.000_ampD5.750,101,2,82,2.0,5.0,0.5,4.0,5.75,9.75,61,12200,0.12,200,3,7,0.5633601547450583,22,25,0.6497732594885759,bothOn,114,1149.1118689711989,2,400,3.5500773844290765,7.708186045157895,536,82,19,7.708186045157895,0.006707950943063824,visible,False,0.0,0.0,0.0,0
3.11.16m_fineBoundarySigmoidMap_v1,2026-05-30T21-48-45-838Z_r00102_rep3_want82_simul_ampB4.000_ampD5.750,102,3,82,2.0,5.0,0.5,4.0,5.75,9.75,61,12200,0.12,200,3,7,0.5633601547450583,22,25,0.6497732594885759,bothOn,114,1149.1118689711989,2,400,3.5500773844290765,7.708186045157895,536,82,19,7.708186045157895,0.006707950943063824,visible,False,0.0,0.0,0.0,0
3.11.16m_fineBoundarySigmoidMap_v1,2026-05-30T21-48-47-476Z_r00103_rep4_want82_simul_ampB4.000_ampD5.750,103,4,82,2.0,5.0,0.5,4.0,5.75,9.75,61,12200,0.12,200,3,7,0.5633601547450583,22,25,0.6497732594885759,bothOn,114,1149.1118689711989,2,400,3.5500773844290765,7.708186045157895,536,82,19,7.708186045157895,0.006707950943063824,visible,False,0.0,0.0,0.0,0
3.11.16m_fineBoundarySigmoidMap_v1,2026-05-30T21-48-49-093Z_r00104_rep5_want82_simul_ampB4.000_ampD5.750,104,5,82,2.0,5.0,0.5,4.0,5.75,9.75,61,12200,0.12,200,3,7,0.5633601547450583,22,25,0.6497732594885759,bothOn,114,1149.1118689711989,2,400,3.5500773844290765,7.708186045157895,536,82,19,7.708186045157895,0.006707950943063824,visible,False,0.0,0.0,0.0,0
3.11.16m_fineBoundarySigmoidMap_v1,2026-05-30T21-48-50-734Z_r00105_rep6_want82_simul_ampB4.000_ampD5.750,105,6,82,2.0,5.0,0.5,4.0,5.75,9.75,61,12200,0.12,200,3,7,0.5633601547450583,22,25,0.6497732594885759,bothOn,114,1149.1118689711989,2,400,3.5500773844290765,7.708186045157895,536,82,19,7.708186045157895,0.006707950943063824,visible,False,0.0,0.0,0.0,0
3.11.16m_fineBoundarySigmoidMap_v1,2026-05-30T21-48-52-341Z_r00106_rep7_want82_simul_ampB4.000_ampD5.750,106,7,82,2.0,5.0,0.5,4.0,5.75,9.75,61,12200,0.12,200,3,7,0.5633601547450583,22,25,0.6497732594885759,bothOn,114,1149.1118689711989,2,400,3.5500773844290765,7.708186045157895,536,82,19,7.708186045157895,0.006707950943063824,visible,False,0.0,0.0,0.0,0
3.11.16m_fineBoundarySigmoidMap_v1,2026-05-30T21-48-53-947Z_r00107_rep8_want82_simul_ampB4.000_ampD5.750,107,8,82,2.0,5.0,0.5,4.0,5.75,9.75,61,12200,0.12,200,3,7,0.5633601547450583,22,25,0.6497732594885759,bothOn,114,1149.1118689711989,2,400,3.5500773844290765,7.708186045157895,536,82,19,7.708186045157895,0.006707950943063824,visible,False,0.0,0.0,0.0,0
3.11.16m_fineBoundarySigmoidMap_v1,2026-05-30T21-48-55-556Z_r00108_rep9_want82_simul_ampB4.000_ampD5.750,108,9,82,2.0,5.0,0.5,4.0,5.75,9.75,61,12200,0.12,200,3,7,0.5633601547450583,22,25,0.6497732594885759,bothOn,114,1149.1118689711989,2,400,3.5500773844290765,7.708186045157895,536,82,19,7.708186045157895,0.006707950943063824,visible,False,0.0,0.0,0.0,0
3.11.16m_fineBoundarySigmoidMap_v1,2026-05-30T21-48-57-159Z_r00109_rep10_want82_simul_ampB4.000_ampD5.750,109,10,82,2.0,5.0,0.5,4.0,5.75,9.75,61,12200,0.12,200,3,7,0.5633601547450583,22,25,0.6497732594885759,bothOn,114,1149.1118689711989,2,400,3.5500773844290765,7.708186045157895,536,82,19,7.708186045157895,0.006707950943063824,visible,False,0.0,0.0,0.0,0
