schema,runId,runIndex,repIndex,pressCBase,pressCUsed,dampUsed,want_basin_id,latched_basin,psi_trim,dt,everyMs,totalTicks,settleTicks,capLawHash,capLawSig,capLawApplied,capLawDtUsed,gain,multB,multD,offset,ampB0,ampD,ratioBD,injectTick114,injectTick136,arbiter_tick,arbiter_edge,arbiter_owner,handshake_tick,handshake_applied,first114Max_tick,first136Max_tick,precedence,deltaTicks,fastFollow,packetClass,peak114_abs,peak136_abs,cross_peakAbs_89_79,visibilityStateStart,wasHidden
sol_phase311_16z_bridgeControlSweep_v1,2026-06-04T16-45-48-290Z_r00000_d4.000_b82_t+0.05_rep1,0,1,2.0,2.0,4.0,82,82,0.05,0.12,200,61,3,9dbcb7d6,"{""enabled"": true, ""lawFamily"": ""power"", ""proxy"": ""degree"", ""alpha"": 0.8, ""k0"": null, ""dt0"": 0.12, ""kDtGamma"": 0.0, ""lambda"": 0.0, ""clampMin"": 0.25, ""clampMax"": 5000.0, ""anchor"": {""nodeId"": 89, ""smRef"": 3774.0}, ""includeBackgroundEdges"": false, ""writeTo"": ""both""}",true,0.12,22,1.144,1.0,1,100.672,126.5,0.7958260869565217,1,0,14,136->89,136,15,1,18,14,136_first,4,1,136_then_114_fast,0.16444358325157424,0.17273421205195114,6.291226182091674e-06,visible,False
sol_phase311_16z_bridgeControlSweep_v1,2026-06-04T16-45-49-921Z_r00001_d6.000_b90_t+0.05_rep1,1,1,2.0,2.0,6.0,90,90,0.05,0.12,200,61,3,9dbcb7d6,"{""enabled"": true, ""lawFamily"": ""power"", ""proxy"": ""degree"", ""alpha"": 0.8, ""k0"": null, ""dt0"": 0.12, ""kDtGamma"": 0.0, ""lambda"": 0.0, ""clampMin"": 0.25, ""clampMax"": 5000.0, ""anchor"": {""nodeId"": 89, ""smRef"": 3774.0}, ""includeBackgroundEdges"": false, ""writeTo"": ""both""}",true,0.12,22,1.144,1.0,1,100.672,126.5,0.7958260869565217,1,0,14,136->89,136,15,1,17,14,136_first,3,1,136_then_114_fast,0.13257682641910937,0.14824112377383664,3.6642923513861065e-06,visible,False
sol_phase311_16z_bridgeControlSweep_v1,2026-06-04T16-45-51-614Z_r00002_d10.000_b90_t-0.05_rep3,2,3,2.0,2.0,10.0,90,90,-0.05,0.12,200,61,3,9dbcb7d6,"{""enabled"": true, ""lawFamily"": ""power"", ""proxy"": ""degree"", ""alpha"": 0.8, ""k0"": null, ""dt0"": 0.12, ""kDtGamma"": 0.0, ""lambda"": 0.0, ""clampMin"": 0.25, ""clampMax"": 5000.0, ""anchor"": {""nodeId"": 89, ""smRef"": 3774.0}, ""includeBackgroundEdges"": false, ""writeTo"": ""both""}",true,0.12,22,1.144,1.0,1,100.672,126.5,0.7958260869565217,1,0,7,136->89,136,8,1,10,7,136_first,3,1,136_then_114_fast,0.11628384673572567,0.11753072758534731,1.6968537849782736e-06,visible,False
sol_phase311_16z_bridgeControlSweep_v1,2026-06-04T16-45-53-224Z_r00003_d15.000_b90_t+0.05_rep1,3,1,2.0,2.0,15.0,90,90,0.05,0.12,200,61,3,9dbcb7d6,"{""enabled"": true, ""lawFamily"": ""power"", ""proxy"": ""degree"", ""alpha"": 0.8, ""k0"": null, ""dt0"": 0.12, ""kDtGamma"": 0.0, ""lambda"": 0.0, ""clampMin"": 0.25, ""clampMax"": 5000.0, ""anchor"": {""nodeId"": 89, ""smRef"": 3774.0}, ""includeBackgroundEdges"": false, ""writeTo"": ""both""}",true,0.12,22,1.144,1.0,1,100.672,126.5,0.7958260869565217,1,0,4,136->89,136,5,1,7,4,136_first,3,1,136_then_114_fast,0.09852629621667088,0.09499989804905179,8.684181444856362e-07,visible,False
sol_phase311_16z_bridgeControlSweep_v1,2026-06-04T16-45-54-849Z_r00004_d10.000_b90_t-0.15_rep3,4,3,2.0,2.0,10.0,90,90,-0.15,0.12,200,61,3,9dbcb7d6,"{""enabled"": true, ""lawFamily"": ""power"", ""proxy"": ""degree"", ""alpha"": 0.8, ""k0"": null, ""dt0"": 0.12, ""kDtGamma"": 0.0, ""lambda"": 0.0, ""clampMin"": 0.25, ""clampMax"": 5000.0, ""anchor"": {""nodeId"": 89, ""smRef"": 3774.0}, ""includeBackgroundEdges"": false, ""writeTo"": ""both""}",true,0.12,22,1.144,1.0,1,100.672,126.5,0.7958260869565217,1,0,7,136->89,136,8,1,10,7,136_first,3,1,136_then_114_fast,0.11484276926681894,0.11753077473629858,1.6922396841166344e-06,visible,False
sol_phase311_16z_bridgeControlSweep_v1,2026-06-04T16-45-56-493Z_r00005_d10.000_b82_t-0.15_rep1,5,1,2.0,2.0,10.0,82,82,-0.15,0.12,200,61,3,9dbcb7d6,"{""enabled"": true, ""lawFamily"": ""power"", ""proxy"": ""degree"", ""alpha"": 0.8, ""k0"": null, ""dt0"": 0.12, ""kDtGamma"": 0.0, ""lambda"": 0.0, ""clampMin"": 0.25, ""clampMax"": 5000.0, ""anchor"": {""nodeId"": 89, ""smRef"": 3774.0}, ""includeBackgroundEdges"": false, ""writeTo"": ""both""}",true,0.12,22,1.144,1.0,1,100.672,126.5,0.7958260869565217,1,0,5,136->89,136,6,1,9,5,136_first,4,1,136_then_114_fast,0.11877185030143274,0.11753130590545419,1.6748732096211332e-06,visible,False
sol_phase311_16z_bridgeControlSweep_v1,2026-06-04T16-45-58-140Z_r00006_d10.000_b90_t-0.05_rep1,6,1,2.0,2.0,10.0,90,90,-0.05,0.12,200,61,3,9dbcb7d6,"{""enabled"": true, ""lawFamily"": ""power"", ""proxy"": ""degree"", ""alpha"": 0.8, ""k0"": null, ""dt0"": 0.12, ""kDtGamma"": 0.0, ""lambda"": 0.0, ""clampMin"": 0.25, ""clampMax"": 5000.0, ""anchor"": {""nodeId"": 89, ""smRef"": 3774.0}, ""includeBackgroundEdges"": false, ""writeTo"": ""both""}",true,0.12,22,1.144,1.0,1,100.672,126.5,0.7958260869565217,1,0,7,136->89,136,8,1,10,7,136_first,3,1,136_then_114_fast,0.11628384673572567,0.11753072758534731,1.6968537849782736e-06,visible,False
sol_phase311_16z_bridgeControlSweep_v1,2026-06-04T16-45-59-805Z_r00007_d6.000_b90_t+0.15_rep1,7,1,2.0,2.0,6.0,90,90,0.15,0.12,200,61,3,9dbcb7d6,"{""enabled"": true, ""lawFamily"": ""power"", ""proxy"": ""degree"", ""alpha"": 0.8, ""k0"": null, ""dt0"": 0.12, ""kDtGamma"": 0.0, ""lambda"": 0.0, ""clampMin"": 0.25, ""clampMax"": 5000.0, ""anchor"": {""nodeId"": 89, ""smRef"": 3774.0}, ""includeBackgroundEdges"": false, ""writeTo"": ""both""}",true,0.12,22,1.144,1.0,1,100.672,126.5,0.7958260869565217,1,0,14,136->89,136,15,1,16,14,136_first,2,1,136_then_114_fast,0.1342354950630618,0.1482410289193625,3.6736836902972882e-06,visible,False
sol_phase311_16z_bridgeControlSweep_v1,2026-06-04T16-46-01-446Z_r00008_d10.000_b90_t+0.00_rep1,8,1,2.0,2.0,10.0,90,90,0.0,0.12,200,61,3,9dbcb7d6,"{""enabled"": true, ""lawFamily"": ""power"", ""proxy"": ""degree"", ""alpha"": 0.8, ""k0"": null, ""dt0"": 0.12, ""kDtGamma"": 0.0, ""lambda"": 0.0, ""clampMin"": 0.25, ""clampMax"": 5000.0, ""anchor"": {""nodeId"": 89, ""smRef"": 3774.0}, ""includeBackgroundEdges"": false, ""writeTo"": ""both""}",true,0.12,22,1.144,1.0,1,100.672,126.5,0.7958260869565217,1,0,7,136->89,136,8,1,10,7,136_first,3,1,136_then_114_fast,0.11701113904744366,0.11753070378799452,1.6991824514129082e-06,visible,False
sol_phase311_16z_bridgeControlSweep_v1,2026-06-04T16-46-03-072Z_r00009_d15.000_b90_t-0.05_rep2,9,2,2.0,2.0,15.0,90,90,-0.05,0.12,200,61,3,9dbcb7d6,"{""enabled"": true, ""lawFamily"": ""power"", ""proxy"": ""degree"", ""alpha"": 0.8, ""k0"": null, ""dt0"": 0.12, ""kDtGamma"": 0.0, ""lambda"": 0.0, ""clampMin"": 0.25, ""clampMax"": 5000.0, ""anchor"": {""nodeId"": 89, ""smRef"": 3774.0}, ""includeBackgroundEdges"": false, ""writeTo"": ""both""}",true,0.12,22,1.144,1.0,1,100.672,126.5,0.7958260869565217,1,0,4,136->89,136,5,1,7,4,136_first,3,1,136_then_114_fast,0.0973041865544296,0.09499991976139896,8.657990255822784e-07,visible,False
sol_phase311_16z_bridgeControlSweep_v1,2026-06-04T16-46-04-678Z_r00010_d15.000_b82_t-0.15_rep3,10,3,2.0,2.0,15.0,82,82,-0.15,0.12,200,61,3,9dbcb7d6,"{""enabled"": true, ""lawFamily"": ""power"", ""proxy"": ""degree"", ""alpha"": 0.8, ""k0"": null, ""dt0"": 0.12, ""kDtGamma"": 0.0, ""lambda"": 0.0, ""clampMin"": 0.25, ""clampMax"": 5000.0, ""anchor"": {""nodeId"": 89, ""smRef"": 3774.0}, ""includeBackgroundEdges"": false, ""writeTo"": ""both""}",true,0.12,22,1.144,1.0,1,100.672,126.5,0.7958260869565217,1,0,3,136->89,136,4,1,7,3,136_first,4,1,136_then_114_fast,0.09713203523339073,0.09500023911937953,8.511783447887598e-07,visible,False
sol_phase311_16z_bridgeControlSweep_v1,2026-06-04T16-46-06-288Z_r00011_d6.000_b90_t-0.05_rep2,11,2,2.0,2.0,6.0,90,90,-0.05,0.12,200,61,3,9dbcb7d6,"{""enabled"": true, ""lawFamily"": ""power"", ""proxy"": ""degree"", ""alpha"": 0.8, ""k0"": null, ""dt0"": 0.12, ""kDtGamma"": 0.0, ""lambda"": 0.0, ""clampMin"": 0.25, ""clampMax"": 5000.0, ""anchor"": {""nodeId"": 89, ""smRef"": 3774.0}, ""includeBackgroundEdges"": false, ""writeTo"": ""both""}",true,0.12,22,1.144,1.0,1,100.672,126.5,0.7958260869565217,1,0,14,136->89,136,15,1,17,14,136_first,3,1,136_then_114_fast,0.13093854898510238,0.1482412174503254,3.6550168120133363e-06,visible,False
sol_phase311_16z_bridgeControlSweep_v1,2026-06-04T16-46-07-904Z_r00012_d6.000_b90_t+0.15_rep2,12,2,2.0,2.0,6.0,90,90,0.15,0.12,200,61,3,9dbcb7d6,"{""enabled"": true, ""lawFamily"": ""power"", ""proxy"": ""degree"", ""alpha"": 0.8, ""k0"": null, ""dt0"": 0.12, ""kDtGamma"": 0.0, ""lambda"": 0.0, ""clampMin"": 0.25, ""clampMax"": 5000.0, ""anchor"": {""nodeId"": 89, ""smRef"": 3774.0}, ""includeBackgroundEdges"": false, ""writeTo"": ""both""}",true,0.12,22,1.144,1.0,1,100.672,126.5,0.7958260869565217,1,0,14,136->89,136,15,1,16,14,136_first,2,1,136_then_114_fast,0.1342354950630618,0.1482410289193625,3.6736836902972882e-06,visible,False
sol_phase311_16z_bridgeControlSweep_v1,2026-06-04T16-46-09-535Z_r00013_d10.000_b82_t-0.15_rep3,13,3,2.0,2.0,10.0,82,82,-0.15,0.12,200,61,3,9dbcb7d6,"{""enabled"": true, ""lawFamily"": ""power"", ""proxy"": ""degree"", ""alpha"": 0.8, ""k0"": null, ""dt0"": 0.12, ""kDtGamma"": 0.0, ""lambda"": 0.0, ""clampMin"": 0.25, ""clampMax"": 5000.0, ""anchor"": {""nodeId"": 89, ""smRef"": 3774.0}, ""includeBackgroundEdges"": false, ""writeTo"": ""both""}",true,0.12,22,1.144,1.0,1,100.672,126.5,0.7958260869565217,1,0,5,136->89,136,6,1,9,5,136_first,4,1,136_then_114_fast,0.11877185030143274,0.11753130590545419,1.6748732096211332e-06,visible,False
sol_phase311_16z_bridgeControlSweep_v1,2026-06-04T16-46-11-191Z_r00014_d6.000_b82_t-0.15_rep2,14,2,2.0,2.0,6.0,82,82,-0.15,0.12,200,61,3,9dbcb7d6,"{""enabled"": true, ""lawFamily"": ""power"", ""proxy"": ""degree"", ""alpha"": 0.8, ""k0"": null, ""dt0"": 0.12, ""kDtGamma"": 0.0, ""lambda"": 0.0, ""clampMin"": 0.25, ""clampMax"": 5000.0, ""anchor"": {""nodeId"": 89, ""smRef"": 3774.0}, ""includeBackgroundEdges"": false, ""writeTo"": ""both""}",true,0.12,22,1.144,1.0,1,100.672,126.5,0.7958260869565217,1,0,9,136->89,136,10,1,13,9,136_first,4,1,136_then_114_fast,0.1445326678227661,0.14824229772658687,3.635221855989485e-06,visible,False
sol_phase311_16z_bridgeControlSweep_v1,2026-06-04T16-46-12-801Z_r00015_d4.000_b90_t-0.15_rep3,15,3,2.0,2.0,4.0,90,90,-0.15,0.12,200,61,3,9dbcb7d6,"{""enabled"": true, ""lawFamily"": ""power"", ""proxy"": ""degree"", ""alpha"": 0.8, ""k0"": null, ""dt0"": 0.12, ""kDtGamma"": 0.0, ""lambda"": 0.0, ""clampMin"": 0.25, ""clampMax"": 5000.0, ""anchor"": {""nodeId"": 89, ""smRef"": 3774.0}, ""includeBackgroundEdges"": false, ""writeTo"": ""both""}",true,0.12,22,1.144,1.0,1,100.672,126.5,0.7958260869565217,1,0,31,136->89,136,32,1,33,31,136_first,2,1,136_then_114_fast,0.15032467622743093,0.17273280220116244,6.215406850863687e-06,visible,False
sol_phase311_16z_bridgeControlSweep_v1,2026-06-04T16-46-14-415Z_r00016_d6.000_b90_t+0.00_rep2,16,2,2.0,2.0,6.0,90,90,0.0,0.12,200,61,3,9dbcb7d6,"{""enabled"": true, ""lawFamily"": ""power"", ""proxy"": ""degree"", ""alpha"": 0.8, ""k0"": null, ""dt0"": 0.12, ""kDtGamma"": 0.0, ""lambda"": 0.0, ""clampMin"": 0.25, ""clampMax"": 5000.0, ""anchor"": {""nodeId"": 89, ""smRef"": 3774.0}, ""includeBackgroundEdges"": false, ""writeTo"": ""both""}",true,0.12,22,1.144,1.0,1,100.672,126.5,0.7958260869565217,1,0,14,136->89,136,15,1,17,14,136_first,3,1,136_then_114_fast,0.13175515436938087,0.1482411707584108,3.6596401957209964e-06,visible,False
sol_phase311_16z_bridgeControlSweep_v1,2026-06-04T16-46-16-032Z_r00017_d10.000_b90_t+0.00_rep2,17,2,2.0,2.0,10.0,90,90,0.0,0.12,200,61,3,9dbcb7d6,"{""enabled"": true, ""lawFamily"": ""power"", ""proxy"": ""degree"", ""alpha"": 0.8, ""k0"": null, ""dt0"": 0.12, ""kDtGamma"": 0.0, ""lambda"": 0.0, ""clampMin"": 0.25, ""clampMax"": 5000.0, ""anchor"": {""nodeId"": 89, ""smRef"": 3774.0}, ""includeBackgroundEdges"": false, ""writeTo"": ""both""}",true,0.12,22,1.144,1.0,1,100.672,126.5,0.7958260869565217,1,0,7,136->89,136,8,1,10,7,136_first,3,1,136_then_114_fast,0.11701113904744366,0.11753070378799452,1.6991824514129082e-06,visible,False
sol_phase311_16z_bridgeControlSweep_v1,2026-06-04T16-46-17-640Z_r00018_d15.000_b82_t+0.00_rep1,18,1,2.0,2.0,15.0,82,82,0.0,0.12,200,61,3,9dbcb7d6,"{""enabled"": true, ""lawFamily"": ""power"", ""proxy"": ""degree"", ""alpha"": 0.8, ""k0"": null, ""dt0"": 0.12, ""kDtGamma"": 0.0, ""lambda"": 0.0, ""clampMin"": 0.25, ""clampMax"": 5000.0, ""anchor"": {""nodeId"": 89, ""smRef"": 3774.0}, ""includeBackgroundEdges"": false, ""writeTo"": ""both""}",true,0.12,22,1.144,1.0,1,100.672,126.5,0.7958260869565217,1,0,3,136->89,136,4,1,6,3,136_first,3,1,136_then_114_fast,0.09896757454873646,0.09500020606644878,8.549116201854611e-07,visible,False
sol_phase311_16z_bridgeControlSweep_v1,2026-06-04T16-46-19-255Z_r00019_d4.000_b90_t+0.00_rep3,19,3,2.0,2.0,4.0,90,90,0.0,0.12,200,61,3,9dbcb7d6,"{""enabled"": true, ""lawFamily"": ""power"", ""proxy"": ""degree"", ""alpha"": 0.8, ""k0"": null, ""dt0"": 0.12, ""kDtGamma"": 0.0, ""lambda"": 0.0, ""clampMin"": 0.25, ""clampMax"": 5000.0, ""anchor"": {""nodeId"": 89, ""smRef"": 3774.0}, ""includeBackgroundEdges"": false, ""writeTo"": ""both""}",true,0.12,22,1.144,1.0,1,100.672,126.5,0.7958260869565217,1,0,31,136->89,136,32,1,33,31,136_first,2,1,136_then_114_fast,0.15316210368572425,0.1727325699121568,6.237241032352781e-06,visible,False
sol_phase311_16z_bridgeControlSweep_v1,2026-06-04T16-46-20-883Z_r00020_d4.000_b82_t+0.00_rep3,20,3,2.0,2.0,4.0,82,82,0.0,0.12,200,61,3,9dbcb7d6,"{""enabled"": true, ""lawFamily"": ""power"", ""proxy"": ""degree"", ""alpha"": 0.8, ""k0"": null, ""dt0"": 0.12, ""kDtGamma"": 0.0, ""lambda"": 0.0, ""clampMin"": 0.25, ""clampMax"": 5000.0, ""anchor"": {""nodeId"": 89, ""smRef"": 3774.0}, ""includeBackgroundEdges"": false, ""writeTo"": ""both""}",true,0.12,22,1.144,1.0,1,100.672,126.5,0.7958260869565217,1,0,14,136->89,136,15,1,18,14,136_first,4,1,136_then_114_fast,0.16342365032530184,0.1727342904496539,6.282923690762349e-06,visible,False
sol_phase311_16z_bridgeControlSweep_v1,2026-06-04T16-46-22-517Z_r00021_d4.000_b90_t-0.15_rep2,21,2,2.0,2.0,4.0,90,90,-0.15,0.12,200,61,3,9dbcb7d6,"{""enabled"": true, ""lawFamily"": ""power"", ""proxy"": ""degree"", ""alpha"": 0.8, ""k0"": null, ""dt0"": 0.12, ""kDtGamma"": 0.0, ""lambda"": 0.0, ""clampMin"": 0.25, ""clampMax"": 5000.0, ""anchor"": {""nodeId"": 89, ""smRef"": 3774.0}, ""includeBackgroundEdges"": false, ""writeTo"": ""both""}",true,0.12,22,1.144,1.0,1,100.672,126.5,0.7958260869565217,1,0,31,136->89,136,32,1,33,31,136_first,2,1,136_then_114_fast,0.15032467622743093,0.17273280220116244,6.215406850863687e-06,visible,False
sol_phase311_16z_bridgeControlSweep_v1,2026-06-04T16-46-24-135Z_r00022_d10.000_b90_t+0.00_rep3,22,3,2.0,2.0,10.0,90,90,0.0,0.12,200,61,3,9dbcb7d6,"{""enabled"": true, ""lawFamily"": ""power"", ""proxy"": ""degree"", ""alpha"": 0.8, ""k0"": null, ""dt0"": 0.12, ""kDtGamma"": 0.0, ""lambda"": 0.0, ""clampMin"": 0.25, ""clampMax"": 5000.0, ""anchor"": {""nodeId"": 89, ""smRef"": 3774.0}, ""includeBackgroundEdges"": false, ""writeTo"": ""both""}",true,0.12,22,1.144,1.0,1,100.672,126.5,0.7958260869565217,1,0,7,136->89,136,8,1,10,7,136_first,3,1,136_then_114_fast,0.11701113904744366,0.11753070378799452,1.6991824514129082e-06,visible,False
sol_phase311_16z_bridgeControlSweep_v1,2026-06-04T16-46-25-770Z_r00023_d15.000_b90_t-0.05_rep1,23,1,2.0,2.0,15.0,90,90,-0.05,0.12,200,61,3,9dbcb7d6,"{""enabled"": true, ""lawFamily"": ""power"", ""proxy"": ""degree"", ""alpha"": 0.8, ""k0"": null, ""dt0"": 0.12, ""kDtGamma"": 0.0, ""lambda"": 0.0, ""clampMin"": 0.25, ""clampMax"": 5000.0, ""anchor"": {""nodeId"": 89, ""smRef"": 3774.0}, ""includeBackgroundEdges"": false, ""writeTo"": ""both""}",true,0.12,22,1.144,1.0,1,100.672,126.5,0.7958260869565217,1,0,4,136->89,136,5,1,7,4,136_first,3,1,136_then_114_fast,0.0973041865544296,0.09499991976139896,8.657990255822784e-07,visible,False
sol_phase311_16z_bridgeControlSweep_v1,2026-06-04T16-46-27-421Z_r00024_d4.000_b82_t+0.00_rep2,24,2,2.0,2.0,4.0,82,82,0.0,0.12,200,61,3,9dbcb7d6,"{""enabled"": true, ""lawFamily"": ""power"", ""proxy"": ""degree"", ""alpha"": 0.8, ""k0"": null, ""dt0"": 0.12, ""kDtGamma"": 0.0, ""lambda"": 0.0, ""clampMin"": 0.25, ""clampMax"": 5000.0, ""anchor"": {""nodeId"": 89, ""smRef"": 3774.0}, ""includeBackgroundEdges"": false, ""writeTo"": ""both""}",true,0.12,22,1.144,1.0,1,100.672,126.5,0.7958260869565217,1,0,14,136->89,136,15,1,18,14,136_first,4,1,136_then_114_fast,0.16342365032530184,0.1727342904496539,6.282923690762349e-06,visible,False
sol_phase311_16z_bridgeControlSweep_v1,2026-06-04T16-46-29-051Z_r00025_d4.000_b82_t-0.15_rep2,25,2,2.0,2.0,4.0,82,82,-0.15,0.12,200,61,3,9dbcb7d6,"{""enabled"": true, ""lawFamily"": ""power"", ""proxy"": ""degree"", ""alpha"": 0.8, ""k0"": null, ""dt0"": 0.12, ""kDtGamma"": 0.0, ""lambda"": 0.0, ""clampMin"": 0.25, ""clampMax"": 5000.0, ""anchor"": {""nodeId"": 89, ""smRef"": 3774.0}, ""includeBackgroundEdges"": false, ""writeTo"": ""both""}",true,0.12,22,1.144,1.0,1,100.672,126.5,0.7958260869565217,1,0,14,136->89,136,15,1,18,14,136_first,4,1,136_then_114_fast,0.16040148794315404,0.17273452272506995,6.258322132511547e-06,visible,False
sol_phase311_16z_bridgeControlSweep_v1,2026-06-04T16-46-30-694Z_r00026_d6.000_b90_t-0.05_rep1,26,1,2.0,2.0,6.0,90,90,-0.05,0.12,200,61,3,9dbcb7d6,"{""enabled"": true, ""lawFamily"": ""power"", ""proxy"": ""degree"", ""alpha"": 0.8, ""k0"": null, ""dt0"": 0.12, ""kDtGamma"": 0.0, ""lambda"": 0.0, ""clampMin"": 0.25, ""clampMax"": 5000.0, ""anchor"": {""nodeId"": 89, ""smRef"": 3774.0}, ""includeBackgroundEdges"": false, ""writeTo"": ""both""}",true,0.12,22,1.144,1.0,1,100.672,126.5,0.7958260869565217,1,0,14,136->89,136,15,1,17,14,136_first,3,1,136_then_114_fast,0.13093854898510238,0.1482412174503254,3.6550168120133363e-06,visible,False
sol_phase311_16z_bridgeControlSweep_v1,2026-06-04T16-46-32-345Z_r00027_d4.000_b90_t+0.05_rep2,27,2,2.0,2.0,4.0,90,90,0.05,0.12,200,61,3,9dbcb7d6,"{""enabled"": true, ""lawFamily"": ""power"", ""proxy"": ""degree"", ""alpha"": 0.8, ""k0"": null, ""dt0"": 0.12, ""kDtGamma"": 0.0, ""lambda"": 0.0, ""clampMin"": 0.25, ""clampMax"": 5000.0, ""anchor"": {""nodeId"": 89, ""smRef"": 3774.0}, ""includeBackgroundEdges"": false, ""writeTo"": ""both""}",true,0.12,22,1.144,1.0,1,100.672,126.5,0.7958260869565217,1,0,31,136->89,136,32,1,33,31,136_first,2,1,136_then_114_fast,0.15411973888358316,0.17273249150981373,6.2446094641223335e-06,visible,False
sol_phase311_16z_bridgeControlSweep_v1,2026-06-04T16-46-33-966Z_r00028_d6.000_b82_t+0.05_rep3,28,3,2.0,2.0,6.0,82,82,0.05,0.12,200,61,3,9dbcb7d6,"{""enabled"": true, ""lawFamily"": ""power"", ""proxy"": ""degree"", ""alpha"": 0.8, ""k0"": null, ""dt0"": 0.12, ""kDtGamma"": 0.0, ""lambda"": 0.0, ""clampMin"": 0.25, ""clampMax"": 5000.0, ""anchor"": {""nodeId"": 89, ""smRef"": 3774.0}, ""includeBackgroundEdges"": false, ""writeTo"": ""both""}",true,0.12,22,1.144,1.0,1,100.672,126.5,0.7958260869565217,1,0,9,136->89,136,10,1,12,9,136_first,3,1,136_then_114_fast,0.14818005860012862,0.14824211146178023,3.6546411680246037e-06,visible,False
sol_phase311_16z_bridgeControlSweep_v1,2026-06-04T16-46-35-639Z_r00029_d6.000_b90_t-0.05_rep3,29,3,2.0,2.0,6.0,90,90,-0.05,0.12,200,61,3,9dbcb7d6,"{""enabled"": true, ""lawFamily"": ""power"", ""proxy"": ""degree"", ""alpha"": 0.8, ""k0"": null, ""dt0"": 0.12, ""kDtGamma"": 0.0, ""lambda"": 0.0, ""clampMin"": 0.25, ""clampMax"": 5000.0, ""anchor"": {""nodeId"": 89, ""smRef"": 3774.0}, ""includeBackgroundEdges"": false, ""writeTo"": ""both""}",true,0.12,22,1.144,1.0,1,100.672,126.5,0.7958260869565217,1,0,14,136->89,136,15,1,17,14,136_first,3,1,136_then_114_fast,0.13093854898510238,0.1482412174503254,3.6550168120133363e-06,visible,False
sol_phase311_16z_bridgeControlSweep_v1,2026-06-04T16-46-37-277Z_r00030_d6.000_b82_t+0.00_rep1,30,1,2.0,2.0,6.0,82,82,0.0,0.12,200,61,3,9dbcb7d6,"{""enabled"": true, ""lawFamily"": ""power"", ""proxy"": ""degree"", ""alpha"": 0.8, ""k0"": null, ""dt0"": 0.12, ""kDtGamma"": 0.0, ""lambda"": 0.0, ""clampMin"": 0.25, ""clampMax"": 5000.0, ""anchor"": {""nodeId"": 89, ""smRef"": 3774.0}, ""includeBackgroundEdges"": false, ""writeTo"": ""both""}",true,0.12,22,1.144,1.0,1,100.672,126.5,0.7958260869565217,1,0,9,136->89,136,10,1,13,9,136_first,4,1,136_then_114_fast,0.14725969484470347,0.1482421584653083,3.6497410557998146e-06,visible,False
sol_phase311_16z_bridgeControlSweep_v1,2026-06-04T16-46-38-942Z_r00031_d15.000_b82_t+0.00_rep2,31,2,2.0,2.0,15.0,82,82,0.0,0.12,200,61,3,9dbcb7d6,"{""enabled"": true, ""lawFamily"": ""power"", ""proxy"": ""degree"", ""alpha"": 0.8, ""k0"": null, ""dt0"": 0.12, ""kDtGamma"": 0.0, ""lambda"": 0.0, ""clampMin"": 0.25, ""clampMax"": 5000.0, ""anchor"": {""nodeId"": 89, ""smRef"": 3774.0}, ""includeBackgroundEdges"": false, ""writeTo"": ""both""}",true,0.12,22,1.144,1.0,1,100.672,126.5,0.7958260869565217,1,0,3,136->89,136,4,1,6,3,136_first,3,1,136_then_114_fast,0.09896757454873646,0.09500020606644878,8.549116201854611e-07,visible,False
sol_phase311_16z_bridgeControlSweep_v1,2026-06-04T16-46-40-620Z_r00032_d10.000_b82_t+0.05_rep3,32,3,2.0,2.0,10.0,82,82,0.05,0.12,200,61,3,9dbcb7d6,"{""enabled"": true, ""lawFamily"": ""power"", ""proxy"": ""degree"", ""alpha"": 0.8, ""k0"": null, ""dt0"": 0.12, ""kDtGamma"": 0.0, ""lambda"": 0.0, ""clampMin"": 0.25, ""clampMax"": 5000.0, ""anchor"": {""nodeId"": 89, ""smRef"": 3774.0}, ""includeBackgroundEdges"": false, ""writeTo"": ""both""}",true,0.12,22,1.144,1.0,1,100.672,126.5,0.7958260869565217,1,0,5,136->89,136,6,1,8,5,136_first,3,1,136_then_114_fast,0.12177250691607247,0.11753120932493843,1.6843864782459324e-06,visible,False
sol_phase311_16z_bridgeControlSweep_v1,2026-06-04T16-46-42-266Z_r00033_d15.000_b82_t-0.05_rep3,33,3,2.0,2.0,15.0,82,82,-0.05,0.12,200,61,3,9dbcb7d6,"{""enabled"": true, ""lawFamily"": ""power"", ""proxy"": ""degree"", ""alpha"": 0.8, ""k0"": null, ""dt0"": 0.12, ""kDtGamma"": 0.0, ""lambda"": 0.0, ""clampMin"": 0.25, ""clampMax"": 5000.0, ""anchor"": {""nodeId"": 89, ""smRef"": 3774.0}, ""includeBackgroundEdges"": false, ""writeTo"": ""both""}",true,0.12,22,1.144,1.0,1,100.672,126.5,0.7958260869565217,1,0,3,136->89,136,4,1,6,3,136_first,3,1,136_then_114_fast,0.09835191026326423,0.09500021715301525,8.536594358676444e-07,visible,False
sol_phase311_16z_bridgeControlSweep_v1,2026-06-04T16-46-43-879Z_r00034_d4.000_b90_t+0.00_rep1,34,1,2.0,2.0,4.0,90,90,0.0,0.12,200,61,3,9dbcb7d6,"{""enabled"": true, ""lawFamily"": ""power"", ""proxy"": ""degree"", ""alpha"": 0.8, ""k0"": null, ""dt0"": 0.12, ""kDtGamma"": 0.0, ""lambda"": 0.0, ""clampMin"": 0.25, ""clampMax"": 5000.0, ""anchor"": {""nodeId"": 89, ""smRef"": 3774.0}, ""includeBackgroundEdges"": false, ""writeTo"": ""both""}",true,0.12,22,1.144,1.0,1,100.672,126.5,0.7958260869565217,1,0,31,136->89,136,32,1,33,31,136_first,2,1,136_then_114_fast,0.15316210368572425,0.1727325699121568,6.237241032352781e-06,visible,False
sol_phase311_16z_bridgeControlSweep_v1,2026-06-04T16-46-45-553Z_r00035_d10.000_b82_t+0.05_rep1,35,1,2.0,2.0,10.0,82,82,0.05,0.12,200,61,3,9dbcb7d6,"{""enabled"": true, ""lawFamily"": ""power"", ""proxy"": ""degree"", ""alpha"": 0.8, ""k0"": null, ""dt0"": 0.12, ""kDtGamma"": 0.0, ""lambda"": 0.0, ""clampMin"": 0.25, ""clampMax"": 5000.0, ""anchor"": {""nodeId"": 89, ""smRef"": 3774.0}, ""includeBackgroundEdges"": false, ""writeTo"": ""both""}",true,0.12,22,1.144,1.0,1,100.672,126.5,0.7958260869565217,1,0,5,136->89,136,6,1,8,5,136_first,3,1,136_then_114_fast,0.12177250691607247,0.11753120932493843,1.6843864782459324e-06,visible,False
sol_phase311_16z_bridgeControlSweep_v1,2026-06-04T16-46-47-181Z_r00036_d4.000_b90_t+0.00_rep2,36,2,2.0,2.0,4.0,90,90,0.0,0.12,200,61,3,9dbcb7d6,"{""enabled"": true, ""lawFamily"": ""power"", ""proxy"": ""degree"", ""alpha"": 0.8, ""k0"": null, ""dt0"": 0.12, ""kDtGamma"": 0.0, ""lambda"": 0.0, ""clampMin"": 0.25, ""clampMax"": 5000.0, ""anchor"": {""nodeId"": 89, ""smRef"": 3774.0}, ""includeBackgroundEdges"": false, ""writeTo"": ""both""}",true,0.12,22,1.144,1.0,1,100.672,126.5,0.7958260869565217,1,0,31,136->89,136,32,1,33,31,136_first,2,1,136_then_114_fast,0.15316210368572425,0.1727325699121568,6.237241032352781e-06,visible,False
sol_phase311_16z_bridgeControlSweep_v1,2026-06-04T16-46-48-796Z_r00037_d10.000_b82_t-0.05_rep2,37,2,2.0,2.0,10.0,82,82,-0.05,0.12,200,61,3,9dbcb7d6,"{""enabled"": true, ""lawFamily"": ""power"", ""proxy"": ""degree"", ""alpha"": 0.8, ""k0"": null, ""dt0"": 0.12, ""kDtGamma"": 0.0, ""lambda"": 0.0, ""clampMin"": 0.25, ""clampMax"": 5000.0, ""anchor"": {""nodeId"": 89, ""smRef"": 3774.0}, ""includeBackgroundEdges"": false, ""writeTo"": ""both""}",true,0.12,22,1.144,1.0,1,100.672,126.5,0.7958260869565217,1,0,5,136->89,136,6,1,9,5,136_first,4,1,136_then_114_fast,0.12026283459692509,0.11753125791692258,1.6796002604976982e-06,visible,False
sol_phase311_16z_bridgeControlSweep_v1,2026-06-04T16-46-50-420Z_r00038_d4.000_b90_t-0.15_rep1,38,1,2.0,2.0,4.0,90,90,-0.15,0.12,200,61,3,9dbcb7d6,"{""enabled"": true, ""lawFamily"": ""power"", ""proxy"": ""degree"", ""alpha"": 0.8, ""k0"": null, ""dt0"": 0.12, ""kDtGamma"": 0.0, ""lambda"": 0.0, ""clampMin"": 0.25, ""clampMax"": 5000.0, ""anchor"": {""nodeId"": 89, ""smRef"": 3774.0}, ""includeBackgroundEdges"": false, ""writeTo"": ""both""}",true,0.12,22,1.144,1.0,1,100.672,126.5,0.7958260869565217,1,0,31,136->89,136,32,1,33,31,136_first,2,1,136_then_114_fast,0.15032467622743093,0.17273280220116244,6.215406850863687e-06,visible,False
sol_phase311_16z_bridgeControlSweep_v1,2026-06-04T16-46-52-065Z_r00039_d10.000_b82_t+0.00_rep3,39,3,2.0,2.0,10.0,82,82,0.0,0.12,200,61,3,9dbcb7d6,"{""enabled"": true, ""lawFamily"": ""power"", ""proxy"": ""degree"", ""alpha"": 0.8, ""k0"": null, ""dt0"": 0.12, ""kDtGamma"": 0.0, ""lambda"": 0.0, ""clampMin"": 0.25, ""clampMax"": 5000.0, ""anchor"": {""nodeId"": 89, ""smRef"": 3774.0}, ""includeBackgroundEdges"": false, ""writeTo"": ""both""}",true,0.12,22,1.144,1.0,1,100.672,126.5,0.7958260869565217,1,0,5,136->89,136,6,1,8,5,136_first,3,1,136_then_114_fast,0.12101532023472515,0.11753123369683396,1.681985927642496e-06,visible,False
sol_phase311_16z_bridgeControlSweep_v1,2026-06-04T16-46-53-724Z_r00040_d15.000_b82_t+0.15_rep3,40,3,2.0,2.0,15.0,82,82,0.15,0.12,200,61,3,9dbcb7d6,"{""enabled"": true, ""lawFamily"": ""power"", ""proxy"": ""degree"", ""alpha"": 0.8, ""k0"": null, ""dt0"": 0.12, ""kDtGamma"": 0.0, ""lambda"": 0.0, ""clampMin"": 0.25, ""clampMax"": 5000.0, ""anchor"": {""nodeId"": 89, ""smRef"": 3774.0}, ""includeBackgroundEdges"": false, ""writeTo"": ""both""}",true,0.12,22,1.144,1.0,1,100.672,126.5,0.7958260869565217,1,0,3,136->89,136,4,1,6,3,136_first,3,1,136_then_114_fast,0.10083776121642425,0.09500017238800924,8.58773695345178e-07,visible,False
sol_phase311_16z_bridgeControlSweep_v1,2026-06-04T16-46-55-371Z_r00041_d15.000_b82_t+0.05_rep2,41,2,2.0,2.0,15.0,82,82,0.05,0.12,200,61,3,9dbcb7d6,"{""enabled"": true, ""lawFamily"": ""power"", ""proxy"": ""degree"", ""alpha"": 0.8, ""k0"": null, ""dt0"": 0.12, ""kDtGamma"": 0.0, ""lambda"": 0.0, ""clampMin"": 0.25, ""clampMax"": 5000.0, ""anchor"": {""nodeId"": 89, ""smRef"": 3774.0}, ""includeBackgroundEdges"": false, ""writeTo"": ""both""}",true,0.12,22,1.144,1.0,1,100.672,126.5,0.7958260869565217,1,0,3,136->89,136,4,1,6,3,136_first,3,1,136_then_114_fast,0.09958708844139565,0.0950001949103832,8.561716281335744e-07,visible,False
sol_phase311_16z_bridgeControlSweep_v1,2026-06-04T16-46-57-051Z_r00042_d6.000_b90_t-0.15_rep2,42,2,2.0,2.0,6.0,90,90,-0.15,0.12,200,61,3,9dbcb7d6,"{""enabled"": true, ""lawFamily"": ""power"", ""proxy"": ""degree"", ""alpha"": 0.8, ""k0"": null, ""dt0"": 0.12, ""kDtGamma"": 0.0, ""lambda"": 0.0, ""clampMin"": 0.25, ""clampMax"": 5000.0, ""anchor"": {""nodeId"": 89, ""smRef"": 3774.0}, ""includeBackgroundEdges"": false, ""writeTo"": ""both""}",true,0.12,22,1.144,1.0,1,100.672,126.5,0.7958260869565217,1,0,14,136->89,136,15,1,17,14,136_first,3,1,136_then_114_fast,0.12932041477618206,0.1482413099634541,3.6458556552601122e-06,visible,False
sol_phase311_16z_bridgeControlSweep_v1,2026-06-04T16-46-58-674Z_r00043_d6.000_b82_t+0.00_rep2,43,2,2.0,2.0,6.0,82,82,0.0,0.12,200,61,3,9dbcb7d6,"{""enabled"": true, ""lawFamily"": ""power"", ""proxy"": ""degree"", ""alpha"": 0.8, ""k0"": null, ""dt0"": 0.12, ""kDtGamma"": 0.0, ""lambda"": 0.0, ""clampMin"": 0.25, ""clampMax"": 5000.0, ""anchor"": {""nodeId"": 89, ""smRef"": 3774.0}, ""includeBackgroundEdges"": false, ""writeTo"": ""both""}",true,0.12,22,1.144,1.0,1,100.672,126.5,0.7958260869565217,1,0,9,136->89,136,10,1,13,9,136_first,4,1,136_then_114_fast,0.14725969484470347,0.1482421584653083,3.6497410557998146e-06,visible,False
sol_phase311_16z_bridgeControlSweep_v1,2026-06-04T16-47-00-300Z_r00044_d4.000_b90_t-0.05_rep1,44,1,2.0,2.0,4.0,90,90,-0.05,0.12,200,61,3,9dbcb7d6,"{""enabled"": true, ""lawFamily"": ""power"", ""proxy"": ""degree"", ""alpha"": 0.8, ""k0"": null, ""dt0"": 0.12, ""kDtGamma"": 0.0, ""lambda"": 0.0, ""clampMin"": 0.25, ""clampMax"": 5000.0, ""anchor"": {""nodeId"": 89, ""smRef"": 3774.0}, ""includeBackgroundEdges"": false, ""writeTo"": ""both""}",true,0.12,22,1.144,1.0,1,100.672,126.5,0.7958260869565217,1,0,31,136->89,136,32,1,33,31,136_first,2,1,136_then_114_fast,0.1522104058907342,0.17273264782613826,6.229917969810077e-06,visible,False
sol_phase311_16z_bridgeControlSweep_v1,2026-06-04T16-47-01-973Z_r00045_d4.000_b90_t-0.05_rep3,45,3,2.0,2.0,4.0,90,90,-0.05,0.12,200,61,3,9dbcb7d6,"{""enabled"": true, ""lawFamily"": ""power"", ""proxy"": ""degree"", ""alpha"": 0.8, ""k0"": null, ""dt0"": 0.12, ""kDtGamma"": 0.0, ""lambda"": 0.0, ""clampMin"": 0.25, ""clampMax"": 5000.0, ""anchor"": {""nodeId"": 89, ""smRef"": 3774.0}, ""includeBackgroundEdges"": false, ""writeTo"": ""both""}",true,0.12,22,1.144,1.0,1,100.672,126.5,0.7958260869565217,1,0,31,136->89,136,32,1,33,31,136_first,2,1,136_then_114_fast,0.1522104058907342,0.17273264782613826,6.229917969810077e-06,visible,False
sol_phase311_16z_bridgeControlSweep_v1,2026-06-04T16-47-03-595Z_r00046_d6.000_b82_t+0.00_rep3,46,3,2.0,2.0,6.0,82,82,0.0,0.12,200,61,3,9dbcb7d6,"{""enabled"": true, ""lawFamily"": ""power"", ""proxy"": ""degree"", ""alpha"": 0.8, ""k0"": null, ""dt0"": 0.12, ""kDtGamma"": 0.0, ""lambda"": 0.0, ""clampMin"": 0.25, ""clampMax"": 5000.0, ""anchor"": {""nodeId"": 89, ""smRef"": 3774.0}, ""includeBackgroundEdges"": false, ""writeTo"": ""both""}",true,0.12,22,1.144,1.0,1,100.672,126.5,0.7958260869565217,1,0,9,136->89,136,10,1,13,9,136_first,4,1,136_then_114_fast,0.14725969484470347,0.1482421584653083,3.6497410557998146e-06,visible,False
sol_phase311_16z_bridgeControlSweep_v1,2026-06-04T16-47-05-220Z_r00047_d10.000_b82_t+0.05_rep2,47,2,2.0,2.0,10.0,82,82,0.05,0.12,200,61,3,9dbcb7d6,"{""enabled"": true, ""lawFamily"": ""power"", ""proxy"": ""degree"", ""alpha"": 0.8, ""k0"": null, ""dt0"": 0.12, ""kDtGamma"": 0.0, ""lambda"": 0.0, ""clampMin"": 0.25, ""clampMax"": 5000.0, ""anchor"": {""nodeId"": 89, ""smRef"": 3774.0}, ""includeBackgroundEdges"": false, ""writeTo"": ""both""}",true,0.12,22,1.144,1.0,1,100.672,126.5,0.7958260869565217,1,0,5,136->89,136,6,1,8,5,136_first,3,1,136_then_114_fast,0.12177250691607247,0.11753120932493843,1.6843864782459324e-06,visible,False
sol_phase311_16z_bridgeControlSweep_v1,2026-06-04T16-47-06-907Z_r00048_d10.000_b90_t+0.05_rep1,48,1,2.0,2.0,10.0,90,90,0.05,0.12,200,61,3,9dbcb7d6,"{""enabled"": true, ""lawFamily"": ""power"", ""proxy"": ""degree"", ""alpha"": 0.8, ""k0"": null, ""dt0"": 0.12, ""kDtGamma"": 0.0, ""lambda"": 0.0, ""clampMin"": 0.25, ""clampMax"": 5000.0, ""anchor"": {""nodeId"": 89, ""smRef"": 3774.0}, ""includeBackgroundEdges"": false, ""writeTo"": ""both""}",true,0.12,22,1.144,1.0,1,100.672,126.5,0.7958260869565217,1,0,7,136->89,136,8,1,10,7,136_first,3,1,136_then_114_fast,0.11774297106686994,0.11753067984148724,1.7015256478595437e-06,visible,False
sol_phase311_16z_bridgeControlSweep_v1,2026-06-04T16-47-08-541Z_r00049_d15.000_b90_t+0.00_rep2,49,2,2.0,2.0,15.0,90,90,0.0,0.12,200,61,3,9dbcb7d6,"{""enabled"": true, ""lawFamily"": ""power"", ""proxy"": ""degree"", ""alpha"": 0.8, ""k0"": null, ""dt0"": 0.12, ""kDtGamma"": 0.0, ""lambda"": 0.0, ""clampMin"": 0.25, ""clampMax"": 5000.0, ""anchor"": {""nodeId"": 89, ""smRef"": 3774.0}, ""includeBackgroundEdges"": false, ""writeTo"": ""both""}",true,0.12,22,1.144,1.0,1,100.672,126.5,0.7958260869565217,1,0,4,136->89,136,5,1,7,4,136_first,3,1,136_then_114_fast,0.09791333665851698,0.0949999089391468,8.671045086640399e-07,visible,False
sol_phase311_16z_bridgeControlSweep_v1,2026-06-04T16-47-10-162Z_r00050_d6.000_b82_t+0.05_rep1,50,1,2.0,2.0,6.0,82,82,0.05,0.12,200,61,3,9dbcb7d6,"{""enabled"": true, ""lawFamily"": ""power"", ""proxy"": ""degree"", ""alpha"": 0.8, ""k0"": null, ""dt0"": 0.12, ""kDtGamma"": 0.0, ""lambda"": 0.0, ""clampMin"": 0.25, ""clampMax"": 5000.0, ""anchor"": {""nodeId"": 89, ""smRef"": 3774.0}, ""includeBackgroundEdges"": false, ""writeTo"": ""both""}",true,0.12,22,1.144,1.0,1,100.672,126.5,0.7958260869565217,1,0,9,136->89,136,10,1,12,9,136_first,3,1,136_then_114_fast,0.14818005860012862,0.14824211146178023,3.6546411680246037e-06,visible,False
sol_phase311_16z_bridgeControlSweep_v1,2026-06-04T16-47-11-780Z_r00051_d4.000_b82_t+0.00_rep1,51,1,2.0,2.0,4.0,82,82,0.0,0.12,200,61,3,9dbcb7d6,"{""enabled"": true, ""lawFamily"": ""power"", ""proxy"": ""degree"", ""alpha"": 0.8, ""k0"": null, ""dt0"": 0.12, ""kDtGamma"": 0.0, ""lambda"": 0.0, ""clampMin"": 0.25, ""clampMax"": 5000.0, ""anchor"": {""nodeId"": 89, ""smRef"": 3774.0}, ""includeBackgroundEdges"": false, ""writeTo"": ""both""}",true,0.12,22,1.144,1.0,1,100.672,126.5,0.7958260869565217,1,0,14,136->89,136,15,1,18,14,136_first,4,1,136_then_114_fast,0.16342365032530184,0.1727342904496539,6.282923690762349e-06,visible,False
sol_phase311_16z_bridgeControlSweep_v1,2026-06-04T16-47-13-404Z_r00052_d15.000_b82_t+0.05_rep3,52,3,2.0,2.0,15.0,82,82,0.05,0.12,200,61,3,9dbcb7d6,"{""enabled"": true, ""lawFamily"": ""power"", ""proxy"": ""degree"", ""alpha"": 0.8, ""k0"": null, ""dt0"": 0.12, ""kDtGamma"": 0.0, ""lambda"": 0.0, ""clampMin"": 0.25, ""clampMax"": 5000.0, ""anchor"": {""nodeId"": 89, ""smRef"": 3774.0}, ""includeBackgroundEdges"": false, ""writeTo"": ""both""}",true,0.12,22,1.144,1.0,1,100.672,126.5,0.7958260869565217,1,0,3,136->89,136,4,1,6,3,136_first,3,1,136_then_114_fast,0.09958708844139565,0.0950001949103832,8.561716281335744e-07,visible,False
sol_phase311_16z_bridgeControlSweep_v1,2026-06-04T16-47-15-050Z_r00053_d10.000_b90_t-0.15_rep1,53,1,2.0,2.0,10.0,90,90,-0.15,0.12,200,61,3,9dbcb7d6,"{""enabled"": true, ""lawFamily"": ""power"", ""proxy"": ""degree"", ""alpha"": 0.8, ""k0"": null, ""dt0"": 0.12, ""kDtGamma"": 0.0, ""lambda"": 0.0, ""clampMin"": 0.25, ""clampMax"": 5000.0, ""anchor"": {""nodeId"": 89, ""smRef"": 3774.0}, ""includeBackgroundEdges"": false, ""writeTo"": ""both""}",true,0.12,22,1.144,1.0,1,100.672,126.5,0.7958260869565217,1,0,7,136->89,136,8,1,10,7,136_first,3,1,136_then_114_fast,0.11484276926681894,0.11753077473629858,1.6922396841166344e-06,visible,False
sol_phase311_16z_bridgeControlSweep_v1,2026-06-04T16-47-16-697Z_r00054_d6.000_b82_t-0.05_rep1,54,1,2.0,2.0,6.0,82,82,-0.05,0.12,200,61,3,9dbcb7d6,"{""enabled"": true, ""lawFamily"": ""power"", ""proxy"": ""degree"", ""alpha"": 0.8, ""k0"": null, ""dt0"": 0.12, ""kDtGamma"": 0.0, ""lambda"": 0.0, ""clampMin"": 0.25, ""clampMax"": 5000.0, ""anchor"": {""nodeId"": 89, ""smRef"": 3774.0}, ""includeBackgroundEdges"": false, ""writeTo"": ""both""}",true,0.12,22,1.144,1.0,1,100.672,126.5,0.7958260869565217,1,0,9,136->89,136,10,1,13,9,136_first,4,1,136_then_114_fast,0.146345031825318,0.14824220517607206,3.6448712569305415e-06,visible,False
sol_phase311_16z_bridgeControlSweep_v1,2026-06-04T16-47-18-340Z_r00055_d15.000_b82_t-0.05_rep2,55,2,2.0,2.0,15.0,82,82,-0.05,0.12,200,61,3,9dbcb7d6,"{""enabled"": true, ""lawFamily"": ""power"", ""proxy"": ""degree"", ""alpha"": 0.8, ""k0"": null, ""dt0"": 0.12, ""kDtGamma"": 0.0, ""lambda"": 0.0, ""clampMin"": 0.25, ""clampMax"": 5000.0, ""anchor"": {""nodeId"": 89, ""smRef"": 3774.0}, ""includeBackgroundEdges"": false, ""writeTo"": ""both""}",true,0.12,22,1.144,1.0,1,100.672,126.5,0.7958260869565217,1,0,3,136->89,136,4,1,6,3,136_first,3,1,136_then_114_fast,0.09835191026326423,0.09500021715301525,8.536594358676444e-07,visible,False
sol_phase311_16z_bridgeControlSweep_v1,2026-06-04T16-47-19-958Z_r00056_d15.000_b90_t+0.15_rep2,56,2,2.0,2.0,15.0,90,90,0.15,0.12,200,61,3,9dbcb7d6,"{""enabled"": true, ""lawFamily"": ""power"", ""proxy"": ""degree"", ""alpha"": 0.8, ""k0"": null, ""dt0"": 0.12, ""kDtGamma"": 0.0, ""lambda"": 0.0, ""clampMin"": 0.25, ""clampMax"": 5000.0, ""anchor"": {""nodeId"": 89, ""smRef"": 3774.0}, ""includeBackgroundEdges"": false, ""writeTo"": ""both""}",true,0.12,22,1.144,1.0,1,100.672,126.5,0.7958260869565217,1,0,4,136->89,136,5,1,6,4,136_first,2,1,136_then_114_fast,0.09976373888883179,0.09499987606362985,8.710700775187261e-07,visible,False
sol_phase311_16z_bridgeControlSweep_v1,2026-06-04T16-47-21-593Z_r00057_d10.000_b82_t+0.15_rep1,57,1,2.0,2.0,10.0,82,82,0.15,0.12,200,61,3,9dbcb7d6,"{""enabled"": true, ""lawFamily"": ""power"", ""proxy"": ""degree"", ""alpha"": 0.8, ""k0"": null, ""dt0"": 0.12, ""kDtGamma"": 0.0, ""lambda"": 0.0, ""clampMin"": 0.25, ""clampMax"": 5000.0, ""anchor"": {""nodeId"": 89, ""smRef"": 3774.0}, ""includeBackgroundEdges"": false, ""writeTo"": ""both""}",true,0.12,22,1.144,1.0,1,100.672,126.5,0.7958260869565217,1,0,5,136->89,136,6,1,8,5,136_first,3,1,136_then_114_fast,0.12330110063804216,0.11753116012191561,1.6892325995476272e-06,visible,False
sol_phase311_16z_bridgeControlSweep_v1,2026-06-04T16-47-23-205Z_r00058_d4.000_b82_t-0.15_rep3,58,3,2.0,2.0,4.0,82,82,-0.15,0.12,200,61,3,9dbcb7d6,"{""enabled"": true, ""lawFamily"": ""power"", ""proxy"": ""degree"", ""alpha"": 0.8, ""k0"": null, ""dt0"": 0.12, ""kDtGamma"": 0.0, ""lambda"": 0.0, ""clampMin"": 0.25, ""clampMax"": 5000.0, ""anchor"": {""nodeId"": 89, ""smRef"": 3774.0}, ""includeBackgroundEdges"": false, ""writeTo"": ""both""}",true,0.12,22,1.144,1.0,1,100.672,126.5,0.7958260869565217,1,0,14,136->89,136,15,1,18,14,136_first,4,1,136_then_114_fast,0.16040148794315404,0.17273452272506995,6.258322132511547e-06,visible,False
sol_phase311_16z_bridgeControlSweep_v1,2026-06-04T16-47-24-844Z_r00059_d10.000_b90_t+0.15_rep2,59,2,2.0,2.0,10.0,90,90,0.15,0.12,200,61,3,9dbcb7d6,"{""enabled"": true, ""lawFamily"": ""power"", ""proxy"": ""degree"", ""alpha"": 0.8, ""k0"": null, ""dt0"": 0.12, ""kDtGamma"": 0.0, ""lambda"": 0.0, ""clampMin"": 0.25, ""clampMax"": 5000.0, ""anchor"": {""nodeId"": 89, ""smRef"": 3774.0}, ""includeBackgroundEdges"": false, ""writeTo"": ""both""}",true,0.12,22,1.144,1.0,1,100.672,126.5,0.7958260869565217,1,0,7,136->89,136,8,1,9,7,136_first,2,1,136_then_114_fast,0.11922036723292448,0.11753063149726498,1.7062559923917592e-06,visible,False
sol_phase311_16z_bridgeControlSweep_v1,2026-06-04T16-47-26-464Z_r00060_d4.000_b90_t+0.15_rep1,60,1,2.0,2.0,4.0,90,90,0.15,0.12,200,61,3,9dbcb7d6,"{""enabled"": true, ""lawFamily"": ""power"", ""proxy"": ""degree"", ""alpha"": 0.8, ""k0"": null, ""dt0"": 0.12, ""kDtGamma"": 0.0, ""lambda"": 0.0, ""clampMin"": 0.25, ""clampMax"": 5000.0, ""anchor"": {""nodeId"": 89, ""smRef"": 3774.0}, ""includeBackgroundEdges"": false, ""writeTo"": ""both""}",true,0.12,22,1.144,1.0,1,100.672,126.5,0.7958260869565217,1,0,31,136->89,136,32,1,33,31,136_first,2,1,136_then_114_fast,0.15605296911926553,0.17273233322778328,6.2594835473360185e-06,visible,False
sol_phase311_16z_bridgeControlSweep_v1,2026-06-04T16-47-28-091Z_r00061_d4.000_b90_t+0.15_rep2,61,2,2.0,2.0,4.0,90,90,0.15,0.12,200,61,3,9dbcb7d6,"{""enabled"": true, ""lawFamily"": ""power"", ""proxy"": ""degree"", ""alpha"": 0.8, ""k0"": null, ""dt0"": 0.12, ""kDtGamma"": 0.0, ""lambda"": 0.0, ""clampMin"": 0.25, ""clampMax"": 5000.0, ""anchor"": {""nodeId"": 89, ""smRef"": 3774.0}, ""includeBackgroundEdges"": false, ""writeTo"": ""both""}",true,0.12,22,1.144,1.0,1,100.672,126.5,0.7958260869565217,1,0,31,136->89,136,32,1,33,31,136_first,2,1,136_then_114_fast,0.15605296911926553,0.17273233322778328,6.2594835473360185e-06,visible,False
sol_phase311_16z_bridgeControlSweep_v1,2026-06-04T16-47-29-798Z_r00062_d10.000_b82_t+0.00_rep1,62,1,2.0,2.0,10.0,82,82,0.0,0.12,200,61,3,9dbcb7d6,"{""enabled"": true, ""lawFamily"": ""power"", ""proxy"": ""degree"", ""alpha"": 0.8, ""k0"": null, ""dt0"": 0.12, ""kDtGamma"": 0.0, ""lambda"": 0.0, ""clampMin"": 0.25, ""clampMax"": 5000.0, ""anchor"": {""nodeId"": 89, ""smRef"": 3774.0}, ""includeBackgroundEdges"": false, ""writeTo"": ""both""}",true,0.12,22,1.144,1.0,1,100.672,126.5,0.7958260869565217,1,0,5,136->89,136,6,1,8,5,136_first,3,1,136_then_114_fast,0.12101532023472515,0.11753123369683396,1.681985927642496e-06,visible,False
sol_phase311_16z_bridgeControlSweep_v1,2026-06-04T16-47-31-477Z_r00063_d15.000_b82_t-0.15_rep2,63,2,2.0,2.0,15.0,82,82,-0.15,0.12,200,61,3,9dbcb7d6,"{""enabled"": true, ""lawFamily"": ""power"", ""proxy"": ""degree"", ""alpha"": 0.8, ""k0"": null, ""dt0"": 0.12, ""kDtGamma"": 0.0, ""lambda"": 0.0, ""clampMin"": 0.25, ""clampMax"": 5000.0, ""anchor"": {""nodeId"": 89, ""smRef"": 3774.0}, ""includeBackgroundEdges"": false, ""writeTo"": ""both""}",true,0.12,22,1.144,1.0,1,100.672,126.5,0.7958260869565217,1,0,3,136->89,136,4,1,7,3,136_first,4,1,136_then_114_fast,0.09713203523339073,0.09500023911937953,8.511783447887598e-07,visible,False
sol_phase311_16z_bridgeControlSweep_v1,2026-06-04T16-47-33-112Z_r00064_d10.000_b82_t+0.00_rep2,64,2,2.0,2.0,10.0,82,82,0.0,0.12,200,61,3,9dbcb7d6,"{""enabled"": true, ""lawFamily"": ""power"", ""proxy"": ""degree"", ""alpha"": 0.8, ""k0"": null, ""dt0"": 0.12, ""kDtGamma"": 0.0, ""lambda"": 0.0, ""clampMin"": 0.25, ""clampMax"": 5000.0, ""anchor"": {""nodeId"": 89, ""smRef"": 3774.0}, ""includeBackgroundEdges"": false, ""writeTo"": ""both""}",true,0.12,22,1.144,1.0,1,100.672,126.5,0.7958260869565217,1,0,5,136->89,136,6,1,8,5,136_first,3,1,136_then_114_fast,0.12101532023472515,0.11753123369683396,1.681985927642496e-06,visible,False
sol_phase311_16z_bridgeControlSweep_v1,2026-06-04T16-47-34-741Z_r00065_d4.000_b82_t+0.05_rep2,65,2,2.0,2.0,4.0,82,82,0.05,0.12,200,61,3,9dbcb7d6,"{""enabled"": true, ""lawFamily"": ""power"", ""proxy"": ""degree"", ""alpha"": 0.8, ""k0"": null, ""dt0"": 0.12, ""kDtGamma"": 0.0, ""lambda"": 0.0, ""clampMin"": 0.25, ""clampMax"": 5000.0, ""anchor"": {""nodeId"": 89, ""smRef"": 3774.0}, ""includeBackgroundEdges"": false, ""writeTo"": ""both""}",true,0.12,22,1.144,1.0,1,100.672,126.5,0.7958260869565217,1,0,14,136->89,136,15,1,18,14,136_first,4,1,136_then_114_fast,0.16444358325157424,0.17273421205195114,6.291226182091674e-06,visible,False
sol_phase311_16z_bridgeControlSweep_v1,2026-06-04T16-47-36-356Z_r00066_d4.000_b90_t+0.15_rep3,66,3,2.0,2.0,4.0,90,90,0.15,0.12,200,61,3,9dbcb7d6,"{""enabled"": true, ""lawFamily"": ""power"", ""proxy"": ""degree"", ""alpha"": 0.8, ""k0"": null, ""dt0"": 0.12, ""kDtGamma"": 0.0, ""lambda"": 0.0, ""clampMin"": 0.25, ""clampMax"": 5000.0, ""anchor"": {""nodeId"": 89, ""smRef"": 3774.0}, ""includeBackgroundEdges"": false, ""writeTo"": ""both""}",true,0.12,22,1.144,1.0,1,100.672,126.5,0.7958260869565217,1,0,31,136->89,136,32,1,33,31,136_first,2,1,136_then_114_fast,0.15605296911926553,0.17273233322778328,6.2594835473360185e-06,visible,False
sol_phase311_16z_bridgeControlSweep_v1,2026-06-04T16-47-37-978Z_r00067_d6.000_b82_t-0.15_rep1,67,1,2.0,2.0,6.0,82,82,-0.15,0.12,200,61,3,9dbcb7d6,"{""enabled"": true, ""lawFamily"": ""power"", ""proxy"": ""degree"", ""alpha"": 0.8, ""k0"": null, ""dt0"": 0.12, ""kDtGamma"": 0.0, ""lambda"": 0.0, ""clampMin"": 0.25, ""clampMax"": 5000.0, ""anchor"": {""nodeId"": 89, ""smRef"": 3774.0}, ""includeBackgroundEdges"": false, ""writeTo"": ""both""}",true,0.12,22,1.144,1.0,1,100.672,126.5,0.7958260869565217,1,0,9,136->89,136,10,1,13,9,136_first,4,1,136_then_114_fast,0.1445326678227661,0.14824229772658687,3.635221855989485e-06,visible,False
sol_phase311_16z_bridgeControlSweep_v1,2026-06-04T16-47-39-600Z_r00068_d15.000_b82_t+0.15_rep2,68,2,2.0,2.0,15.0,82,82,0.15,0.12,200,61,3,9dbcb7d6,"{""enabled"": true, ""lawFamily"": ""power"", ""proxy"": ""degree"", ""alpha"": 0.8, ""k0"": null, ""dt0"": 0.12, ""kDtGamma"": 0.0, ""lambda"": 0.0, ""clampMin"": 0.25, ""clampMax"": 5000.0, ""anchor"": {""nodeId"": 89, ""smRef"": 3774.0}, ""includeBackgroundEdges"": false, ""writeTo"": ""both""}",true,0.12,22,1.144,1.0,1,100.672,126.5,0.7958260869565217,1,0,3,136->89,136,4,1,6,3,136_first,3,1,136_then_114_fast,0.10083776121642425,0.09500017238800924,8.58773695345178e-07,visible,False
sol_phase311_16z_bridgeControlSweep_v1,2026-06-04T16-47-41-225Z_r00069_d4.000_b82_t-0.05_rep3,69,3,2.0,2.0,4.0,82,82,-0.05,0.12,200,61,3,9dbcb7d6,"{""enabled"": true, ""lawFamily"": ""power"", ""proxy"": ""degree"", ""alpha"": 0.8, ""k0"": null, ""dt0"": 0.12, ""kDtGamma"": 0.0, ""lambda"": 0.0, ""clampMin"": 0.25, ""clampMax"": 5000.0, ""anchor"": {""nodeId"": 89, ""smRef"": 3774.0}, ""includeBackgroundEdges"": false, ""writeTo"": ""both""}",true,0.12,22,1.144,1.0,1,100.672,126.5,0.7958260869565217,1,0,14,136->89,136,15,1,18,14,136_first,4,1,136_then_114_fast,0.1624100157799825,0.1727343683590508,6.274672393237684e-06,visible,False
sol_phase311_16z_bridgeControlSweep_v1,2026-06-04T16-47-42-906Z_r00070_d10.000_b82_t-0.05_rep1,70,1,2.0,2.0,10.0,82,82,-0.05,0.12,200,61,3,9dbcb7d6,"{""enabled"": true, ""lawFamily"": ""power"", ""proxy"": ""degree"", ""alpha"": 0.8, ""k0"": null, ""dt0"": 0.12, ""kDtGamma"": 0.0, ""lambda"": 0.0, ""clampMin"": 0.25, ""clampMax"": 5000.0, ""anchor"": {""nodeId"": 89, ""smRef"": 3774.0}, ""includeBackgroundEdges"": false, ""writeTo"": ""both""}",true,0.12,22,1.144,1.0,1,100.672,126.5,0.7958260869565217,1,0,5,136->89,136,6,1,9,5,136_first,4,1,136_then_114_fast,0.12026283459692509,0.11753125791692258,1.6796002604976982e-06,visible,False
sol_phase311_16z_bridgeControlSweep_v1,2026-06-04T16-47-44-532Z_r00071_d10.000_b82_t+0.15_rep3,71,3,2.0,2.0,10.0,82,82,0.15,0.12,200,61,3,9dbcb7d6,"{""enabled"": true, ""lawFamily"": ""power"", ""proxy"": ""degree"", ""alpha"": 0.8, ""k0"": null, ""dt0"": 0.12, ""kDtGamma"": 0.0, ""lambda"": 0.0, ""clampMin"": 0.25, ""clampMax"": 5000.0, ""anchor"": {""nodeId"": 89, ""smRef"": 3774.0}, ""includeBackgroundEdges"": false, ""writeTo"": ""both""}",true,0.12,22,1.144,1.0,1,100.672,126.5,0.7958260869565217,1,0,5,136->89,136,6,1,8,5,136_first,3,1,136_then_114_fast,0.12330110063804216,0.11753116012191561,1.6892325995476272e-06,visible,False
sol_phase311_16z_bridgeControlSweep_v1,2026-06-04T16-47-46-156Z_r00072_d15.000_b82_t-0.15_rep1,72,1,2.0,2.0,15.0,82,82,-0.15,0.12,200,61,3,9dbcb7d6,"{""enabled"": true, ""lawFamily"": ""power"", ""proxy"": ""degree"", ""alpha"": 0.8, ""k0"": null, ""dt0"": 0.12, ""kDtGamma"": 0.0, ""lambda"": 0.0, ""clampMin"": 0.25, ""clampMax"": 5000.0, ""anchor"": {""nodeId"": 89, ""smRef"": 3774.0}, ""includeBackgroundEdges"": false, ""writeTo"": ""both""}",true,0.12,22,1.144,1.0,1,100.672,126.5,0.7958260869565217,1,0,3,136->89,136,4,1,7,3,136_first,4,1,136_then_114_fast,0.09713203523339073,0.09500023911937953,8.511783447887598e-07,visible,False
sol_phase311_16z_bridgeControlSweep_v1,2026-06-04T16-47-47-788Z_r00073_d4.000_b82_t+0.15_rep1,73,1,2.0,2.0,4.0,82,82,0.15,0.12,200,61,3,9dbcb7d6,"{""enabled"": true, ""lawFamily"": ""power"", ""proxy"": ""degree"", ""alpha"": 0.8, ""k0"": null, ""dt0"": 0.12, ""kDtGamma"": 0.0, ""lambda"": 0.0, ""clampMin"": 0.25, ""clampMax"": 5000.0, ""anchor"": {""nodeId"": 89, ""smRef"": 3774.0}, ""includeBackgroundEdges"": false, ""writeTo"": ""both""}",true,0.12,22,1.144,1.0,1,100.672,126.5,0.7958260869565217,1,0,14,136->89,136,15,1,17,14,136_first,3,1,136_then_114_fast,0.16650249952991855,0.17273405377937104,6.307986004231651e-06,visible,False
sol_phase311_16z_bridgeControlSweep_v1,2026-06-04T16-47-49-414Z_r00074_d15.000_b82_t-0.05_rep1,74,1,2.0,2.0,15.0,82,82,-0.05,0.12,200,61,3,9dbcb7d6,"{""enabled"": true, ""lawFamily"": ""power"", ""proxy"": ""degree"", ""alpha"": 0.8, ""k0"": null, ""dt0"": 0.12, ""kDtGamma"": 0.0, ""lambda"": 0.0, ""clampMin"": 0.25, ""clampMax"": 5000.0, ""anchor"": {""nodeId"": 89, ""smRef"": 3774.0}, ""includeBackgroundEdges"": false, ""writeTo"": ""both""}",true,0.12,22,1.144,1.0,1,100.672,126.5,0.7958260869565217,1,0,3,136->89,136,4,1,6,3,136_first,3,1,136_then_114_fast,0.09835191026326423,0.09500021715301525,8.536594358676444e-07,visible,False
sol_phase311_16z_bridgeControlSweep_v1,2026-06-04T16-47-51-086Z_r00075_d10.000_b90_t+0.05_rep3,75,3,2.0,2.0,10.0,90,90,0.05,0.12,200,61,3,9dbcb7d6,"{""enabled"": true, ""lawFamily"": ""power"", ""proxy"": ""degree"", ""alpha"": 0.8, ""k0"": null, ""dt0"": 0.12, ""kDtGamma"": 0.0, ""lambda"": 0.0, ""clampMin"": 0.25, ""clampMax"": 5000.0, ""anchor"": {""nodeId"": 89, ""smRef"": 3774.0}, ""includeBackgroundEdges"": false, ""writeTo"": ""both""}",true,0.12,22,1.144,1.0,1,100.672,126.5,0.7958260869565217,1,0,7,136->89,136,8,1,10,7,136_first,3,1,136_then_114_fast,0.11774297106686994,0.11753067984148724,1.7015256478595437e-06,visible,False
sol_phase311_16z_bridgeControlSweep_v1,2026-06-04T16-47-52-711Z_r00076_d15.000_b90_t-0.05_rep3,76,3,2.0,2.0,15.0,90,90,-0.05,0.12,200,61,3,9dbcb7d6,"{""enabled"": true, ""lawFamily"": ""power"", ""proxy"": ""degree"", ""alpha"": 0.8, ""k0"": null, ""dt0"": 0.12, ""kDtGamma"": 0.0, ""lambda"": 0.0, ""clampMin"": 0.25, ""clampMax"": 5000.0, ""anchor"": {""nodeId"": 89, ""smRef"": 3774.0}, ""includeBackgroundEdges"": false, ""writeTo"": ""both""}",true,0.12,22,1.144,1.0,1,100.672,126.5,0.7958260869565217,1,0,4,136->89,136,5,1,7,4,136_first,3,1,136_then_114_fast,0.0973041865544296,0.09499991976139896,8.657990255822784e-07,visible,False
sol_phase311_16z_bridgeControlSweep_v1,2026-06-04T16-47-54-372Z_r00077_d15.000_b90_t+0.15_rep3,77,3,2.0,2.0,15.0,90,90,0.15,0.12,200,61,3,9dbcb7d6,"{""enabled"": true, ""lawFamily"": ""power"", ""proxy"": ""degree"", ""alpha"": 0.8, ""k0"": null, ""dt0"": 0.12, ""kDtGamma"": 0.0, ""lambda"": 0.0, ""clampMin"": 0.25, ""clampMax"": 5000.0, ""anchor"": {""nodeId"": 89, ""smRef"": 3774.0}, ""includeBackgroundEdges"": false, ""writeTo"": ""both""}",true,0.12,22,1.144,1.0,1,100.672,126.5,0.7958260869565217,1,0,4,136->89,136,5,1,6,4,136_first,2,1,136_then_114_fast,0.09976373888883179,0.09499987606362985,8.710700775187261e-07,visible,False
sol_phase311_16z_bridgeControlSweep_v1,2026-06-04T16-47-56-050Z_r00078_d10.000_b90_t+0.05_rep2,78,2,2.0,2.0,10.0,90,90,0.05,0.12,200,61,3,9dbcb7d6,"{""enabled"": true, ""lawFamily"": ""power"", ""proxy"": ""degree"", ""alpha"": 0.8, ""k0"": null, ""dt0"": 0.12, ""kDtGamma"": 0.0, ""lambda"": 0.0, ""clampMin"": 0.25, ""clampMax"": 5000.0, ""anchor"": {""nodeId"": 89, ""smRef"": 3774.0}, ""includeBackgroundEdges"": false, ""writeTo"": ""both""}",true,0.12,22,1.144,1.0,1,100.672,126.5,0.7958260869565217,1,0,7,136->89,136,8,1,10,7,136_first,3,1,136_then_114_fast,0.11774297106686994,0.11753067984148724,1.7015256478595437e-06,visible,False
sol_phase311_16z_bridgeControlSweep_v1,2026-06-04T16-47-57-743Z_r00079_d6.000_b82_t-0.05_rep2,79,2,2.0,2.0,6.0,82,82,-0.05,0.12,200,61,3,9dbcb7d6,"{""enabled"": true, ""lawFamily"": ""power"", ""proxy"": ""degree"", ""alpha"": 0.8, ""k0"": null, ""dt0"": 0.12, ""kDtGamma"": 0.0, ""lambda"": 0.0, ""clampMin"": 0.25, ""clampMax"": 5000.0, ""anchor"": {""nodeId"": 89, ""smRef"": 3774.0}, ""includeBackgroundEdges"": false, ""writeTo"": ""both""}",true,0.12,22,1.144,1.0,1,100.672,126.5,0.7958260869565217,1,0,9,136->89,136,10,1,13,9,136_first,4,1,136_then_114_fast,0.146345031825318,0.14824220517607206,3.6448712569305415e-06,visible,False
sol_phase311_16z_bridgeControlSweep_v1,2026-06-04T16-47-59-363Z_r00080_d6.000_b90_t+0.05_rep2,80,2,2.0,2.0,6.0,90,90,0.05,0.12,200,61,3,9dbcb7d6,"{""enabled"": true, ""lawFamily"": ""power"", ""proxy"": ""degree"", ""alpha"": 0.8, ""k0"": null, ""dt0"": 0.12, ""kDtGamma"": 0.0, ""lambda"": 0.0, ""clampMin"": 0.25, ""clampMax"": 5000.0, ""anchor"": {""nodeId"": 89, ""smRef"": 3774.0}, ""includeBackgroundEdges"": false, ""writeTo"": ""both""}",true,0.12,22,1.144,1.0,1,100.672,126.5,0.7958260869565217,1,0,14,136->89,136,15,1,17,14,136_first,3,1,136_then_114_fast,0.13257682641910937,0.14824112377383664,3.6642923513861065e-06,visible,False
sol_phase311_16z_bridgeControlSweep_v1,2026-06-04T16-48-00-991Z_r00081_d10.000_b82_t+0.15_rep2,81,2,2.0,2.0,10.0,82,82,0.15,0.12,200,61,3,9dbcb7d6,"{""enabled"": true, ""lawFamily"": ""power"", ""proxy"": ""degree"", ""alpha"": 0.8, ""k0"": null, ""dt0"": 0.12, ""kDtGamma"": 0.0, ""lambda"": 0.0, ""clampMin"": 0.25, ""clampMax"": 5000.0, ""anchor"": {""nodeId"": 89, ""smRef"": 3774.0}, ""includeBackgroundEdges"": false, ""writeTo"": ""both""}",true,0.12,22,1.144,1.0,1,100.672,126.5,0.7958260869565217,1,0,5,136->89,136,6,1,8,5,136_first,3,1,136_then_114_fast,0.12330110063804216,0.11753116012191561,1.6892325995476272e-06,visible,False
sol_phase311_16z_bridgeControlSweep_v1,2026-06-04T16-48-02-602Z_r00082_d10.000_b90_t+0.15_rep3,82,3,2.0,2.0,10.0,90,90,0.15,0.12,200,61,3,9dbcb7d6,"{""enabled"": true, ""lawFamily"": ""power"", ""proxy"": ""degree"", ""alpha"": 0.8, ""k0"": null, ""dt0"": 0.12, ""kDtGamma"": 0.0, ""lambda"": 0.0, ""clampMin"": 0.25, ""clampMax"": 5000.0, ""anchor"": {""nodeId"": 89, ""smRef"": 3774.0}, ""includeBackgroundEdges"": false, ""writeTo"": ""both""}",true,0.12,22,1.144,1.0,1,100.672,126.5,0.7958260869565217,1,0,7,136->89,136,8,1,9,7,136_first,2,1,136_then_114_fast,0.11922036723292448,0.11753063149726498,1.7062559923917592e-06,visible,False
sol_phase311_16z_bridgeControlSweep_v1,2026-06-04T16-48-04-224Z_r00083_d6.000_b82_t-0.05_rep3,83,3,2.0,2.0,6.0,82,82,-0.05,0.12,200,61,3,9dbcb7d6,"{""enabled"": true, ""lawFamily"": ""power"", ""proxy"": ""degree"", ""alpha"": 0.8, ""k0"": null, ""dt0"": 0.12, ""kDtGamma"": 0.0, ""lambda"": 0.0, ""clampMin"": 0.25, ""clampMax"": 5000.0, ""anchor"": {""nodeId"": 89, ""smRef"": 3774.0}, ""includeBackgroundEdges"": false, ""writeTo"": ""both""}",true,0.12,22,1.144,1.0,1,100.672,126.5,0.7958260869565217,1,0,9,136->89,136,10,1,13,9,136_first,4,1,136_then_114_fast,0.146345031825318,0.14824220517607206,3.6448712569305415e-06,visible,False
sol_phase311_16z_bridgeControlSweep_v1,2026-06-04T16-48-05-855Z_r00084_d4.000_b82_t-0.15_rep1,84,1,2.0,2.0,4.0,82,82,-0.15,0.12,200,61,3,9dbcb7d6,"{""enabled"": true, ""lawFamily"": ""power"", ""proxy"": ""degree"", ""alpha"": 0.8, ""k0"": null, ""dt0"": 0.12, ""kDtGamma"": 0.0, ""lambda"": 0.0, ""clampMin"": 0.25, ""clampMax"": 5000.0, ""anchor"": {""nodeId"": 89, ""smRef"": 3774.0}, ""includeBackgroundEdges"": false, ""writeTo"": ""both""}",true,0.12,22,1.144,1.0,1,100.672,126.5,0.7958260869565217,1,0,14,136->89,136,15,1,18,14,136_first,4,1,136_then_114_fast,0.16040148794315404,0.17273452272506995,6.258322132511547e-06,visible,False
sol_phase311_16z_bridgeControlSweep_v1,2026-06-04T16-48-07-537Z_r00085_d15.000_b90_t+0.05_rep2,85,2,2.0,2.0,15.0,90,90,0.05,0.12,200,61,3,9dbcb7d6,"{""enabled"": true, ""lawFamily"": ""power"", ""proxy"": ""degree"", ""alpha"": 0.8, ""k0"": null, ""dt0"": 0.12, ""kDtGamma"": 0.0, ""lambda"": 0.0, ""clampMin"": 0.25, ""clampMax"": 5000.0, ""anchor"": {""nodeId"": 89, ""smRef"": 3774.0}, ""includeBackgroundEdges"": false, ""writeTo"": ""both""}",true,0.12,22,1.144,1.0,1,100.672,126.5,0.7958260869565217,1,0,4,136->89,136,5,1,7,4,136_first,3,1,136_then_114_fast,0.09852629621667088,0.09499989804905179,8.684181444856362e-07,visible,False
sol_phase311_16z_bridgeControlSweep_v1,2026-06-04T16-48-09-153Z_r00086_d15.000_b90_t-0.15_rep1,86,1,2.0,2.0,15.0,90,90,-0.15,0.12,200,61,3,9dbcb7d6,"{""enabled"": true, ""lawFamily"": ""power"", ""proxy"": ""degree"", ""alpha"": 0.8, ""k0"": null, ""dt0"": 0.12, ""kDtGamma"": 0.0, ""lambda"": 0.0, ""clampMin"": 0.25, ""clampMax"": 5000.0, ""anchor"": {""nodeId"": 89, ""smRef"": 3774.0}, ""includeBackgroundEdges"": false, ""writeTo"": ""both""}",true,0.12,22,1.144,1.0,1,100.672,126.5,0.7958260869565217,1,0,4,136->89,136,5,1,7,4,136_first,3,1,136_then_114_fast,0.0960972203944219,0.09499994120406272,8.632230862546876e-07,visible,False
sol_phase311_16z_bridgeControlSweep_v1,2026-06-04T16-48-10-778Z_r00087_d15.000_b82_t+0.15_rep1,87,1,2.0,2.0,15.0,82,82,0.15,0.12,200,61,3,9dbcb7d6,"{""enabled"": true, ""lawFamily"": ""power"", ""proxy"": ""degree"", ""alpha"": 0.8, ""k0"": null, ""dt0"": 0.12, ""kDtGamma"": 0.0, ""lambda"": 0.0, ""clampMin"": 0.25, ""clampMax"": 5000.0, ""anchor"": {""nodeId"": 89, ""smRef"": 3774.0}, ""includeBackgroundEdges"": false, ""writeTo"": ""both""}",true,0.12,22,1.144,1.0,1,100.672,126.5,0.7958260869565217,1,0,3,136->89,136,4,1,6,3,136_first,3,1,136_then_114_fast,0.10083776121642425,0.09500017238800924,8.58773695345178e-07,visible,False
sol_phase311_16z_bridgeControlSweep_v1,2026-06-04T16-48-12-461Z_r00088_d15.000_b90_t+0.00_rep3,88,3,2.0,2.0,15.0,90,90,0.0,0.12,200,61,3,9dbcb7d6,"{""enabled"": true, ""lawFamily"": ""power"", ""proxy"": ""degree"", ""alpha"": 0.8, ""k0"": null, ""dt0"": 0.12, ""kDtGamma"": 0.0, ""lambda"": 0.0, ""clampMin"": 0.25, ""clampMax"": 5000.0, ""anchor"": {""nodeId"": 89, ""smRef"": 3774.0}, ""includeBackgroundEdges"": false, ""writeTo"": ""both""}",true,0.12,22,1.144,1.0,1,100.672,126.5,0.7958260869565217,1,0,4,136->89,136,5,1,7,4,136_first,3,1,136_then_114_fast,0.09791333665851698,0.0949999089391468,8.671045086640399e-07,visible,False
sol_phase311_16z_bridgeControlSweep_v1,2026-06-04T16-48-14-093Z_r00089_d15.000_b82_t+0.00_rep3,89,3,2.0,2.0,15.0,82,82,0.0,0.12,200,61,3,9dbcb7d6,"{""enabled"": true, ""lawFamily"": ""power"", ""proxy"": ""degree"", ""alpha"": 0.8, ""k0"": null, ""dt0"": 0.12, ""kDtGamma"": 0.0, ""lambda"": 0.0, ""clampMin"": 0.25, ""clampMax"": 5000.0, ""anchor"": {""nodeId"": 89, ""smRef"": 3774.0}, ""includeBackgroundEdges"": false, ""writeTo"": ""both""}",true,0.12,22,1.144,1.0,1,100.672,126.5,0.7958260869565217,1,0,3,136->89,136,4,1,6,3,136_first,3,1,136_then_114_fast,0.09896757454873646,0.09500020606644878,8.549116201854611e-07,visible,False
sol_phase311_16z_bridgeControlSweep_v1,2026-06-04T16-48-15-727Z_r00090_d15.000_b90_t-0.15_rep3,90,3,2.0,2.0,15.0,90,90,-0.15,0.12,200,61,3,9dbcb7d6,"{""enabled"": true, ""lawFamily"": ""power"", ""proxy"": ""degree"", ""alpha"": 0.8, ""k0"": null, ""dt0"": 0.12, ""kDtGamma"": 0.0, ""lambda"": 0.0, ""clampMin"": 0.25, ""clampMax"": 5000.0, ""anchor"": {""nodeId"": 89, ""smRef"": 3774.0}, ""includeBackgroundEdges"": false, ""writeTo"": ""both""}",true,0.12,22,1.144,1.0,1,100.672,126.5,0.7958260869565217,1,0,4,136->89,136,5,1,7,4,136_first,3,1,136_then_114_fast,0.0960972203944219,0.09499994120406272,8.632230862546876e-07,visible,False
sol_phase311_16z_bridgeControlSweep_v1,2026-06-04T16-48-17-356Z_r00091_d6.000_b90_t+0.15_rep3,91,3,2.0,2.0,6.0,90,90,0.15,0.12,200,61,3,9dbcb7d6,"{""enabled"": true, ""lawFamily"": ""power"", ""proxy"": ""degree"", ""alpha"": 0.8, ""k0"": null, ""dt0"": 0.12, ""kDtGamma"": 0.0, ""lambda"": 0.0, ""clampMin"": 0.25, ""clampMax"": 5000.0, ""anchor"": {""nodeId"": 89, ""smRef"": 3774.0}, ""includeBackgroundEdges"": false, ""writeTo"": ""both""}",true,0.12,22,1.144,1.0,1,100.672,126.5,0.7958260869565217,1,0,14,136->89,136,15,1,16,14,136_first,2,1,136_then_114_fast,0.1342354950630618,0.1482410289193625,3.6736836902972882e-06,visible,False
sol_phase311_16z_bridgeControlSweep_v1,2026-06-04T16-48-18-990Z_r00092_d6.000_b90_t+0.00_rep3,92,3,2.0,2.0,6.0,90,90,0.0,0.12,200,61,3,9dbcb7d6,"{""enabled"": true, ""lawFamily"": ""power"", ""proxy"": ""degree"", ""alpha"": 0.8, ""k0"": null, ""dt0"": 0.12, ""kDtGamma"": 0.0, ""lambda"": 0.0, ""clampMin"": 0.25, ""clampMax"": 5000.0, ""anchor"": {""nodeId"": 89, ""smRef"": 3774.0}, ""includeBackgroundEdges"": false, ""writeTo"": ""both""}",true,0.12,22,1.144,1.0,1,100.672,126.5,0.7958260869565217,1,0,14,136->89,136,15,1,17,14,136_first,3,1,136_then_114_fast,0.13175515436938087,0.1482411707584108,3.6596401957209964e-06,visible,False
sol_phase311_16z_bridgeControlSweep_v1,2026-06-04T16-48-20-661Z_r00093_d10.000_b90_t-0.15_rep2,93,2,2.0,2.0,10.0,90,90,-0.15,0.12,200,61,3,9dbcb7d6,"{""enabled"": true, ""lawFamily"": ""power"", ""proxy"": ""degree"", ""alpha"": 0.8, ""k0"": null, ""dt0"": 0.12, ""kDtGamma"": 0.0, ""lambda"": 0.0, ""clampMin"": 0.25, ""clampMax"": 5000.0, ""anchor"": {""nodeId"": 89, ""smRef"": 3774.0}, ""includeBackgroundEdges"": false, ""writeTo"": ""both""}",true,0.12,22,1.144,1.0,1,100.672,126.5,0.7958260869565217,1,0,7,136->89,136,8,1,10,7,136_first,3,1,136_then_114_fast,0.11484276926681894,0.11753077473629858,1.6922396841166344e-06,visible,False
sol_phase311_16z_bridgeControlSweep_v1,2026-06-04T16-48-22-281Z_r00094_d6.000_b82_t+0.05_rep2,94,2,2.0,2.0,6.0,82,82,0.05,0.12,200,61,3,9dbcb7d6,"{""enabled"": true, ""lawFamily"": ""power"", ""proxy"": ""degree"", ""alpha"": 0.8, ""k0"": null, ""dt0"": 0.12, ""kDtGamma"": 0.0, ""lambda"": 0.0, ""clampMin"": 0.25, ""clampMax"": 5000.0, ""anchor"": {""nodeId"": 89, ""smRef"": 3774.0}, ""includeBackgroundEdges"": false, ""writeTo"": ""both""}",true,0.12,22,1.144,1.0,1,100.672,126.5,0.7958260869565217,1,0,9,136->89,136,10,1,12,9,136_first,3,1,136_then_114_fast,0.14818005860012862,0.14824211146178023,3.6546411680246037e-06,visible,False
sol_phase311_16z_bridgeControlSweep_v1,2026-06-04T16-48-23-896Z_r00095_d4.000_b90_t+0.05_rep3,95,3,2.0,2.0,4.0,90,90,0.05,0.12,200,61,3,9dbcb7d6,"{""enabled"": true, ""lawFamily"": ""power"", ""proxy"": ""degree"", ""alpha"": 0.8, ""k0"": null, ""dt0"": 0.12, ""kDtGamma"": 0.0, ""lambda"": 0.0, ""clampMin"": 0.25, ""clampMax"": 5000.0, ""anchor"": {""nodeId"": 89, ""smRef"": 3774.0}, ""includeBackgroundEdges"": false, ""writeTo"": ""both""}",true,0.12,22,1.144,1.0,1,100.672,126.5,0.7958260869565217,1,0,31,136->89,136,32,1,33,31,136_first,2,1,136_then_114_fast,0.15411973888358316,0.17273249150981373,6.2446094641223335e-06,visible,False
sol_phase311_16z_bridgeControlSweep_v1,2026-06-04T16-48-25-515Z_r00096_d10.000_b90_t+0.15_rep1,96,1,2.0,2.0,10.0,90,90,0.15,0.12,200,61,3,9dbcb7d6,"{""enabled"": true, ""lawFamily"": ""power"", ""proxy"": ""degree"", ""alpha"": 0.8, ""k0"": null, ""dt0"": 0.12, ""kDtGamma"": 0.0, ""lambda"": 0.0, ""clampMin"": 0.25, ""clampMax"": 5000.0, ""anchor"": {""nodeId"": 89, ""smRef"": 3774.0}, ""includeBackgroundEdges"": false, ""writeTo"": ""both""}",true,0.12,22,1.144,1.0,1,100.672,126.5,0.7958260869565217,1,0,7,136->89,136,8,1,9,7,136_first,2,1,136_then_114_fast,0.11922036723292448,0.11753063149726498,1.7062559923917592e-06,visible,False
sol_phase311_16z_bridgeControlSweep_v1,2026-06-04T16-48-27-197Z_r00097_d6.000_b90_t-0.15_rep3,97,3,2.0,2.0,6.0,90,90,-0.15,0.12,200,61,3,9dbcb7d6,"{""enabled"": true, ""lawFamily"": ""power"", ""proxy"": ""degree"", ""alpha"": 0.8, ""k0"": null, ""dt0"": 0.12, ""kDtGamma"": 0.0, ""lambda"": 0.0, ""clampMin"": 0.25, ""clampMax"": 5000.0, ""anchor"": {""nodeId"": 89, ""smRef"": 3774.0}, ""includeBackgroundEdges"": false, ""writeTo"": ""both""}",true,0.12,22,1.144,1.0,1,100.672,126.5,0.7958260869565217,1,0,14,136->89,136,15,1,17,14,136_first,3,1,136_then_114_fast,0.12932041477618206,0.1482413099634541,3.6458556552601122e-06,visible,False
sol_phase311_16z_bridgeControlSweep_v1,2026-06-04T16-48-28-813Z_r00098_d4.000_b90_t-0.05_rep2,98,2,2.0,2.0,4.0,90,90,-0.05,0.12,200,61,3,9dbcb7d6,"{""enabled"": true, ""lawFamily"": ""power"", ""proxy"": ""degree"", ""alpha"": 0.8, ""k0"": null, ""dt0"": 0.12, ""kDtGamma"": 0.0, ""lambda"": 0.0, ""clampMin"": 0.25, ""clampMax"": 5000.0, ""anchor"": {""nodeId"": 89, ""smRef"": 3774.0}, ""includeBackgroundEdges"": false, ""writeTo"": ""both""}",true,0.12,22,1.144,1.0,1,100.672,126.5,0.7958260869565217,1,0,31,136->89,136,32,1,33,31,136_first,2,1,136_then_114_fast,0.1522104058907342,0.17273264782613826,6.229917969810077e-06,visible,False
sol_phase311_16z_bridgeControlSweep_v1,2026-06-04T16-48-30-466Z_r00099_d6.000_b82_t+0.15_rep3,99,3,2.0,2.0,6.0,82,82,0.15,0.12,200,61,3,9dbcb7d6,"{""enabled"": true, ""lawFamily"": ""power"", ""proxy"": ""degree"", ""alpha"": 0.8, ""k0"": null, ""dt0"": 0.12, ""kDtGamma"": 0.0, ""lambda"": 0.0, ""clampMin"": 0.25, ""clampMax"": 5000.0, ""anchor"": {""nodeId"": 89, ""smRef"": 3774.0}, ""includeBackgroundEdges"": false, ""writeTo"": ""both""}",true,0.12,22,1.144,1.0,1,100.672,126.5,0.7958260869565217,1,0,9,136->89,136,10,1,12,9,136_first,3,1,136_then_114_fast,0.1500380297786227,0.14824201656908234,3.6645330827421535e-06,visible,False
sol_phase311_16z_bridgeControlSweep_v1,2026-06-04T16-48-32-087Z_r00100_d6.000_b82_t+0.15_rep1,100,1,2.0,2.0,6.0,82,82,0.15,0.12,200,61,3,9dbcb7d6,"{""enabled"": true, ""lawFamily"": ""power"", ""proxy"": ""degree"", ""alpha"": 0.8, ""k0"": null, ""dt0"": 0.12, ""kDtGamma"": 0.0, ""lambda"": 0.0, ""clampMin"": 0.25, ""clampMax"": 5000.0, ""anchor"": {""nodeId"": 89, ""smRef"": 3774.0}, ""includeBackgroundEdges"": false, ""writeTo"": ""both""}",true,0.12,22,1.144,1.0,1,100.672,126.5,0.7958260869565217,1,0,9,136->89,136,10,1,12,9,136_first,3,1,136_then_114_fast,0.1500380297786227,0.14824201656908234,3.6645330827421535e-06,visible,False
sol_phase311_16z_bridgeControlSweep_v1,2026-06-04T16-48-33-762Z_r00101_d15.000_b90_t-0.15_rep2,101,2,2.0,2.0,15.0,90,90,-0.15,0.12,200,61,3,9dbcb7d6,"{""enabled"": true, ""lawFamily"": ""power"", ""proxy"": ""degree"", ""alpha"": 0.8, ""k0"": null, ""dt0"": 0.12, ""kDtGamma"": 0.0, ""lambda"": 0.0, ""clampMin"": 0.25, ""clampMax"": 5000.0, ""anchor"": {""nodeId"": 89, ""smRef"": 3774.0}, ""includeBackgroundEdges"": false, ""writeTo"": ""both""}",true,0.12,22,1.144,1.0,1,100.672,126.5,0.7958260869565217,1,0,4,136->89,136,5,1,7,4,136_first,3,1,136_then_114_fast,0.0960972203944219,0.09499994120406272,8.632230862546876e-07,visible,False
sol_phase311_16z_bridgeControlSweep_v1,2026-06-04T16-48-35-424Z_r00102_d15.000_b90_t+0.15_rep1,102,1,2.0,2.0,15.0,90,90,0.15,0.12,200,61,3,9dbcb7d6,"{""enabled"": true, ""lawFamily"": ""power"", ""proxy"": ""degree"", ""alpha"": 0.8, ""k0"": null, ""dt0"": 0.12, ""kDtGamma"": 0.0, ""lambda"": 0.0, ""clampMin"": 0.25, ""clampMax"": 5000.0, ""anchor"": {""nodeId"": 89, ""smRef"": 3774.0}, ""includeBackgroundEdges"": false, ""writeTo"": ""both""}",true,0.12,22,1.144,1.0,1,100.672,126.5,0.7958260869565217,1,0,4,136->89,136,5,1,6,4,136_first,2,1,136_then_114_fast,0.09976373888883179,0.09499987606362985,8.710700775187261e-07,visible,False
sol_phase311_16z_bridgeControlSweep_v1,2026-06-04T16-48-37-086Z_r00103_d4.000_b82_t-0.05_rep2,103,2,2.0,2.0,4.0,82,82,-0.05,0.12,200,61,3,9dbcb7d6,"{""enabled"": true, ""lawFamily"": ""power"", ""proxy"": ""degree"", ""alpha"": 0.8, ""k0"": null, ""dt0"": 0.12, ""kDtGamma"": 0.0, ""lambda"": 0.0, ""clampMin"": 0.25, ""clampMax"": 5000.0, ""anchor"": {""nodeId"": 89, ""smRef"": 3774.0}, ""includeBackgroundEdges"": false, ""writeTo"": ""both""}",true,0.12,22,1.144,1.0,1,100.672,126.5,0.7958260869565217,1,0,14,136->89,136,15,1,18,14,136_first,4,1,136_then_114_fast,0.1624100157799825,0.1727343683590508,6.274672393237684e-06,visible,False
sol_phase311_16z_bridgeControlSweep_v1,2026-06-04T16-48-38-710Z_r00104_d15.000_b82_t+0.05_rep1,104,1,2.0,2.0,15.0,82,82,0.05,0.12,200,61,3,9dbcb7d6,"{""enabled"": true, ""lawFamily"": ""power"", ""proxy"": ""degree"", ""alpha"": 0.8, ""k0"": null, ""dt0"": 0.12, ""kDtGamma"": 0.0, ""lambda"": 0.0, ""clampMin"": 0.25, ""clampMax"": 5000.0, ""anchor"": {""nodeId"": 89, ""smRef"": 3774.0}, ""includeBackgroundEdges"": false, ""writeTo"": ""both""}",true,0.12,22,1.144,1.0,1,100.672,126.5,0.7958260869565217,1,0,3,136->89,136,4,1,6,3,136_first,3,1,136_then_114_fast,0.09958708844139565,0.0950001949103832,8.561716281335744e-07,visible,False
sol_phase311_16z_bridgeControlSweep_v1,2026-06-04T16-48-40-397Z_r00105_d6.000_b90_t-0.15_rep1,105,1,2.0,2.0,6.0,90,90,-0.15,0.12,200,61,3,9dbcb7d6,"{""enabled"": true, ""lawFamily"": ""power"", ""proxy"": ""degree"", ""alpha"": 0.8, ""k0"": null, ""dt0"": 0.12, ""kDtGamma"": 0.0, ""lambda"": 0.0, ""clampMin"": 0.25, ""clampMax"": 5000.0, ""anchor"": {""nodeId"": 89, ""smRef"": 3774.0}, ""includeBackgroundEdges"": false, ""writeTo"": ""both""}",true,0.12,22,1.144,1.0,1,100.672,126.5,0.7958260869565217,1,0,14,136->89,136,15,1,17,14,136_first,3,1,136_then_114_fast,0.12932041477618206,0.1482413099634541,3.6458556552601122e-06,visible,False
sol_phase311_16z_bridgeControlSweep_v1,2026-06-04T16-48-42-018Z_r00106_d4.000_b82_t+0.05_rep3,106,3,2.0,2.0,4.0,82,82,0.05,0.12,200,61,3,9dbcb7d6,"{""enabled"": true, ""lawFamily"": ""power"", ""proxy"": ""degree"", ""alpha"": 0.8, ""k0"": null, ""dt0"": 0.12, ""kDtGamma"": 0.0, ""lambda"": 0.0, ""clampMin"": 0.25, ""clampMax"": 5000.0, ""anchor"": {""nodeId"": 89, ""smRef"": 3774.0}, ""includeBackgroundEdges"": false, ""writeTo"": ""both""}",true,0.12,22,1.144,1.0,1,100.672,126.5,0.7958260869565217,1,0,14,136->89,136,15,1,18,14,136_first,4,1,136_then_114_fast,0.16444358325157424,0.17273421205195114,6.291226182091674e-06,visible,False
sol_phase311_16z_bridgeControlSweep_v1,2026-06-04T16-48-43-640Z_r00107_d4.000_b90_t+0.05_rep1,107,1,2.0,2.0,4.0,90,90,0.05,0.12,200,61,3,9dbcb7d6,"{""enabled"": true, ""lawFamily"": ""power"", ""proxy"": ""degree"", ""alpha"": 0.8, ""k0"": null, ""dt0"": 0.12, ""kDtGamma"": 0.0, ""lambda"": 0.0, ""clampMin"": 0.25, ""clampMax"": 5000.0, ""anchor"": {""nodeId"": 89, ""smRef"": 3774.0}, ""includeBackgroundEdges"": false, ""writeTo"": ""both""}",true,0.12,22,1.144,1.0,1,100.672,126.5,0.7958260869565217,1,0,31,136->89,136,32,1,33,31,136_first,2,1,136_then_114_fast,0.15411973888358316,0.17273249150981373,6.2446094641223335e-06,visible,False
sol_phase311_16z_bridgeControlSweep_v1,2026-06-04T16-48-45-290Z_r00108_d15.000_b90_t+0.00_rep1,108,1,2.0,2.0,15.0,90,90,0.0,0.12,200,61,3,9dbcb7d6,"{""enabled"": true, ""lawFamily"": ""power"", ""proxy"": ""degree"", ""alpha"": 0.8, ""k0"": null, ""dt0"": 0.12, ""kDtGamma"": 0.0, ""lambda"": 0.0, ""clampMin"": 0.25, ""clampMax"": 5000.0, ""anchor"": {""nodeId"": 89, ""smRef"": 3774.0}, ""includeBackgroundEdges"": false, ""writeTo"": ""both""}",true,0.12,22,1.144,1.0,1,100.672,126.5,0.7958260869565217,1,0,4,136->89,136,5,1,7,4,136_first,3,1,136_then_114_fast,0.09791333665851698,0.0949999089391468,8.671045086640399e-07,visible,False
sol_phase311_16z_bridgeControlSweep_v1,2026-06-04T16-48-46-935Z_r00109_d6.000_b90_t+0.05_rep3,109,3,2.0,2.0,6.0,90,90,0.05,0.12,200,61,3,9dbcb7d6,"{""enabled"": true, ""lawFamily"": ""power"", ""proxy"": ""degree"", ""alpha"": 0.8, ""k0"": null, ""dt0"": 0.12, ""kDtGamma"": 0.0, ""lambda"": 0.0, ""clampMin"": 0.25, ""clampMax"": 5000.0, ""anchor"": {""nodeId"": 89, ""smRef"": 3774.0}, ""includeBackgroundEdges"": false, ""writeTo"": ""both""}",true,0.12,22,1.144,1.0,1,100.672,126.5,0.7958260869565217,1,0,14,136->89,136,15,1,17,14,136_first,3,1,136_then_114_fast,0.13257682641910937,0.14824112377383664,3.6642923513861065e-06,visible,False
sol_phase311_16z_bridgeControlSweep_v1,2026-06-04T16-48-48-618Z_r00110_d4.000_b82_t+0.15_rep2,110,2,2.0,2.0,4.0,82,82,0.15,0.12,200,61,3,9dbcb7d6,"{""enabled"": true, ""lawFamily"": ""power"", ""proxy"": ""degree"", ""alpha"": 0.8, ""k0"": null, ""dt0"": 0.12, ""kDtGamma"": 0.0, ""lambda"": 0.0, ""clampMin"": 0.25, ""clampMax"": 5000.0, ""anchor"": {""nodeId"": 89, ""smRef"": 3774.0}, ""includeBackgroundEdges"": false, ""writeTo"": ""both""}",true,0.12,22,1.144,1.0,1,100.672,126.5,0.7958260869565217,1,0,14,136->89,136,15,1,17,14,136_first,3,1,136_then_114_fast,0.16650249952991855,0.17273405377937104,6.307986004231651e-06,visible,False
sol_phase311_16z_bridgeControlSweep_v1,2026-06-04T16-48-50-244Z_r00111_d15.000_b90_t+0.05_rep3,111,3,2.0,2.0,15.0,90,90,0.05,0.12,200,61,3,9dbcb7d6,"{""enabled"": true, ""lawFamily"": ""power"", ""proxy"": ""degree"", ""alpha"": 0.8, ""k0"": null, ""dt0"": 0.12, ""kDtGamma"": 0.0, ""lambda"": 0.0, ""clampMin"": 0.25, ""clampMax"": 5000.0, ""anchor"": {""nodeId"": 89, ""smRef"": 3774.0}, ""includeBackgroundEdges"": false, ""writeTo"": ""both""}",true,0.12,22,1.144,1.0,1,100.672,126.5,0.7958260869565217,1,0,4,136->89,136,5,1,7,4,136_first,3,1,136_then_114_fast,0.09852629621667088,0.09499989804905179,8.684181444856362e-07,visible,False
sol_phase311_16z_bridgeControlSweep_v1,2026-06-04T16-48-51-887Z_r00112_d6.000_b82_t-0.15_rep3,112,3,2.0,2.0,6.0,82,82,-0.15,0.12,200,61,3,9dbcb7d6,"{""enabled"": true, ""lawFamily"": ""power"", ""proxy"": ""degree"", ""alpha"": 0.8, ""k0"": null, ""dt0"": 0.12, ""kDtGamma"": 0.0, ""lambda"": 0.0, ""clampMin"": 0.25, ""clampMax"": 5000.0, ""anchor"": {""nodeId"": 89, ""smRef"": 3774.0}, ""includeBackgroundEdges"": false, ""writeTo"": ""both""}",true,0.12,22,1.144,1.0,1,100.672,126.5,0.7958260869565217,1,0,9,136->89,136,10,1,13,9,136_first,4,1,136_then_114_fast,0.1445326678227661,0.14824229772658687,3.635221855989485e-06,visible,False
sol_phase311_16z_bridgeControlSweep_v1,2026-06-04T16-48-53-536Z_r00113_d6.000_b82_t+0.15_rep2,113,2,2.0,2.0,6.0,82,82,0.15,0.12,200,61,3,9dbcb7d6,"{""enabled"": true, ""lawFamily"": ""power"", ""proxy"": ""degree"", ""alpha"": 0.8, ""k0"": null, ""dt0"": 0.12, ""kDtGamma"": 0.0, ""lambda"": 0.0, ""clampMin"": 0.25, ""clampMax"": 5000.0, ""anchor"": {""nodeId"": 89, ""smRef"": 3774.0}, ""includeBackgroundEdges"": false, ""writeTo"": ""both""}",true,0.12,22,1.144,1.0,1,100.672,126.5,0.7958260869565217,1,0,9,136->89,136,10,1,12,9,136_first,3,1,136_then_114_fast,0.1500380297786227,0.14824201656908234,3.6645330827421535e-06,visible,False
sol_phase311_16z_bridgeControlSweep_v1,2026-06-04T16-48-55-170Z_r00114_d10.000_b82_t-0.15_rep2,114,2,2.0,2.0,10.0,82,82,-0.15,0.12,200,61,3,9dbcb7d6,"{""enabled"": true, ""lawFamily"": ""power"", ""proxy"": ""degree"", ""alpha"": 0.8, ""k0"": null, ""dt0"": 0.12, ""kDtGamma"": 0.0, ""lambda"": 0.0, ""clampMin"": 0.25, ""clampMax"": 5000.0, ""anchor"": {""nodeId"": 89, ""smRef"": 3774.0}, ""includeBackgroundEdges"": false, ""writeTo"": ""both""}",true,0.12,22,1.144,1.0,1,100.672,126.5,0.7958260869565217,1,0,5,136->89,136,6,1,9,5,136_first,4,1,136_then_114_fast,0.11877185030143274,0.11753130590545419,1.6748732096211332e-06,visible,False
sol_phase311_16z_bridgeControlSweep_v1,2026-06-04T16-48-56-917Z_r00115_d10.000_b82_t-0.05_rep3,115,3,2.0,2.0,10.0,82,82,-0.05,0.12,200,61,3,9dbcb7d6,"{""enabled"": true, ""lawFamily"": ""power"", ""proxy"": ""degree"", ""alpha"": 0.8, ""k0"": null, ""dt0"": 0.12, ""kDtGamma"": 0.0, ""lambda"": 0.0, ""clampMin"": 0.25, ""clampMax"": 5000.0, ""anchor"": {""nodeId"": 89, ""smRef"": 3774.0}, ""includeBackgroundEdges"": false, ""writeTo"": ""both""}",true,0.12,22,1.144,1.0,1,100.672,126.5,0.7958260869565217,1,0,5,136->89,136,6,1,9,5,136_first,4,1,136_then_114_fast,0.12026283459692509,0.11753125791692258,1.6796002604976982e-06,visible,False
sol_phase311_16z_bridgeControlSweep_v1,2026-06-04T16-48-58-542Z_r00116_d10.000_b90_t-0.05_rep2,116,2,2.0,2.0,10.0,90,90,-0.05,0.12,200,61,3,9dbcb7d6,"{""enabled"": true, ""lawFamily"": ""power"", ""proxy"": ""degree"", ""alpha"": 0.8, ""k0"": null, ""dt0"": 0.12, ""kDtGamma"": 0.0, ""lambda"": 0.0, ""clampMin"": 0.25, ""clampMax"": 5000.0, ""anchor"": {""nodeId"": 89, ""smRef"": 3774.0}, ""includeBackgroundEdges"": false, ""writeTo"": ""both""}",true,0.12,22,1.144,1.0,1,100.672,126.5,0.7958260869565217,1,0,7,136->89,136,8,1,10,7,136_first,3,1,136_then_114_fast,0.11628384673572567,0.11753072758534731,1.6968537849782736e-06,visible,False
sol_phase311_16z_bridgeControlSweep_v1,2026-06-04T16-49-00-160Z_r00117_d4.000_b82_t-0.05_rep1,117,1,2.0,2.0,4.0,82,82,-0.05,0.12,200,61,3,9dbcb7d6,"{""enabled"": true, ""lawFamily"": ""power"", ""proxy"": ""degree"", ""alpha"": 0.8, ""k0"": null, ""dt0"": 0.12, ""kDtGamma"": 0.0, ""lambda"": 0.0, ""clampMin"": 0.25, ""clampMax"": 5000.0, ""anchor"": {""nodeId"": 89, ""smRef"": 3774.0}, ""includeBackgroundEdges"": false, ""writeTo"": ""both""}",true,0.12,22,1.144,1.0,1,100.672,126.5,0.7958260869565217,1,0,14,136->89,136,15,1,18,14,136_first,4,1,136_then_114_fast,0.1624100157799825,0.1727343683590508,6.274672393237684e-06,visible,False
sol_phase311_16z_bridgeControlSweep_v1,2026-06-04T16-49-01-811Z_r00118_d4.000_b82_t+0.15_rep3,118,3,2.0,2.0,4.0,82,82,0.15,0.12,200,61,3,9dbcb7d6,"{""enabled"": true, ""lawFamily"": ""power"", ""proxy"": ""degree"", ""alpha"": 0.8, ""k0"": null, ""dt0"": 0.12, ""kDtGamma"": 0.0, ""lambda"": 0.0, ""clampMin"": 0.25, ""clampMax"": 5000.0, ""anchor"": {""nodeId"": 89, ""smRef"": 3774.0}, ""includeBackgroundEdges"": false, ""writeTo"": ""both""}",true,0.12,22,1.144,1.0,1,100.672,126.5,0.7958260869565217,1,0,14,136->89,136,15,1,17,14,136_first,3,1,136_then_114_fast,0.16650249952991855,0.17273405377937104,6.307986004231651e-06,visible,False
sol_phase311_16z_bridgeControlSweep_v1,2026-06-04T16-49-03-435Z_r00119_d6.000_b90_t+0.00_rep1,119,1,2.0,2.0,6.0,90,90,0.0,0.12,200,61,3,9dbcb7d6,"{""enabled"": true, ""lawFamily"": ""power"", ""proxy"": ""degree"", ""alpha"": 0.8, ""k0"": null, ""dt0"": 0.12, ""kDtGamma"": 0.0, ""lambda"": 0.0, ""clampMin"": 0.25, ""clampMax"": 5000.0, ""anchor"": {""nodeId"": 89, ""smRef"": 3774.0}, ""includeBackgroundEdges"": false, ""writeTo"": ""both""}",true,0.12,22,1.144,1.0,1,100.672,126.5,0.7958260869565217,1,0,14,136->89,136,15,1,17,14,136_first,3,1,136_then_114_fast,0.13175515436938087,0.1482411707584108,3.6596401957209964e-06,visible,False
