tick,source_rho,destA_rho,destB_rho
1,10,0,0
2,11.61038816070928,0.07887832102657023,0.07887832102657023
3,13.154846840906549,0.07498029638419186,0.07199152607533404
4,14.570145720758338,0.05801315615985228,0.05990746353656243
5,15.79834229783296,0.05579818807622913,0.05767722956348935
6,16.78915405995801,0.05984191856807075,0.06287354966636025
7,17.502017057176644,0.05852558259376651,0.06158148824532962
8,17.90774659462489,0.06335538378407984,0.06526667217800486
9,17.98973205736842,0.06237401041261045,0.06443075847764887
10,17.744616950929633,0.06746227320566874,0.06923614859586681
11,17.182436316565934,0.08585384552289,0.06868707498547695
12,16.32620589550159,0.22128215612129545,0.07390032404274087
13,15.21097986177778,0.35233463078686034,0.07394725570220007
14,13.882415700248652,0.5664453351026746,0.07679408950699615
15,12.394904983786867,0.6799615926847625,0.07785198369798564
16,10.809346575899458,0.8544426188443774,0.07997842549495296
17,9.190653424100544,0.9031844449928732,0.08681204975999793
18,7.605095016213134,0.9327257815548036,0.10462912599845156
19,6.11758429975135,0.9144100478989092,0.16657967229389992
20,4.789020138222218,0.8605651544440254,0.33069809519104165
21,3.6737941044984064,0.8258607853316959,0.5822250269061642
22,2.817563683434063,0.8299833402513644,0.8594028737838596
23,2.255383049070364,0.8312936113862525,1.135621925656172
24,2.010267942631577,0.8354000076623423,1.1964489313285906
25,2.0922534053751107,0.849097352783701,1.447296582233495
26,2.4979829428233584,0.8530523562516255,1.496305430725193
27,3.2108459400419997,0.8654542908186325,1.6673910174671132
28,4.20165770216705,0.869060949835493,1.638103782181188
29,5.429854279241672,0.8847067729970475,1.468271921332326
30,6.845153159093464,0.8877305801731781,1.4719670757261791
31,8.389611839290732,0.9414111145110564,1.1928609927479803
32,10.00000000000002,0.9440601307775068,1.1966735191807432
33,11.6103881607093,1.0148114954708338,0.8847922475080221
34,13.154846840906565,1.018048759134271,0.8863913290086813
35,14.570145720758354,1.1000980943217058,0.640728399794464
36,15.798342297832978,1.1027258094110373,0.6411126659453009
37,16.789154059958022,1.0738311699918694,0.6341554759436578
38,17.50201705717665,1.0547248529827875,0.6360081699177281
39,17.907746594624896,0.917220228160406,0.6517838043635256
40,17.98973205736842,0.9113192698476362,0.6536370929997404
41,17.744616950929625,0.8327218329604424,0.6850289079400087
42,17.182436316565916,0.8362613871970515,0.6871804045866559
43,16.32620589550157,1.0080031719561835,0.7960334096078471
44,15.21097986177775,1.0125491137429732,0.7994083471374422
45,13.882415700248622,1.3782884567742484,1.0931465818170965
46,12.394904983786828,1.3857929969004708,1.099202837526091
47,10.809346575899417,1.50278246709527,1.4839431129011085
48,9.190653424100509,1.5112041386162658,1.4935543820294868
49,7.605095016213095,1.6096885712601203,1.89393023191762
50,6.117584299751309,1.6187651501352145,1.9150576199709035
51,4.78902013822219,1.9937836351548417,2.2734257372551947
52,3.6737941044983904,2.005098537863185,2.319440623328807
53,2.8175636834340487,2.3803561151075616,2.5284113923692497
54,2.255383049070357,2.3933712542838887,2.5589772838716716
55,2.0102679426315753,2.6943905124098144,2.590398836636204
56,2.092253405375116,0.00964994513980888,2.5887294743153566
57,2.49798294282337,0.007478888898904712,2.522721938065076
58,3.2108459400420175,0.063421662379616,2.5269116642668306
59,4.201657702167077,1.0945917917621435,2.480021885437788
60,5.429854279241701,1.0988295992697052,2.488751206821363
61,6.845153159093501,1.1515140129793282,2.426504815221903
62,8.389611839290765,1.1521527052664464,2.4345058832049453
63,10.000000000000052,1.0428643584829296,2.286039845350028
64,11.61038816070934,1.040825240029521,2.2922289953741704
65,13.154846840906597,0.8166521000517262,2.0019183411725257
66,14.570145720758386,0.8129940762744642,2.005734181740389
67,15.798342297832995,0.5588152385560224,1.6347630029003608
68,16.789154059958037,0.5538154291716935,1.6349641132698596
69,17.502017057176666,0.3064994378712343,1.469148977174263
70,17.9077465946249,0.3025702963985274,1.468734486547137
71,17.98973205736842,0.14302733062637452,1.3537678874967305
72,17.74461695092962,0.14647457582504642,1.353065166156073
73,17.182436316565905,0.43807097919075066,1.177621398350308
74,16.326205895501545,0.4404065283616849,1.1765421823372464
75,15.21097986177773,0.7743015131376356,0.8681700195682973
76,13.882415700248586,0.7777696212360262,0.866560025543753
77,12.39490498378679,1.1199045681293764,0.6737641595567918
78,10.809346575899388,1.1257714126599851,0.6725663239843009
79,9.190653424100466,1.302662710959316,0.7179635520070873
80,7.60509501621307,0.0022169611556487334,0.7183222633682878
81,6.1175842997512735,0.12775186638550243,1.0105686171695998
82,4.78902013822216,0.1264663249397708,1.024775494127132
83,3.6737941044983655,0.2110327606955796,1.409280154296141
84,2.817563683434024,0.20967819736708396,1.4795603820957897
85,2.2553830490703435,0.3136708694328911,1.8549295969901003
86,2.0102679426315735,0.31274263791981904,1.9559079345768235
87,2.0922534053751205,0.4219589858618123,2.258703085086902
88,2.4979829428233895,0.4211986003512844,2.3306168201169877
89,3.210845940042039,0.4570778690666504,2.524017076548396
90,4.201657702167096,0.4545124014626219,2.5438239353323935
91,5.429854279241745,0.2913207774257387,2.644014430314462
92,6.845153159093538,0.2884400536199335,2.651204598323764
93,8.389611839290804,0.1293501804996136,2.6842028118498775
94,10.000000000000108,0.1270369892970778,2.689879654361271
95,11.61038816070938,0.0028606872553455925,2.6600894709438
96,13.154846840906634,0.24383118225499575,2.658492495987812
97,14.570145720758433,0.21625153137997588,2.5688196924299853
98,15.798342297833033,0.2156440132513667,2.5721645906693635
99,16.789154059958058,0.2840316920627576,2.517894918445263
100,17.502017057176676,0.2837865965252648,2.520470357770996
101,17.907746594624907,0.4253709130289916,2.4742527297879655
102,17.989732057368418,0.42532640866526406,0.003311519501643212
103,17.74461695092961,0.588384976655927,0.25236271584861425
104,17.18243631656588,0.5893887470446507,0.23526696028912483
105,16.32620589550152,0.7437599606041714,0.0009497431986002502
106,15.210979861777698,0.7450114058963777,0.8006673984840522
107,13.882415700248538,0.8215732331422576,0.5516790828866034
108,12.394904983786752,0.8204866532718967,0.5476896917301468
109,10.809346575899347,0.6056614241097588,0.2627896319784856
110,9.190653424100413,0.6034198129863545,0.25791891741411305
111,7.605095016213018,0.36982050177013975,0.0005132243167097483
112,6.1175842997512495,0.3659388143344368,0.645549481172762
113,4.789020138222118,0.11594087407069616,0.40698494149117886
114,3.673794104498332,0.1102739254497445,0.41118879924740087
115,2.8175636834340123,0.0013293655297739735,0.40778724067783734
116,2.2553830490703364,0.334181352091965,0.4065726759191554
117,2.010267942631571,0.4304872263182392,0.4033012764758386
118,2.0922534053751285,0.4313879453715486,0.4381653277061679
119,2.4979829428233984,0.5917008578203615,0.5637197881278528
120,3.210845940042068,0.5936109237484842,0.5816219730926617
121,4.201657702167133,0.7713000755015943,0.7182184875909206
122,5.429854279241767,0.7736371007663979,0.7189720867735495
123,6.845153159093588,0.9314874390997008,0.8197807007237583
124,8.389611839290858,0.932535443398842,0.8181239205001933
125,10.000000000000137,0.930951468697667,0.884339105308881
126,11.610388160709434,0.926856039638492,0.8824564311484719
127,13.154846840906686,0.483672300184955,0.92137064745045
128,14.570145720758454,0.4788517411909968,0.9193652079066752
129,15.798342297833052,0.16549983952885533,0.9549772808254342
130,16.78915405995809,0.16190446378201262,0.9528575225513324
131,17.502017057176694,0.005041368646249378,0.9639771378257586
132,17.90774659462491,0.26678162123457977,0.960142658551408
133,17.989732057368414,0.24099252230371268,0.9663262652376198
134,17.744616950929597,0.24358630688473923,0.964120048466072
135,17.18243631656587,0.4387635927092772,0.9736959139059452
136,16.326205895501488,0.4410241732792953,0.9715977291180002
137,15.210979861777655,0.6947751409261551,0.9776246884765216
138,13.882415700248515,0.6977944280095293,0.9756753601692848
139,12.3949049837867,0.9677321399763325,0.9622305020356288
140,10.809346575899292,0.9725258423381458,0.9604094055060662
141,9.190653424100386,1.082062931829466,0.929368591215636
142,7.605095016212966,0.0015020542814521145,0.927405479153332
143,6.1175842997512015,0.3347152000020147,0.8660337660133749
144,4.789020138222098,0.3330367664959972,0.8615787231216521
145,3.673794104498316,0.4060764023537955,0.7883116036115425
146,2.8175636834339883,0.4046881057139446,0.7806911406223256
147,2.255383049070323,0.45536372785890783,0.7613442347169159
148,2.010267942631569,0.4540235973358328,0.7779157249493068
149,2.0922534053751365,0.4319862552136379,0.8631937129975198
150,2.497982942823418,0.4300417829707672,0.8947333298021672
151,3.2108459400420823,0.3229195367438815,1.019233478464729
152,4.2016577021671715,0.3201223110289017,1.0185166908665957
153,5.429854279241812,0.1859989678575544,1.0011030986755594
154,6.845153159093613,0.18307093067107985,0.9977886661314154
155,8.389611839290911,0.04221565018064444,0.8780247500838515
156,10.000000000000188,0.05131854236727626,0.8750495814907943
157,11.61038816070946,0.017773290055736225,0.7371801992179999
158,13.154846840906735,0.07205672306577929,0.7332838612521165
159,14.570145720758498,0.3642508868793971,0.6811250570788934
160,15.798342297833088,0.3649615477149129,0.6776469199233067
161,16.789154059958104,0.5801771615388291,0.743713182754404
162,17.502017057176705,0.5817873604001036,0.7404745335477783
163,17.907746594624925,0.7283512589615517,0.8028520939197187
164,17.98973205736841,0.7276679542205664,0.7998336360815601
165,17.744616950929583,0.7596407224422204,0.870703507379126
166,17.182436316565845,0.757798354274495,0.8680445544839279
167,16.32620589550147,0.5509189236078971,1.0408935303434297
168,15.210979861777638,0.5479905226692072,1.0391758841533538
169,13.882415700248492,0.3221994065016234,1.323907187037639
170,12.394904983786644,0.3184526098580526,1.3237860382522306
171,10.80934657589924,0.07424070819048115,1.615868113264339
172,9.190653424100333,0.07595610352593772,1.6169532254560246
173,7.605095016212941,0.008786540641780666,1.8763679456925173
174,6.1175842997511785,0.11294743623389522,1.8813154037529496
175,4.789020138222078,0.4401430825663195,2.07656362742266
176,3.673794104498264,0.44165740119031704,2.050214747781791
177,2.8175636834339643,0.7187095174377596,1.8185109302692533
178,2.255383049070309,0.7218931198265754,1.7028381345413737
179,2.0102679426315664,1.0183139953875902,1.339172003029799
180,2.092253405375141,1.0263685019108122,1.2140366868905574
181,2.497982942823427,1.042232374624456,0.8243258829039554
182,3.2108459400420957,0.0013209062310963191,0.7915303668701263
183,4.201657702167209,0.3520485119650836,0.6811448189219239
184,5.429854279241857,0.350567638855488,0.681929891051087
185,6.8451531590936625,0.4224158640897946,0.8360116785793539
186,8.389611839290938,0.4214266386542989,0.8340349676947653
187,10.000000000000217,0.4642179028850392,1.0926352558430308
188,11.610388160709483,0.46332686004771423,1.0918902654393057
189,13.154846840906783,0.4242975989184286,1.1706435475688044
190,14.570145720758545,0.42301907723280113,0.00012605562165490802
191,15.798342297833129,0.30818790061987716,8.229383663562604
192,16.789154059958133,0.3067076653483799,8.257938995251823
193,17.502017057176722,0.17086653727419357,8.682413358023892
194,17.907746594624925,0.17360294389257797,8.709486958286751
195,17.989732057368407,0.03886769235880555,8.505711011985795
196,17.74461695092957,0.07558385328409056,8.531604083120122
197,17.18243631656582,0.05614581268697834,5.265851958684166
198,16.326205895501438,0.07947665708085139,5.289074668403899
199,15.210979861777597,0.3674764061050524,5.532944373388297
200,13.882415700248444,0.3680456016275663,5.551935162754139
201,12.394904983786647,0.5853651440438419,5.584240574422635
202,10.809346575899296,0.5867369947834893,5.598482235402876
203,9.19065342410039,0.7427671512822445,5.419352460391713
204,7.605095016213051,0.7428532731575078,5.429649185220928
205,6.11758429975128,0.7833995938657737,5.100902469580604
206,4.789020138222209,0.7818638688491147,5.107945189663304
207,3.6737941044984046,0.5970218730994941,4.706983459765753
208,2.8175636834340905,0.5938301354301532,4.711155686980111
209,2.255383049070381,0.3704285266293832,4.288117002459612
210,2.010267942631584,0.3652235607133832,4.2897859209650315
211,2.0922534053750885,0.12480611242280852,3.8749194267170872
212,2.497982942823308,0.11796215765159895,3.87415429772288
213,3.2108459400418843,0.003239153186163843,3.486727270357309
214,4.201657702166894,0.26960679438075374,3.4579717230009543
215,5.429854279241436,0.3808707156502239,3.155342120803601
216,6.845153159093192,0.38100892204630293,3.1525277273535774
217,8.38961183929038,0.5957593810262256,2.843258138699947
218,9.999999999999645,0.5974662594703997,2.8390202586568085
219,11.61038816070887,0.8357877235004654,2.533404386936531
220,13.154846840906156,0.8390438081074609,2.5280053350026375
221,14.570145720757935,1.0779382888119269,2.238257297254274
222,15.798342297832615,1.0815326377644017,2.2320281911730864
223,16.78915405995771,1.158669858157177,1.9711344400024584
224,17.502017057176445,0.0024140238931546487,1.9644681858011803
225,17.907746594624797,0.9315971236295176,1.7247930543561485
226,17.989732057368457,0.9325575501531952,1.7194546874144108
227,17.74461695092981,1.0816952535353137,1.5587339608020994
228,17.182436316566246,1.0823989485326715,1.554060061690954
229,16.326205895502063,0.9491746208797952,1.4767112215663618
230,15.210979861778371,0.9484758182998416,1.4732027856551613
231,13.88241570024939,0.6405182037774828,1.489929602869835
232,12.39490498378768,0.6384956138671217,1.4877207269118304
233,10.809346575900316,0.3348649743857351,1.584854697296821
234,9.190653424101466,0.3317656837377843,1.5836552112367872
235,7.605095016214029,0.008424174368523163,1.7276575322734709
236,6.117584299752226,0.09869082366850038,1.7209979721680404
237,4.789020138222987,0.006231666612876552,1.8693071900284124
238,3.673794104499067,0.16680795419010458,1.8592988900472
239,2.8175636834345417,0.5705907181065284,1.9581346974469065
240,2.2553830490706517,0.5719115134902433,1.955322164871446
241,2.0102679426316357,0.9121055652256966,1.91310973751876
242,2.092253405374925,0.915640239685046,1.9068283168071192
243,2.497982942822932,1.2631896056619485,1.6575035425618323
244,3.2108459400413123,1.2692678668823916,1.6485715486162713
245,4.201657702166149,1.4316245202335636,1.307908188175205
246,5.429854279240548,0.002634049086036705,1.2973430005282445
247,6.845153159092197,0.3559788927657771,0.9221519741401822
248,8.38961183928932,0.35415543698824054,0.9085014813214712
249,9.999999999998565,0.4464656680311117,0.5678371169076752
250,11.61038816070781,0.4455372424674257,0.5543604838156435
251,13.154846840905162,0.5494118321844501,0.3677312970956279
252,14.570145720757049,0.5490977841175141,0.36065079107547937
253,15.798342297831873,0.6326656203252258,0.6927069617905206
254,16.789154059957138,0.6324018445367725,0.6910925072719277
255,17.50201705717607,0.6409497355773056,1.159404479363174
256,17.90774659462464,0.6400395497952193,1.1602439062060066
257,17.98973205736851,0.5252091106622515,1.6303758633627423
258,17.74461695093007,0.5236670078469123,1.634650074962475
259,17.182436316566722,0.35474298100201085,1.872958840553547
260,16.326205895502692,0.35317603005180126,4.1359080401648374e-05
261,15.210979861779194,0.1730695575831323,0.6402515635741484
262,13.882415700250286,0.17416526020373382,0.630396367628034
263,12.394904983788711,0.012918759014657584,0.7566343732916251
264,10.809346575901394,0.12699794163510533,0.7457301679070947
265,9.190653424102544,0.2034485085610765,0.8250513203679576
266,7.605095016215062,0.20316558163087337,0.8157600388666295
267,6.117584299753172,0.4533298102369769,0.7661486843021683
268,4.789020138223807,0.4529757894295446,0.7556647961184375
269,3.6737941044997298,0.7031878219583276,0.5737856401447888
270,2.8175636834350186,0.705043019179505,0.561432785129476
271,2.2553830490709235,0.949204703189356,0.3422111572467489
272,2.0102679426316907,0.9510089371963344,0.3269214201432569
273,2.092253405374761,0.9527326646400082,0.09436260698479455
274,2.4979829428225564,0.0019385007827459333,0.06749428603556126
275,3.2108459400407394,0.24720720173212463,6.851606921477738e-05
276,4.201657702165404,0.24372605424599228,1.1803642519113111
277,5.42985427923966,0.30694581845006846,1.224790898039574
278,6.845153159091202,0.30728403187925624,1.2196035447080915
279,8.389611839288316,0.5226264209196556,1.121082416740062
280,9.99999999999748,0.5241266953128466,1.1148535338951302
281,11.610388160706806,0.7705776641866032,0.8729805256519941
282,13.154846840904169,0.7731292882083795,0.8651484870629429
283,14.570145720756203,1.0248349554572187,0.5863640421737637
284,15.798342297831129,1.0283452662184605,0.5765332547442454
285,16.789154059956594,1.1656297767702812,0.2980214904142973
286,17.502017057175692,0.00150424454825554,0.2852070860887821
287,17.907746594624477,1.3634743386892023,0.05646839463333278
288,17.989732057368563,1.3675425905540326,0.030849745207695005
289,17.74461695093034,1.5752920476091892,1.030034516822206
290,17.1824363165672,1.5769052252865512,1.0257130845159623
291,16.326205895503353,0.9216118790106708,1.067037025864983
292,15.210979861780014,0.919484997093904,1.0581608449464366
293,13.882415700251231,0.5503339152866076,0.9099508791704334
294,12.394904983789743,0.5450946796069747,0.8981527944186256
295,10.80934657590247,0.17015513248438183,0.6294291543121593
296,9.19065342410362,0.16089182298865357,0.6161585277932898
297,7.605095016216094,0.00012546636525367916,0.3364559465812525
298,6.117584299754117,1.40429529977748,0.23403544379970095
299,4.789020138224628,1.458393442392382,0
300,3.673794104500391,1.46255313703489,1.9764443998652752
