schema,runId,runIndex,repIndex,pressCBase,pressCUsed,dampUsed,dt,everyMs,totalTicks,settleTicks,capLawHash,capLawSig,capLawApplied,capLawDtUsed,gain,multB,multD,offset,ampB0,ampD,ratioBD,injectTick114,injectTick136,arbiter_tick,arbiter_edge,arbiter_owner,handshake_tick,handshake_applied,first114Max_tick,first136Max_tick,precedence,deltaTicks,fastFollow,packetClass,peak114_abs,peak136_abs,cross_peakAbs_89_79,visibilityStateStart,wasHidden
sol_phase311_16y_adaptiveHandshakeDampSweep_v1,2026-05-30T22-10-29-554Z_r00000_d20.000_rep1,0,1,2.0,2.0,20,0.12,200,61,3,9dbcb7d6,"{""enabled"": true, ""lawFamily"": ""power"", ""proxy"": ""degree"", ""alpha"": 0.8, ""k0"": null, ""dt0"": 0.12, ""kDtGamma"": 0.0, ""lambda"": 0.0, ""clampMin"": 0.25, ""clampMax"": 5000.0, ""anchor"": {""nodeId"": 89, ""smRef"": 3774.0}, ""includeBackgroundEdges"": false, ""writeTo"": ""both""}",true,0.12,22,1.144,1.0,1,100.672,126.5,0.7958260869565217,1,0,2,136->89,136,3,1,5,2,136_first,3,1,136_then_114_fast,0.08419448722983018,0.08026368312292444,5.16292940544705e-07,visible,False
sol_phase311_16y_adaptiveHandshakeDampSweep_v1,2026-05-30T22-10-31-179Z_r00001_d10.000_rep12,1,12,2.0,2.0,10,0.12,200,61,3,9dbcb7d6,"{""enabled"": true, ""lawFamily"": ""power"", ""proxy"": ""degree"", ""alpha"": 0.8, ""k0"": null, ""dt0"": 0.12, ""kDtGamma"": 0.0, ""lambda"": 0.0, ""clampMin"": 0.25, ""clampMax"": 5000.0, ""anchor"": {""nodeId"": 89, ""smRef"": 3774.0}, ""includeBackgroundEdges"": false, ""writeTo"": ""both""}",true,0.12,22,1.144,1.0,1,100.672,126.5,0.7958260869565217,1,0,5,136->89,136,6,1,8,5,136_first,3,1,136_then_114_fast,0.12101532023472515,0.11753123369683396,1.681985927642496e-06,visible,False
sol_phase311_16y_adaptiveHandshakeDampSweep_v1,2026-05-30T22-10-32-798Z_r00002_d12.000_rep3,2,3,2.0,2.0,12,0.12,200,61,3,9dbcb7d6,"{""enabled"": true, ""lawFamily"": ""power"", ""proxy"": ""degree"", ""alpha"": 0.8, ""k0"": null, ""dt0"": 0.12, ""kDtGamma"": 0.0, ""lambda"": 0.0, ""clampMin"": 0.25, ""clampMax"": 5000.0, ""anchor"": {""nodeId"": 89, ""smRef"": 3774.0}, ""includeBackgroundEdges"": false, ""writeTo"": ""both""}",true,0.12,22,1.144,1.0,1,100.672,126.5,0.7958260869565217,1,0,4,136->89,136,5,1,7,4,136_first,3,1,136_then_114_fast,0.11107914706125623,0.10721417517621204,1.2480278487723735e-06,visible,False
sol_phase311_16y_adaptiveHandshakeDampSweep_v1,2026-05-30T22-10-34-416Z_r00003_d4.000_rep10,3,10,2.0,2.0,4,0.12,200,61,3,9dbcb7d6,"{""enabled"": true, ""lawFamily"": ""power"", ""proxy"": ""degree"", ""alpha"": 0.8, ""k0"": null, ""dt0"": 0.12, ""kDtGamma"": 0.0, ""lambda"": 0.0, ""clampMin"": 0.25, ""clampMax"": 5000.0, ""anchor"": {""nodeId"": 89, ""smRef"": 3774.0}, ""includeBackgroundEdges"": false, ""writeTo"": ""both""}",true,0.12,22,1.144,1.0,1,100.672,126.5,0.7958260869565217,1,0,14,136->89,136,15,1,18,14,136_first,4,1,136_then_114_fast,0.16342365032530184,0.1727342904496539,6.282923690762349e-06,visible,False
sol_phase311_16y_adaptiveHandshakeDampSweep_v1,2026-05-30T22-10-36-035Z_r00004_d6.000_rep10,4,10,2.0,2.0,6,0.12,200,61,3,9dbcb7d6,"{""enabled"": true, ""lawFamily"": ""power"", ""proxy"": ""degree"", ""alpha"": 0.8, ""k0"": null, ""dt0"": 0.12, ""kDtGamma"": 0.0, ""lambda"": 0.0, ""clampMin"": 0.25, ""clampMax"": 5000.0, ""anchor"": {""nodeId"": 89, ""smRef"": 3774.0}, ""includeBackgroundEdges"": false, ""writeTo"": ""both""}",true,0.12,22,1.144,1.0,1,100.672,126.5,0.7958260869565217,1,0,9,136->89,136,10,1,13,9,136_first,4,1,136_then_114_fast,0.14725969484470347,0.1482421584653083,3.6497410557998146e-06,visible,False
sol_phase311_16y_adaptiveHandshakeDampSweep_v1,2026-05-30T22-10-37-657Z_r00005_d6.000_rep3,5,3,2.0,2.0,6,0.12,200,61,3,9dbcb7d6,"{""enabled"": true, ""lawFamily"": ""power"", ""proxy"": ""degree"", ""alpha"": 0.8, ""k0"": null, ""dt0"": 0.12, ""kDtGamma"": 0.0, ""lambda"": 0.0, ""clampMin"": 0.25, ""clampMax"": 5000.0, ""anchor"": {""nodeId"": 89, ""smRef"": 3774.0}, ""includeBackgroundEdges"": false, ""writeTo"": ""both""}",true,0.12,22,1.144,1.0,1,100.672,126.5,0.7958260869565217,1,0,9,136->89,136,10,1,13,9,136_first,4,1,136_then_114_fast,0.14725969484470347,0.1482421584653083,3.6497410557998146e-06,visible,False
sol_phase311_16y_adaptiveHandshakeDampSweep_v1,2026-05-30T22-10-39-282Z_r00006_d4.000_rep2,6,2,2.0,2.0,4,0.12,200,61,3,9dbcb7d6,"{""enabled"": true, ""lawFamily"": ""power"", ""proxy"": ""degree"", ""alpha"": 0.8, ""k0"": null, ""dt0"": 0.12, ""kDtGamma"": 0.0, ""lambda"": 0.0, ""clampMin"": 0.25, ""clampMax"": 5000.0, ""anchor"": {""nodeId"": 89, ""smRef"": 3774.0}, ""includeBackgroundEdges"": false, ""writeTo"": ""both""}",true,0.12,22,1.144,1.0,1,100.672,126.5,0.7958260869565217,1,0,14,136->89,136,15,1,18,14,136_first,4,1,136_then_114_fast,0.16342365032530184,0.1727342904496539,6.282923690762349e-06,visible,False
sol_phase311_16y_adaptiveHandshakeDampSweep_v1,2026-05-30T22-10-40-938Z_r00007_d12.000_rep9,7,9,2.0,2.0,12,0.12,200,61,3,9dbcb7d6,"{""enabled"": true, ""lawFamily"": ""power"", ""proxy"": ""degree"", ""alpha"": 0.8, ""k0"": null, ""dt0"": 0.12, ""kDtGamma"": 0.0, ""lambda"": 0.0, ""clampMin"": 0.25, ""clampMax"": 5000.0, ""anchor"": {""nodeId"": 89, ""smRef"": 3774.0}, ""includeBackgroundEdges"": false, ""writeTo"": ""both""}",true,0.12,22,1.144,1.0,1,100.672,126.5,0.7958260869565217,1,0,4,136->89,136,5,1,7,4,136_first,3,1,136_then_114_fast,0.11107914706125623,0.10721417517621204,1.2480278487723735e-06,visible,False
sol_phase311_16y_adaptiveHandshakeDampSweep_v1,2026-05-30T22-10-42-556Z_r00008_d5.000_rep4,8,4,2.0,2.0,5,0.12,200,61,3,9dbcb7d6,"{""enabled"": true, ""lawFamily"": ""power"", ""proxy"": ""degree"", ""alpha"": 0.8, ""k0"": null, ""dt0"": 0.12, ""kDtGamma"": 0.0, ""lambda"": 0.0, ""clampMin"": 0.25, ""clampMax"": 5000.0, ""anchor"": {""nodeId"": 89, ""smRef"": 3774.0}, ""includeBackgroundEdges"": false, ""writeTo"": ""both""}",true,0.12,22,1.144,1.0,1,100.672,126.5,0.7958260869565217,1,0,11,136->89,136,12,1,15,11,136_first,4,1,136_then_114_fast,0.15524238306846075,0.15930391535029495,4.697193830093961e-06,visible,False
sol_phase311_16y_adaptiveHandshakeDampSweep_v1,2026-05-30T22-10-44-180Z_r00009_d12.000_rep1,9,1,2.0,2.0,12,0.12,200,61,3,9dbcb7d6,"{""enabled"": true, ""lawFamily"": ""power"", ""proxy"": ""degree"", ""alpha"": 0.8, ""k0"": null, ""dt0"": 0.12, ""kDtGamma"": 0.0, ""lambda"": 0.0, ""clampMin"": 0.25, ""clampMax"": 5000.0, ""anchor"": {""nodeId"": 89, ""smRef"": 3774.0}, ""includeBackgroundEdges"": false, ""writeTo"": ""both""}",true,0.12,22,1.144,1.0,1,100.672,126.5,0.7958260869565217,1,0,4,136->89,136,5,1,7,4,136_first,3,1,136_then_114_fast,0.11107914706125623,0.10721417517621204,1.2480278487723735e-06,visible,False
sol_phase311_16y_adaptiveHandshakeDampSweep_v1,2026-05-30T22-10-45-797Z_r00010_d12.000_rep4,10,4,2.0,2.0,12,0.12,200,61,3,9dbcb7d6,"{""enabled"": true, ""lawFamily"": ""power"", ""proxy"": ""degree"", ""alpha"": 0.8, ""k0"": null, ""dt0"": 0.12, ""kDtGamma"": 0.0, ""lambda"": 0.0, ""clampMin"": 0.25, ""clampMax"": 5000.0, ""anchor"": {""nodeId"": 89, ""smRef"": 3774.0}, ""includeBackgroundEdges"": false, ""writeTo"": ""both""}",true,0.12,22,1.144,1.0,1,100.672,126.5,0.7958260869565217,1,0,4,136->89,136,5,1,7,4,136_first,3,1,136_then_114_fast,0.11107914706125623,0.10721417517621204,1.2480278487723735e-06,visible,False
sol_phase311_16y_adaptiveHandshakeDampSweep_v1,2026-05-30T22-10-47-419Z_r00011_d4.000_rep11,11,11,2.0,2.0,4,0.12,200,61,3,9dbcb7d6,"{""enabled"": true, ""lawFamily"": ""power"", ""proxy"": ""degree"", ""alpha"": 0.8, ""k0"": null, ""dt0"": 0.12, ""kDtGamma"": 0.0, ""lambda"": 0.0, ""clampMin"": 0.25, ""clampMax"": 5000.0, ""anchor"": {""nodeId"": 89, ""smRef"": 3774.0}, ""includeBackgroundEdges"": false, ""writeTo"": ""both""}",true,0.12,22,1.144,1.0,1,100.672,126.5,0.7958260869565217,1,0,14,136->89,136,15,1,18,14,136_first,4,1,136_then_114_fast,0.16342365032530184,0.1727342904496539,6.282923690762349e-06,visible,False
sol_phase311_16y_adaptiveHandshakeDampSweep_v1,2026-05-30T22-10-49-040Z_r00012_d10.000_rep5,12,5,2.0,2.0,10,0.12,200,61,3,9dbcb7d6,"{""enabled"": true, ""lawFamily"": ""power"", ""proxy"": ""degree"", ""alpha"": 0.8, ""k0"": null, ""dt0"": 0.12, ""kDtGamma"": 0.0, ""lambda"": 0.0, ""clampMin"": 0.25, ""clampMax"": 5000.0, ""anchor"": {""nodeId"": 89, ""smRef"": 3774.0}, ""includeBackgroundEdges"": false, ""writeTo"": ""both""}",true,0.12,22,1.144,1.0,1,100.672,126.5,0.7958260869565217,1,0,5,136->89,136,6,1,8,5,136_first,3,1,136_then_114_fast,0.12101532023472515,0.11753123369683396,1.681985927642496e-06,visible,False
sol_phase311_16y_adaptiveHandshakeDampSweep_v1,2026-05-30T22-10-50-664Z_r00013_d15.000_rep3,13,3,2.0,2.0,15,0.12,200,61,3,9dbcb7d6,"{""enabled"": true, ""lawFamily"": ""power"", ""proxy"": ""degree"", ""alpha"": 0.8, ""k0"": null, ""dt0"": 0.12, ""kDtGamma"": 0.0, ""lambda"": 0.0, ""clampMin"": 0.25, ""clampMax"": 5000.0, ""anchor"": {""nodeId"": 89, ""smRef"": 3774.0}, ""includeBackgroundEdges"": false, ""writeTo"": ""both""}",true,0.12,22,1.144,1.0,1,100.672,126.5,0.7958260869565217,1,0,3,136->89,136,4,1,6,3,136_first,3,1,136_then_114_fast,0.09896757454873646,0.09500020606644878,8.549116201854611e-07,visible,False
sol_phase311_16y_adaptiveHandshakeDampSweep_v1,2026-05-30T22-10-52-286Z_r00014_d10.000_rep4,14,4,2.0,2.0,10,0.12,200,61,3,9dbcb7d6,"{""enabled"": true, ""lawFamily"": ""power"", ""proxy"": ""degree"", ""alpha"": 0.8, ""k0"": null, ""dt0"": 0.12, ""kDtGamma"": 0.0, ""lambda"": 0.0, ""clampMin"": 0.25, ""clampMax"": 5000.0, ""anchor"": {""nodeId"": 89, ""smRef"": 3774.0}, ""includeBackgroundEdges"": false, ""writeTo"": ""both""}",true,0.12,22,1.144,1.0,1,100.672,126.5,0.7958260869565217,1,0,5,136->89,136,6,1,8,5,136_first,3,1,136_then_114_fast,0.12101532023472515,0.11753123369683396,1.681985927642496e-06,visible,False
sol_phase311_16y_adaptiveHandshakeDampSweep_v1,2026-05-30T22-10-53-903Z_r00015_d20.000_rep6,15,6,2.0,2.0,20,0.12,200,61,3,9dbcb7d6,"{""enabled"": true, ""lawFamily"": ""power"", ""proxy"": ""degree"", ""alpha"": 0.8, ""k0"": null, ""dt0"": 0.12, ""kDtGamma"": 0.0, ""lambda"": 0.0, ""clampMin"": 0.25, ""clampMax"": 5000.0, ""anchor"": {""nodeId"": 89, ""smRef"": 3774.0}, ""includeBackgroundEdges"": false, ""writeTo"": ""both""}",true,0.12,22,1.144,1.0,1,100.672,126.5,0.7958260869565217,1,0,2,136->89,136,3,1,5,2,136_first,3,1,136_then_114_fast,0.08419448722983018,0.08026368312292444,5.16292940544705e-07,visible,False
sol_phase311_16y_adaptiveHandshakeDampSweep_v1,2026-05-30T22-10-55-525Z_r00016_d10.000_rep2,16,2,2.0,2.0,10,0.12,200,61,3,9dbcb7d6,"{""enabled"": true, ""lawFamily"": ""power"", ""proxy"": ""degree"", ""alpha"": 0.8, ""k0"": null, ""dt0"": 0.12, ""kDtGamma"": 0.0, ""lambda"": 0.0, ""clampMin"": 0.25, ""clampMax"": 5000.0, ""anchor"": {""nodeId"": 89, ""smRef"": 3774.0}, ""includeBackgroundEdges"": false, ""writeTo"": ""both""}",true,0.12,22,1.144,1.0,1,100.672,126.5,0.7958260869565217,1,0,5,136->89,136,6,1,8,5,136_first,3,1,136_then_114_fast,0.12101532023472515,0.11753123369683396,1.681985927642496e-06,visible,False
sol_phase311_16y_adaptiveHandshakeDampSweep_v1,2026-05-30T22-10-57-144Z_r00017_d8.000_rep6,17,6,2.0,2.0,8,0.12,200,61,3,9dbcb7d6,"{""enabled"": true, ""lawFamily"": ""power"", ""proxy"": ""degree"", ""alpha"": 0.8, ""k0"": null, ""dt0"": 0.12, ""kDtGamma"": 0.0, ""lambda"": 0.0, ""clampMin"": 0.25, ""clampMax"": 5000.0, ""anchor"": {""nodeId"": 89, ""smRef"": 3774.0}, ""includeBackgroundEdges"": false, ""writeTo"": ""both""}",true,0.12,22,1.144,1.0,1,100.672,126.5,0.7958260869565217,1,0,6,136->89,136,7,1,10,6,136_first,4,1,136_then_114_fast,0.13387963016623375,0.1307252499772666,2.3897062096830623e-06,visible,False
sol_phase311_16y_adaptiveHandshakeDampSweep_v1,2026-05-30T22-10-58-762Z_r00018_d12.000_rep6,18,6,2.0,2.0,12,0.12,200,61,3,9dbcb7d6,"{""enabled"": true, ""lawFamily"": ""power"", ""proxy"": ""degree"", ""alpha"": 0.8, ""k0"": null, ""dt0"": 0.12, ""kDtGamma"": 0.0, ""lambda"": 0.0, ""clampMin"": 0.25, ""clampMax"": 5000.0, ""anchor"": {""nodeId"": 89, ""smRef"": 3774.0}, ""includeBackgroundEdges"": false, ""writeTo"": ""both""}",true,0.12,22,1.144,1.0,1,100.672,126.5,0.7958260869565217,1,0,4,136->89,136,5,1,7,4,136_first,3,1,136_then_114_fast,0.11107914706125623,0.10721417517621204,1.2480278487723735e-06,visible,False
sol_phase311_16y_adaptiveHandshakeDampSweep_v1,2026-05-30T22-11-00-394Z_r00019_d6.000_rep7,19,7,2.0,2.0,6,0.12,200,61,3,9dbcb7d6,"{""enabled"": true, ""lawFamily"": ""power"", ""proxy"": ""degree"", ""alpha"": 0.8, ""k0"": null, ""dt0"": 0.12, ""kDtGamma"": 0.0, ""lambda"": 0.0, ""clampMin"": 0.25, ""clampMax"": 5000.0, ""anchor"": {""nodeId"": 89, ""smRef"": 3774.0}, ""includeBackgroundEdges"": false, ""writeTo"": ""both""}",true,0.12,22,1.144,1.0,1,100.672,126.5,0.7958260869565217,1,0,9,136->89,136,10,1,13,9,136_first,4,1,136_then_114_fast,0.14725969484470347,0.1482421584653083,3.6497410557998146e-06,visible,False
sol_phase311_16y_adaptiveHandshakeDampSweep_v1,2026-05-30T22-11-02-010Z_r00020_d10.000_rep8,20,8,2.0,2.0,10,0.12,200,61,3,9dbcb7d6,"{""enabled"": true, ""lawFamily"": ""power"", ""proxy"": ""degree"", ""alpha"": 0.8, ""k0"": null, ""dt0"": 0.12, ""kDtGamma"": 0.0, ""lambda"": 0.0, ""clampMin"": 0.25, ""clampMax"": 5000.0, ""anchor"": {""nodeId"": 89, ""smRef"": 3774.0}, ""includeBackgroundEdges"": false, ""writeTo"": ""both""}",true,0.12,22,1.144,1.0,1,100.672,126.5,0.7958260869565217,1,0,5,136->89,136,6,1,8,5,136_first,3,1,136_then_114_fast,0.12101532023472515,0.11753123369683396,1.681985927642496e-06,visible,False
sol_phase311_16y_adaptiveHandshakeDampSweep_v1,2026-05-30T22-11-03-636Z_r00021_d15.000_rep1,21,1,2.0,2.0,15,0.12,200,61,3,9dbcb7d6,"{""enabled"": true, ""lawFamily"": ""power"", ""proxy"": ""degree"", ""alpha"": 0.8, ""k0"": null, ""dt0"": 0.12, ""kDtGamma"": 0.0, ""lambda"": 0.0, ""clampMin"": 0.25, ""clampMax"": 5000.0, ""anchor"": {""nodeId"": 89, ""smRef"": 3774.0}, ""includeBackgroundEdges"": false, ""writeTo"": ""both""}",true,0.12,22,1.144,1.0,1,100.672,126.5,0.7958260869565217,1,0,3,136->89,136,4,1,6,3,136_first,3,1,136_then_114_fast,0.09896757454873646,0.09500020606644878,8.549116201854611e-07,visible,False
sol_phase311_16y_adaptiveHandshakeDampSweep_v1,2026-05-30T22-11-05-263Z_r00022_d8.000_rep10,22,10,2.0,2.0,8,0.12,200,61,3,9dbcb7d6,"{""enabled"": true, ""lawFamily"": ""power"", ""proxy"": ""degree"", ""alpha"": 0.8, ""k0"": null, ""dt0"": 0.12, ""kDtGamma"": 0.0, ""lambda"": 0.0, ""clampMin"": 0.25, ""clampMax"": 5000.0, ""anchor"": {""nodeId"": 89, ""smRef"": 3774.0}, ""includeBackgroundEdges"": false, ""writeTo"": ""both""}",true,0.12,22,1.144,1.0,1,100.672,126.5,0.7958260869565217,1,0,6,136->89,136,7,1,10,6,136_first,4,1,136_then_114_fast,0.13387963016623375,0.1307252499772666,2.3897062096830623e-06,visible,False
sol_phase311_16y_adaptiveHandshakeDampSweep_v1,2026-05-30T22-11-06-890Z_r00023_d6.000_rep9,23,9,2.0,2.0,6,0.12,200,61,3,9dbcb7d6,"{""enabled"": true, ""lawFamily"": ""power"", ""proxy"": ""degree"", ""alpha"": 0.8, ""k0"": null, ""dt0"": 0.12, ""kDtGamma"": 0.0, ""lambda"": 0.0, ""clampMin"": 0.25, ""clampMax"": 5000.0, ""anchor"": {""nodeId"": 89, ""smRef"": 3774.0}, ""includeBackgroundEdges"": false, ""writeTo"": ""both""}",true,0.12,22,1.144,1.0,1,100.672,126.5,0.7958260869565217,1,0,9,136->89,136,10,1,13,9,136_first,4,1,136_then_114_fast,0.14725969484470347,0.1482421584653083,3.6497410557998146e-06,visible,False
sol_phase311_16y_adaptiveHandshakeDampSweep_v1,2026-05-30T22-11-08-519Z_r00024_d15.000_rep9,24,9,2.0,2.0,15,0.12,200,61,3,9dbcb7d6,"{""enabled"": true, ""lawFamily"": ""power"", ""proxy"": ""degree"", ""alpha"": 0.8, ""k0"": null, ""dt0"": 0.12, ""kDtGamma"": 0.0, ""lambda"": 0.0, ""clampMin"": 0.25, ""clampMax"": 5000.0, ""anchor"": {""nodeId"": 89, ""smRef"": 3774.0}, ""includeBackgroundEdges"": false, ""writeTo"": ""both""}",true,0.12,22,1.144,1.0,1,100.672,126.5,0.7958260869565217,1,0,3,136->89,136,4,1,6,3,136_first,3,1,136_then_114_fast,0.09896757454873646,0.09500020606644878,8.549116201854611e-07,visible,False
sol_phase311_16y_adaptiveHandshakeDampSweep_v1,2026-05-30T22-11-10-138Z_r00025_d12.000_rep8,25,8,2.0,2.0,12,0.12,200,61,3,9dbcb7d6,"{""enabled"": true, ""lawFamily"": ""power"", ""proxy"": ""degree"", ""alpha"": 0.8, ""k0"": null, ""dt0"": 0.12, ""kDtGamma"": 0.0, ""lambda"": 0.0, ""clampMin"": 0.25, ""clampMax"": 5000.0, ""anchor"": {""nodeId"": 89, ""smRef"": 3774.0}, ""includeBackgroundEdges"": false, ""writeTo"": ""both""}",true,0.12,22,1.144,1.0,1,100.672,126.5,0.7958260869565217,1,0,4,136->89,136,5,1,7,4,136_first,3,1,136_then_114_fast,0.11107914706125623,0.10721417517621204,1.2480278487723735e-06,visible,False
sol_phase311_16y_adaptiveHandshakeDampSweep_v1,2026-05-30T22-11-11-760Z_r00026_d20.000_rep8,26,8,2.0,2.0,20,0.12,200,61,3,9dbcb7d6,"{""enabled"": true, ""lawFamily"": ""power"", ""proxy"": ""degree"", ""alpha"": 0.8, ""k0"": null, ""dt0"": 0.12, ""kDtGamma"": 0.0, ""lambda"": 0.0, ""clampMin"": 0.25, ""clampMax"": 5000.0, ""anchor"": {""nodeId"": 89, ""smRef"": 3774.0}, ""includeBackgroundEdges"": false, ""writeTo"": ""both""}",true,0.12,22,1.144,1.0,1,100.672,126.5,0.7958260869565217,1,0,2,136->89,136,3,1,5,2,136_first,3,1,136_then_114_fast,0.08419448722983018,0.08026368312292444,5.16292940544705e-07,visible,False
sol_phase311_16y_adaptiveHandshakeDampSweep_v1,2026-05-30T22-11-13-388Z_r00027_d4.000_rep9,27,9,2.0,2.0,4,0.12,200,61,3,9dbcb7d6,"{""enabled"": true, ""lawFamily"": ""power"", ""proxy"": ""degree"", ""alpha"": 0.8, ""k0"": null, ""dt0"": 0.12, ""kDtGamma"": 0.0, ""lambda"": 0.0, ""clampMin"": 0.25, ""clampMax"": 5000.0, ""anchor"": {""nodeId"": 89, ""smRef"": 3774.0}, ""includeBackgroundEdges"": false, ""writeTo"": ""both""}",true,0.12,22,1.144,1.0,1,100.672,126.5,0.7958260869565217,1,0,14,136->89,136,15,1,18,14,136_first,4,1,136_then_114_fast,0.16342365032530184,0.1727342904496539,6.282923690762349e-06,visible,False
sol_phase311_16y_adaptiveHandshakeDampSweep_v1,2026-05-30T22-11-15-012Z_r00028_d8.000_rep2,28,2,2.0,2.0,8,0.12,200,61,3,9dbcb7d6,"{""enabled"": true, ""lawFamily"": ""power"", ""proxy"": ""degree"", ""alpha"": 0.8, ""k0"": null, ""dt0"": 0.12, ""kDtGamma"": 0.0, ""lambda"": 0.0, ""clampMin"": 0.25, ""clampMax"": 5000.0, ""anchor"": {""nodeId"": 89, ""smRef"": 3774.0}, ""includeBackgroundEdges"": false, ""writeTo"": ""both""}",true,0.12,22,1.144,1.0,1,100.672,126.5,0.7958260869565217,1,0,6,136->89,136,7,1,10,6,136_first,4,1,136_then_114_fast,0.13387963016623375,0.1307252499772666,2.3897062096830623e-06,visible,False
sol_phase311_16y_adaptiveHandshakeDampSweep_v1,2026-05-30T22-11-16-637Z_r00029_d15.000_rep5,29,5,2.0,2.0,15,0.12,200,61,3,9dbcb7d6,"{""enabled"": true, ""lawFamily"": ""power"", ""proxy"": ""degree"", ""alpha"": 0.8, ""k0"": null, ""dt0"": 0.12, ""kDtGamma"": 0.0, ""lambda"": 0.0, ""clampMin"": 0.25, ""clampMax"": 5000.0, ""anchor"": {""nodeId"": 89, ""smRef"": 3774.0}, ""includeBackgroundEdges"": false, ""writeTo"": ""both""}",true,0.12,22,1.144,1.0,1,100.672,126.5,0.7958260869565217,1,0,3,136->89,136,4,1,6,3,136_first,3,1,136_then_114_fast,0.09896757454873646,0.09500020606644878,8.549116201854611e-07,visible,False
sol_phase311_16y_adaptiveHandshakeDampSweep_v1,2026-05-30T22-11-18-268Z_r00030_d15.000_rep8,30,8,2.0,2.0,15,0.12,200,61,3,9dbcb7d6,"{""enabled"": true, ""lawFamily"": ""power"", ""proxy"": ""degree"", ""alpha"": 0.8, ""k0"": null, ""dt0"": 0.12, ""kDtGamma"": 0.0, ""lambda"": 0.0, ""clampMin"": 0.25, ""clampMax"": 5000.0, ""anchor"": {""nodeId"": 89, ""smRef"": 3774.0}, ""includeBackgroundEdges"": false, ""writeTo"": ""both""}",true,0.12,22,1.144,1.0,1,100.672,126.5,0.7958260869565217,1,0,3,136->89,136,4,1,6,3,136_first,3,1,136_then_114_fast,0.09896757454873646,0.09500020606644878,8.549116201854611e-07,visible,False
sol_phase311_16y_adaptiveHandshakeDampSweep_v1,2026-05-30T22-11-19-889Z_r00031_d8.000_rep12,31,12,2.0,2.0,8,0.12,200,61,3,9dbcb7d6,"{""enabled"": true, ""lawFamily"": ""power"", ""proxy"": ""degree"", ""alpha"": 0.8, ""k0"": null, ""dt0"": 0.12, ""kDtGamma"": 0.0, ""lambda"": 0.0, ""clampMin"": 0.25, ""clampMax"": 5000.0, ""anchor"": {""nodeId"": 89, ""smRef"": 3774.0}, ""includeBackgroundEdges"": false, ""writeTo"": ""both""}",true,0.12,22,1.144,1.0,1,100.672,126.5,0.7958260869565217,1,0,6,136->89,136,7,1,10,6,136_first,4,1,136_then_114_fast,0.13387963016623375,0.1307252499772666,2.3897062096830623e-06,visible,False
sol_phase311_16y_adaptiveHandshakeDampSweep_v1,2026-05-30T22-11-21-513Z_r00032_d8.000_rep9,32,9,2.0,2.0,8,0.12,200,61,3,9dbcb7d6,"{""enabled"": true, ""lawFamily"": ""power"", ""proxy"": ""degree"", ""alpha"": 0.8, ""k0"": null, ""dt0"": 0.12, ""kDtGamma"": 0.0, ""lambda"": 0.0, ""clampMin"": 0.25, ""clampMax"": 5000.0, ""anchor"": {""nodeId"": 89, ""smRef"": 3774.0}, ""includeBackgroundEdges"": false, ""writeTo"": ""both""}",true,0.12,22,1.144,1.0,1,100.672,126.5,0.7958260869565217,1,0,6,136->89,136,7,1,10,6,136_first,4,1,136_then_114_fast,0.13387963016623375,0.1307252499772666,2.3897062096830623e-06,visible,False
sol_phase311_16y_adaptiveHandshakeDampSweep_v1,2026-05-30T22-11-23-138Z_r00033_d8.000_rep7,33,7,2.0,2.0,8,0.12,200,61,3,9dbcb7d6,"{""enabled"": true, ""lawFamily"": ""power"", ""proxy"": ""degree"", ""alpha"": 0.8, ""k0"": null, ""dt0"": 0.12, ""kDtGamma"": 0.0, ""lambda"": 0.0, ""clampMin"": 0.25, ""clampMax"": 5000.0, ""anchor"": {""nodeId"": 89, ""smRef"": 3774.0}, ""includeBackgroundEdges"": false, ""writeTo"": ""both""}",true,0.12,22,1.144,1.0,1,100.672,126.5,0.7958260869565217,1,0,6,136->89,136,7,1,10,6,136_first,4,1,136_then_114_fast,0.13387963016623375,0.1307252499772666,2.3897062096830623e-06,visible,False
sol_phase311_16y_adaptiveHandshakeDampSweep_v1,2026-05-30T22-11-24-762Z_r00034_d20.000_rep11,34,11,2.0,2.0,20,0.12,200,61,3,9dbcb7d6,"{""enabled"": true, ""lawFamily"": ""power"", ""proxy"": ""degree"", ""alpha"": 0.8, ""k0"": null, ""dt0"": 0.12, ""kDtGamma"": 0.0, ""lambda"": 0.0, ""clampMin"": 0.25, ""clampMax"": 5000.0, ""anchor"": {""nodeId"": 89, ""smRef"": 3774.0}, ""includeBackgroundEdges"": false, ""writeTo"": ""both""}",true,0.12,22,1.144,1.0,1,100.672,126.5,0.7958260869565217,1,0,2,136->89,136,3,1,5,2,136_first,3,1,136_then_114_fast,0.08419448722983018,0.08026368312292444,5.16292940544705e-07,visible,False
sol_phase311_16y_adaptiveHandshakeDampSweep_v1,2026-05-30T22-11-26-385Z_r00035_d10.000_rep3,35,3,2.0,2.0,10,0.12,200,61,3,9dbcb7d6,"{""enabled"": true, ""lawFamily"": ""power"", ""proxy"": ""degree"", ""alpha"": 0.8, ""k0"": null, ""dt0"": 0.12, ""kDtGamma"": 0.0, ""lambda"": 0.0, ""clampMin"": 0.25, ""clampMax"": 5000.0, ""anchor"": {""nodeId"": 89, ""smRef"": 3774.0}, ""includeBackgroundEdges"": false, ""writeTo"": ""both""}",true,0.12,22,1.144,1.0,1,100.672,126.5,0.7958260869565217,1,0,5,136->89,136,6,1,8,5,136_first,3,1,136_then_114_fast,0.12101532023472515,0.11753123369683396,1.681985927642496e-06,visible,False
sol_phase311_16y_adaptiveHandshakeDampSweep_v1,2026-05-30T22-11-28-011Z_r00036_d15.000_rep11,36,11,2.0,2.0,15,0.12,200,61,3,9dbcb7d6,"{""enabled"": true, ""lawFamily"": ""power"", ""proxy"": ""degree"", ""alpha"": 0.8, ""k0"": null, ""dt0"": 0.12, ""kDtGamma"": 0.0, ""lambda"": 0.0, ""clampMin"": 0.25, ""clampMax"": 5000.0, ""anchor"": {""nodeId"": 89, ""smRef"": 3774.0}, ""includeBackgroundEdges"": false, ""writeTo"": ""both""}",true,0.12,22,1.144,1.0,1,100.672,126.5,0.7958260869565217,1,0,3,136->89,136,4,1,6,3,136_first,3,1,136_then_114_fast,0.09896757454873646,0.09500020606644878,8.549116201854611e-07,visible,False
sol_phase311_16y_adaptiveHandshakeDampSweep_v1,2026-05-30T22-11-29-637Z_r00037_d5.000_rep1,37,1,2.0,2.0,5,0.12,200,61,3,9dbcb7d6,"{""enabled"": true, ""lawFamily"": ""power"", ""proxy"": ""degree"", ""alpha"": 0.8, ""k0"": null, ""dt0"": 0.12, ""kDtGamma"": 0.0, ""lambda"": 0.0, ""clampMin"": 0.25, ""clampMax"": 5000.0, ""anchor"": {""nodeId"": 89, ""smRef"": 3774.0}, ""includeBackgroundEdges"": false, ""writeTo"": ""both""}",true,0.12,22,1.144,1.0,1,100.672,126.5,0.7958260869565217,1,0,11,136->89,136,12,1,15,11,136_first,4,1,136_then_114_fast,0.15524238306846075,0.15930391535029495,4.697193830093961e-06,visible,False
sol_phase311_16y_adaptiveHandshakeDampSweep_v1,2026-05-30T22-11-31-262Z_r00038_d8.000_rep1,38,1,2.0,2.0,8,0.12,200,61,3,9dbcb7d6,"{""enabled"": true, ""lawFamily"": ""power"", ""proxy"": ""degree"", ""alpha"": 0.8, ""k0"": null, ""dt0"": 0.12, ""kDtGamma"": 0.0, ""lambda"": 0.0, ""clampMin"": 0.25, ""clampMax"": 5000.0, ""anchor"": {""nodeId"": 89, ""smRef"": 3774.0}, ""includeBackgroundEdges"": false, ""writeTo"": ""both""}",true,0.12,22,1.144,1.0,1,100.672,126.5,0.7958260869565217,1,0,6,136->89,136,7,1,10,6,136_first,4,1,136_then_114_fast,0.13387963016623375,0.1307252499772666,2.3897062096830623e-06,visible,False
sol_phase311_16y_adaptiveHandshakeDampSweep_v1,2026-05-30T22-11-32-894Z_r00039_d5.000_rep12,39,12,2.0,2.0,5,0.12,200,61,3,9dbcb7d6,"{""enabled"": true, ""lawFamily"": ""power"", ""proxy"": ""degree"", ""alpha"": 0.8, ""k0"": null, ""dt0"": 0.12, ""kDtGamma"": 0.0, ""lambda"": 0.0, ""clampMin"": 0.25, ""clampMax"": 5000.0, ""anchor"": {""nodeId"": 89, ""smRef"": 3774.0}, ""includeBackgroundEdges"": false, ""writeTo"": ""both""}",true,0.12,22,1.144,1.0,1,100.672,126.5,0.7958260869565217,1,0,11,136->89,136,12,1,15,11,136_first,4,1,136_then_114_fast,0.15524238306846075,0.15930391535029495,4.697193830093961e-06,visible,False
sol_phase311_16y_adaptiveHandshakeDampSweep_v1,2026-05-30T22-11-34-524Z_r00040_d8.000_rep4,40,4,2.0,2.0,8,0.12,200,61,3,9dbcb7d6,"{""enabled"": true, ""lawFamily"": ""power"", ""proxy"": ""degree"", ""alpha"": 0.8, ""k0"": null, ""dt0"": 0.12, ""kDtGamma"": 0.0, ""lambda"": 0.0, ""clampMin"": 0.25, ""clampMax"": 5000.0, ""anchor"": {""nodeId"": 89, ""smRef"": 3774.0}, ""includeBackgroundEdges"": false, ""writeTo"": ""both""}",true,0.12,22,1.144,1.0,1,100.672,126.5,0.7958260869565217,1,0,6,136->89,136,7,1,10,6,136_first,4,1,136_then_114_fast,0.13387963016623375,0.1307252499772666,2.3897062096830623e-06,visible,False
sol_phase311_16y_adaptiveHandshakeDampSweep_v1,2026-05-30T22-11-36-141Z_r00041_d8.000_rep5,41,5,2.0,2.0,8,0.12,200,61,3,9dbcb7d6,"{""enabled"": true, ""lawFamily"": ""power"", ""proxy"": ""degree"", ""alpha"": 0.8, ""k0"": null, ""dt0"": 0.12, ""kDtGamma"": 0.0, ""lambda"": 0.0, ""clampMin"": 0.25, ""clampMax"": 5000.0, ""anchor"": {""nodeId"": 89, ""smRef"": 3774.0}, ""includeBackgroundEdges"": false, ""writeTo"": ""both""}",true,0.12,22,1.144,1.0,1,100.672,126.5,0.7958260869565217,1,0,6,136->89,136,7,1,10,6,136_first,4,1,136_then_114_fast,0.13387963016623375,0.1307252499772666,2.3897062096830623e-06,visible,False
sol_phase311_16y_adaptiveHandshakeDampSweep_v1,2026-05-30T22-11-37-763Z_r00042_d5.000_rep7,42,7,2.0,2.0,5,0.12,200,61,3,9dbcb7d6,"{""enabled"": true, ""lawFamily"": ""power"", ""proxy"": ""degree"", ""alpha"": 0.8, ""k0"": null, ""dt0"": 0.12, ""kDtGamma"": 0.0, ""lambda"": 0.0, ""clampMin"": 0.25, ""clampMax"": 5000.0, ""anchor"": {""nodeId"": 89, ""smRef"": 3774.0}, ""includeBackgroundEdges"": false, ""writeTo"": ""both""}",true,0.12,22,1.144,1.0,1,100.672,126.5,0.7958260869565217,1,0,11,136->89,136,12,1,15,11,136_first,4,1,136_then_114_fast,0.15524238306846075,0.15930391535029495,4.697193830093961e-06,visible,False
sol_phase311_16y_adaptiveHandshakeDampSweep_v1,2026-05-30T22-11-39-382Z_r00043_d15.000_rep6,43,6,2.0,2.0,15,0.12,200,61,3,9dbcb7d6,"{""enabled"": true, ""lawFamily"": ""power"", ""proxy"": ""degree"", ""alpha"": 0.8, ""k0"": null, ""dt0"": 0.12, ""kDtGamma"": 0.0, ""lambda"": 0.0, ""clampMin"": 0.25, ""clampMax"": 5000.0, ""anchor"": {""nodeId"": 89, ""smRef"": 3774.0}, ""includeBackgroundEdges"": false, ""writeTo"": ""both""}",true,0.12,22,1.144,1.0,1,100.672,126.5,0.7958260869565217,1,0,3,136->89,136,4,1,6,3,136_first,3,1,136_then_114_fast,0.09896757454873646,0.09500020606644878,8.549116201854611e-07,visible,False
sol_phase311_16y_adaptiveHandshakeDampSweep_v1,2026-05-30T22-11-41-024Z_r00044_d12.000_rep11,44,11,2.0,2.0,12,0.12,200,61,3,9dbcb7d6,"{""enabled"": true, ""lawFamily"": ""power"", ""proxy"": ""degree"", ""alpha"": 0.8, ""k0"": null, ""dt0"": 0.12, ""kDtGamma"": 0.0, ""lambda"": 0.0, ""clampMin"": 0.25, ""clampMax"": 5000.0, ""anchor"": {""nodeId"": 89, ""smRef"": 3774.0}, ""includeBackgroundEdges"": false, ""writeTo"": ""both""}",true,0.12,22,1.144,1.0,1,100.672,126.5,0.7958260869565217,1,0,4,136->89,136,5,1,7,4,136_first,3,1,136_then_114_fast,0.11107914706125623,0.10721417517621204,1.2480278487723735e-06,visible,False
sol_phase311_16y_adaptiveHandshakeDampSweep_v1,2026-05-30T22-11-42-671Z_r00045_d10.000_rep9,45,9,2.0,2.0,10,0.12,200,61,3,9dbcb7d6,"{""enabled"": true, ""lawFamily"": ""power"", ""proxy"": ""degree"", ""alpha"": 0.8, ""k0"": null, ""dt0"": 0.12, ""kDtGamma"": 0.0, ""lambda"": 0.0, ""clampMin"": 0.25, ""clampMax"": 5000.0, ""anchor"": {""nodeId"": 89, ""smRef"": 3774.0}, ""includeBackgroundEdges"": false, ""writeTo"": ""both""}",true,0.12,22,1.144,1.0,1,100.672,126.5,0.7958260869565217,1,0,5,136->89,136,6,1,8,5,136_first,3,1,136_then_114_fast,0.12101532023472515,0.11753123369683396,1.681985927642496e-06,visible,False
sol_phase311_16y_adaptiveHandshakeDampSweep_v1,2026-05-30T22-11-44-318Z_r00046_d4.000_rep8,46,8,2.0,2.0,4,0.12,200,61,3,9dbcb7d6,"{""enabled"": true, ""lawFamily"": ""power"", ""proxy"": ""degree"", ""alpha"": 0.8, ""k0"": null, ""dt0"": 0.12, ""kDtGamma"": 0.0, ""lambda"": 0.0, ""clampMin"": 0.25, ""clampMax"": 5000.0, ""anchor"": {""nodeId"": 89, ""smRef"": 3774.0}, ""includeBackgroundEdges"": false, ""writeTo"": ""both""}",true,0.12,22,1.144,1.0,1,100.672,126.5,0.7958260869565217,1,0,14,136->89,136,15,1,18,14,136_first,4,1,136_then_114_fast,0.16342365032530184,0.1727342904496539,6.282923690762349e-06,visible,False
sol_phase311_16y_adaptiveHandshakeDampSweep_v1,2026-05-30T22-11-45-944Z_r00047_d6.000_rep11,47,11,2.0,2.0,6,0.12,200,61,3,9dbcb7d6,"{""enabled"": true, ""lawFamily"": ""power"", ""proxy"": ""degree"", ""alpha"": 0.8, ""k0"": null, ""dt0"": 0.12, ""kDtGamma"": 0.0, ""lambda"": 0.0, ""clampMin"": 0.25, ""clampMax"": 5000.0, ""anchor"": {""nodeId"": 89, ""smRef"": 3774.0}, ""includeBackgroundEdges"": false, ""writeTo"": ""both""}",true,0.12,22,1.144,1.0,1,100.672,126.5,0.7958260869565217,1,0,9,136->89,136,10,1,13,9,136_first,4,1,136_then_114_fast,0.14725969484470347,0.1482421584653083,3.6497410557998146e-06,visible,False
sol_phase311_16y_adaptiveHandshakeDampSweep_v1,2026-05-30T22-11-47-568Z_r00048_d15.000_rep7,48,7,2.0,2.0,15,0.12,200,61,3,9dbcb7d6,"{""enabled"": true, ""lawFamily"": ""power"", ""proxy"": ""degree"", ""alpha"": 0.8, ""k0"": null, ""dt0"": 0.12, ""kDtGamma"": 0.0, ""lambda"": 0.0, ""clampMin"": 0.25, ""clampMax"": 5000.0, ""anchor"": {""nodeId"": 89, ""smRef"": 3774.0}, ""includeBackgroundEdges"": false, ""writeTo"": ""both""}",true,0.12,22,1.144,1.0,1,100.672,126.5,0.7958260869565217,1,0,3,136->89,136,4,1,6,3,136_first,3,1,136_then_114_fast,0.09896757454873646,0.09500020606644878,8.549116201854611e-07,visible,False
sol_phase311_16y_adaptiveHandshakeDampSweep_v1,2026-05-30T22-11-49-190Z_r00049_d8.000_rep11,49,11,2.0,2.0,8,0.12,200,61,3,9dbcb7d6,"{""enabled"": true, ""lawFamily"": ""power"", ""proxy"": ""degree"", ""alpha"": 0.8, ""k0"": null, ""dt0"": 0.12, ""kDtGamma"": 0.0, ""lambda"": 0.0, ""clampMin"": 0.25, ""clampMax"": 5000.0, ""anchor"": {""nodeId"": 89, ""smRef"": 3774.0}, ""includeBackgroundEdges"": false, ""writeTo"": ""both""}",true,0.12,22,1.144,1.0,1,100.672,126.5,0.7958260869565217,1,0,6,136->89,136,7,1,10,6,136_first,4,1,136_then_114_fast,0.13387963016623375,0.1307252499772666,2.3897062096830623e-06,visible,False
sol_phase311_16y_adaptiveHandshakeDampSweep_v1,2026-05-30T22-11-50-829Z_r00050_d4.000_rep3,50,3,2.0,2.0,4,0.12,200,61,3,9dbcb7d6,"{""enabled"": true, ""lawFamily"": ""power"", ""proxy"": ""degree"", ""alpha"": 0.8, ""k0"": null, ""dt0"": 0.12, ""kDtGamma"": 0.0, ""lambda"": 0.0, ""clampMin"": 0.25, ""clampMax"": 5000.0, ""anchor"": {""nodeId"": 89, ""smRef"": 3774.0}, ""includeBackgroundEdges"": false, ""writeTo"": ""both""}",true,0.12,22,1.144,1.0,1,100.672,126.5,0.7958260869565217,1,0,14,136->89,136,15,1,18,14,136_first,4,1,136_then_114_fast,0.16342365032530184,0.1727342904496539,6.282923690762349e-06,visible,False
sol_phase311_16y_adaptiveHandshakeDampSweep_v1,2026-05-30T22-11-52-449Z_r00051_d5.000_rep5,51,5,2.0,2.0,5,0.12,200,61,3,9dbcb7d6,"{""enabled"": true, ""lawFamily"": ""power"", ""proxy"": ""degree"", ""alpha"": 0.8, ""k0"": null, ""dt0"": 0.12, ""kDtGamma"": 0.0, ""lambda"": 0.0, ""clampMin"": 0.25, ""clampMax"": 5000.0, ""anchor"": {""nodeId"": 89, ""smRef"": 3774.0}, ""includeBackgroundEdges"": false, ""writeTo"": ""both""}",true,0.12,22,1.144,1.0,1,100.672,126.5,0.7958260869565217,1,0,11,136->89,136,12,1,15,11,136_first,4,1,136_then_114_fast,0.15524238306846075,0.15930391535029495,4.697193830093961e-06,visible,False
sol_phase311_16y_adaptiveHandshakeDampSweep_v1,2026-05-30T22-11-54-071Z_r00052_d8.000_rep3,52,3,2.0,2.0,8,0.12,200,61,3,9dbcb7d6,"{""enabled"": true, ""lawFamily"": ""power"", ""proxy"": ""degree"", ""alpha"": 0.8, ""k0"": null, ""dt0"": 0.12, ""kDtGamma"": 0.0, ""lambda"": 0.0, ""clampMin"": 0.25, ""clampMax"": 5000.0, ""anchor"": {""nodeId"": 89, ""smRef"": 3774.0}, ""includeBackgroundEdges"": false, ""writeTo"": ""both""}",true,0.12,22,1.144,1.0,1,100.672,126.5,0.7958260869565217,1,0,6,136->89,136,7,1,10,6,136_first,4,1,136_then_114_fast,0.13387963016623375,0.1307252499772666,2.3897062096830623e-06,visible,False
sol_phase311_16y_adaptiveHandshakeDampSweep_v1,2026-05-30T22-11-55-695Z_r00053_d12.000_rep7,53,7,2.0,2.0,12,0.12,200,61,3,9dbcb7d6,"{""enabled"": true, ""lawFamily"": ""power"", ""proxy"": ""degree"", ""alpha"": 0.8, ""k0"": null, ""dt0"": 0.12, ""kDtGamma"": 0.0, ""lambda"": 0.0, ""clampMin"": 0.25, ""clampMax"": 5000.0, ""anchor"": {""nodeId"": 89, ""smRef"": 3774.0}, ""includeBackgroundEdges"": false, ""writeTo"": ""both""}",true,0.12,22,1.144,1.0,1,100.672,126.5,0.7958260869565217,1,0,4,136->89,136,5,1,7,4,136_first,3,1,136_then_114_fast,0.11107914706125623,0.10721417517621204,1.2480278487723735e-06,visible,False
sol_phase311_16y_adaptiveHandshakeDampSweep_v1,2026-05-30T22-11-57-313Z_r00054_d5.000_rep11,54,11,2.0,2.0,5,0.12,200,61,3,9dbcb7d6,"{""enabled"": true, ""lawFamily"": ""power"", ""proxy"": ""degree"", ""alpha"": 0.8, ""k0"": null, ""dt0"": 0.12, ""kDtGamma"": 0.0, ""lambda"": 0.0, ""clampMin"": 0.25, ""clampMax"": 5000.0, ""anchor"": {""nodeId"": 89, ""smRef"": 3774.0}, ""includeBackgroundEdges"": false, ""writeTo"": ""both""}",true,0.12,22,1.144,1.0,1,100.672,126.5,0.7958260869565217,1,0,11,136->89,136,12,1,15,11,136_first,4,1,136_then_114_fast,0.15524238306846075,0.15930391535029495,4.697193830093961e-06,visible,False
sol_phase311_16y_adaptiveHandshakeDampSweep_v1,2026-05-30T22-11-58-946Z_r00055_d10.000_rep11,55,11,2.0,2.0,10,0.12,200,61,3,9dbcb7d6,"{""enabled"": true, ""lawFamily"": ""power"", ""proxy"": ""degree"", ""alpha"": 0.8, ""k0"": null, ""dt0"": 0.12, ""kDtGamma"": 0.0, ""lambda"": 0.0, ""clampMin"": 0.25, ""clampMax"": 5000.0, ""anchor"": {""nodeId"": 89, ""smRef"": 3774.0}, ""includeBackgroundEdges"": false, ""writeTo"": ""both""}",true,0.12,22,1.144,1.0,1,100.672,126.5,0.7958260869565217,1,0,5,136->89,136,6,1,8,5,136_first,3,1,136_then_114_fast,0.12101532023472515,0.11753123369683396,1.681985927642496e-06,visible,False
sol_phase311_16y_adaptiveHandshakeDampSweep_v1,2026-05-30T22-12-00-562Z_r00056_d6.000_rep1,56,1,2.0,2.0,6,0.12,200,61,3,9dbcb7d6,"{""enabled"": true, ""lawFamily"": ""power"", ""proxy"": ""degree"", ""alpha"": 0.8, ""k0"": null, ""dt0"": 0.12, ""kDtGamma"": 0.0, ""lambda"": 0.0, ""clampMin"": 0.25, ""clampMax"": 5000.0, ""anchor"": {""nodeId"": 89, ""smRef"": 3774.0}, ""includeBackgroundEdges"": false, ""writeTo"": ""both""}",true,0.12,22,1.144,1.0,1,100.672,126.5,0.7958260869565217,1,0,9,136->89,136,10,1,13,9,136_first,4,1,136_then_114_fast,0.14725969484470347,0.1482421584653083,3.6497410557998146e-06,visible,False
sol_phase311_16y_adaptiveHandshakeDampSweep_v1,2026-05-30T22-12-02-187Z_r00057_d4.000_rep6,57,6,2.0,2.0,4,0.12,200,61,3,9dbcb7d6,"{""enabled"": true, ""lawFamily"": ""power"", ""proxy"": ""degree"", ""alpha"": 0.8, ""k0"": null, ""dt0"": 0.12, ""kDtGamma"": 0.0, ""lambda"": 0.0, ""clampMin"": 0.25, ""clampMax"": 5000.0, ""anchor"": {""nodeId"": 89, ""smRef"": 3774.0}, ""includeBackgroundEdges"": false, ""writeTo"": ""both""}",true,0.12,22,1.144,1.0,1,100.672,126.5,0.7958260869565217,1,0,14,136->89,136,15,1,18,14,136_first,4,1,136_then_114_fast,0.16342365032530184,0.1727342904496539,6.282923690762349e-06,visible,False
sol_phase311_16y_adaptiveHandshakeDampSweep_v1,2026-05-30T22-12-03-819Z_r00058_d4.000_rep7,58,7,2.0,2.0,4,0.12,200,61,3,9dbcb7d6,"{""enabled"": true, ""lawFamily"": ""power"", ""proxy"": ""degree"", ""alpha"": 0.8, ""k0"": null, ""dt0"": 0.12, ""kDtGamma"": 0.0, ""lambda"": 0.0, ""clampMin"": 0.25, ""clampMax"": 5000.0, ""anchor"": {""nodeId"": 89, ""smRef"": 3774.0}, ""includeBackgroundEdges"": false, ""writeTo"": ""both""}",true,0.12,22,1.144,1.0,1,100.672,126.5,0.7958260869565217,1,0,14,136->89,136,15,1,18,14,136_first,4,1,136_then_114_fast,0.16342365032530184,0.1727342904496539,6.282923690762349e-06,visible,False
sol_phase311_16y_adaptiveHandshakeDampSweep_v1,2026-05-30T22-12-05-445Z_r00059_d5.000_rep10,59,10,2.0,2.0,5,0.12,200,61,3,9dbcb7d6,"{""enabled"": true, ""lawFamily"": ""power"", ""proxy"": ""degree"", ""alpha"": 0.8, ""k0"": null, ""dt0"": 0.12, ""kDtGamma"": 0.0, ""lambda"": 0.0, ""clampMin"": 0.25, ""clampMax"": 5000.0, ""anchor"": {""nodeId"": 89, ""smRef"": 3774.0}, ""includeBackgroundEdges"": false, ""writeTo"": ""both""}",true,0.12,22,1.144,1.0,1,100.672,126.5,0.7958260869565217,1,0,11,136->89,136,12,1,15,11,136_first,4,1,136_then_114_fast,0.15524238306846075,0.15930391535029495,4.697193830093961e-06,visible,False
sol_phase311_16y_adaptiveHandshakeDampSweep_v1,2026-05-30T22-12-07-072Z_r00060_d10.000_rep1,60,1,2.0,2.0,10,0.12,200,61,3,9dbcb7d6,"{""enabled"": true, ""lawFamily"": ""power"", ""proxy"": ""degree"", ""alpha"": 0.8, ""k0"": null, ""dt0"": 0.12, ""kDtGamma"": 0.0, ""lambda"": 0.0, ""clampMin"": 0.25, ""clampMax"": 5000.0, ""anchor"": {""nodeId"": 89, ""smRef"": 3774.0}, ""includeBackgroundEdges"": false, ""writeTo"": ""both""}",true,0.12,22,1.144,1.0,1,100.672,126.5,0.7958260869565217,1,0,5,136->89,136,6,1,8,5,136_first,3,1,136_then_114_fast,0.12101532023472515,0.11753123369683396,1.681985927642496e-06,visible,False
sol_phase311_16y_adaptiveHandshakeDampSweep_v1,2026-05-30T22-12-08-696Z_r00061_d12.000_rep2,61,2,2.0,2.0,12,0.12,200,61,3,9dbcb7d6,"{""enabled"": true, ""lawFamily"": ""power"", ""proxy"": ""degree"", ""alpha"": 0.8, ""k0"": null, ""dt0"": 0.12, ""kDtGamma"": 0.0, ""lambda"": 0.0, ""clampMin"": 0.25, ""clampMax"": 5000.0, ""anchor"": {""nodeId"": 89, ""smRef"": 3774.0}, ""includeBackgroundEdges"": false, ""writeTo"": ""both""}",true,0.12,22,1.144,1.0,1,100.672,126.5,0.7958260869565217,1,0,4,136->89,136,5,1,7,4,136_first,3,1,136_then_114_fast,0.11107914706125623,0.10721417517621204,1.2480278487723735e-06,visible,False
sol_phase311_16y_adaptiveHandshakeDampSweep_v1,2026-05-30T22-12-10-318Z_r00062_d20.000_rep5,62,5,2.0,2.0,20,0.12,200,61,3,9dbcb7d6,"{""enabled"": true, ""lawFamily"": ""power"", ""proxy"": ""degree"", ""alpha"": 0.8, ""k0"": null, ""dt0"": 0.12, ""kDtGamma"": 0.0, ""lambda"": 0.0, ""clampMin"": 0.25, ""clampMax"": 5000.0, ""anchor"": {""nodeId"": 89, ""smRef"": 3774.0}, ""includeBackgroundEdges"": false, ""writeTo"": ""both""}",true,0.12,22,1.144,1.0,1,100.672,126.5,0.7958260869565217,1,0,2,136->89,136,3,1,5,2,136_first,3,1,136_then_114_fast,0.08419448722983018,0.08026368312292444,5.16292940544705e-07,visible,False
sol_phase311_16y_adaptiveHandshakeDampSweep_v1,2026-05-30T22-12-11-950Z_r00063_d5.000_rep8,63,8,2.0,2.0,5,0.12,200,61,3,9dbcb7d6,"{""enabled"": true, ""lawFamily"": ""power"", ""proxy"": ""degree"", ""alpha"": 0.8, ""k0"": null, ""dt0"": 0.12, ""kDtGamma"": 0.0, ""lambda"": 0.0, ""clampMin"": 0.25, ""clampMax"": 5000.0, ""anchor"": {""nodeId"": 89, ""smRef"": 3774.0}, ""includeBackgroundEdges"": false, ""writeTo"": ""both""}",true,0.12,22,1.144,1.0,1,100.672,126.5,0.7958260869565217,1,0,11,136->89,136,12,1,15,11,136_first,4,1,136_then_114_fast,0.15524238306846075,0.15930391535029495,4.697193830093961e-06,visible,False
sol_phase311_16y_adaptiveHandshakeDampSweep_v1,2026-05-30T22-12-13-573Z_r00064_d15.000_rep2,64,2,2.0,2.0,15,0.12,200,61,3,9dbcb7d6,"{""enabled"": true, ""lawFamily"": ""power"", ""proxy"": ""degree"", ""alpha"": 0.8, ""k0"": null, ""dt0"": 0.12, ""kDtGamma"": 0.0, ""lambda"": 0.0, ""clampMin"": 0.25, ""clampMax"": 5000.0, ""anchor"": {""nodeId"": 89, ""smRef"": 3774.0}, ""includeBackgroundEdges"": false, ""writeTo"": ""both""}",true,0.12,22,1.144,1.0,1,100.672,126.5,0.7958260869565217,1,0,3,136->89,136,4,1,6,3,136_first,3,1,136_then_114_fast,0.09896757454873646,0.09500020606644878,8.549116201854611e-07,visible,False
sol_phase311_16y_adaptiveHandshakeDampSweep_v1,2026-05-30T22-12-15-198Z_r00065_d8.000_rep8,65,8,2.0,2.0,8,0.12,200,61,3,9dbcb7d6,"{""enabled"": true, ""lawFamily"": ""power"", ""proxy"": ""degree"", ""alpha"": 0.8, ""k0"": null, ""dt0"": 0.12, ""kDtGamma"": 0.0, ""lambda"": 0.0, ""clampMin"": 0.25, ""clampMax"": 5000.0, ""anchor"": {""nodeId"": 89, ""smRef"": 3774.0}, ""includeBackgroundEdges"": false, ""writeTo"": ""both""}",true,0.12,22,1.144,1.0,1,100.672,126.5,0.7958260869565217,1,0,6,136->89,136,7,1,10,6,136_first,4,1,136_then_114_fast,0.13387963016623375,0.1307252499772666,2.3897062096830623e-06,visible,False
sol_phase311_16y_adaptiveHandshakeDampSweep_v1,2026-05-30T22-12-16-817Z_r00066_d15.000_rep12,66,12,2.0,2.0,15,0.12,200,61,3,9dbcb7d6,"{""enabled"": true, ""lawFamily"": ""power"", ""proxy"": ""degree"", ""alpha"": 0.8, ""k0"": null, ""dt0"": 0.12, ""kDtGamma"": 0.0, ""lambda"": 0.0, ""clampMin"": 0.25, ""clampMax"": 5000.0, ""anchor"": {""nodeId"": 89, ""smRef"": 3774.0}, ""includeBackgroundEdges"": false, ""writeTo"": ""both""}",true,0.12,22,1.144,1.0,1,100.672,126.5,0.7958260869565217,1,0,3,136->89,136,4,1,6,3,136_first,3,1,136_then_114_fast,0.09896757454873646,0.09500020606644878,8.549116201854611e-07,visible,False
sol_phase311_16y_adaptiveHandshakeDampSweep_v1,2026-05-30T22-12-18-430Z_r00067_d5.000_rep9,67,9,2.0,2.0,5,0.12,200,61,3,9dbcb7d6,"{""enabled"": true, ""lawFamily"": ""power"", ""proxy"": ""degree"", ""alpha"": 0.8, ""k0"": null, ""dt0"": 0.12, ""kDtGamma"": 0.0, ""lambda"": 0.0, ""clampMin"": 0.25, ""clampMax"": 5000.0, ""anchor"": {""nodeId"": 89, ""smRef"": 3774.0}, ""includeBackgroundEdges"": false, ""writeTo"": ""both""}",true,0.12,22,1.144,1.0,1,100.672,126.5,0.7958260869565217,1,0,11,136->89,136,12,1,15,11,136_first,4,1,136_then_114_fast,0.15524238306846075,0.15930391535029495,4.697193830093961e-06,visible,False
sol_phase311_16y_adaptiveHandshakeDampSweep_v1,2026-05-30T22-12-20-055Z_r00068_d4.000_rep1,68,1,2.0,2.0,4,0.12,200,61,3,9dbcb7d6,"{""enabled"": true, ""lawFamily"": ""power"", ""proxy"": ""degree"", ""alpha"": 0.8, ""k0"": null, ""dt0"": 0.12, ""kDtGamma"": 0.0, ""lambda"": 0.0, ""clampMin"": 0.25, ""clampMax"": 5000.0, ""anchor"": {""nodeId"": 89, ""smRef"": 3774.0}, ""includeBackgroundEdges"": false, ""writeTo"": ""both""}",true,0.12,22,1.144,1.0,1,100.672,126.5,0.7958260869565217,1,0,14,136->89,136,15,1,18,14,136_first,4,1,136_then_114_fast,0.16342365032530184,0.1727342904496539,6.282923690762349e-06,visible,False
sol_phase311_16y_adaptiveHandshakeDampSweep_v1,2026-05-30T22-12-21-674Z_r00069_d20.000_rep9,69,9,2.0,2.0,20,0.12,200,61,3,9dbcb7d6,"{""enabled"": true, ""lawFamily"": ""power"", ""proxy"": ""degree"", ""alpha"": 0.8, ""k0"": null, ""dt0"": 0.12, ""kDtGamma"": 0.0, ""lambda"": 0.0, ""clampMin"": 0.25, ""clampMax"": 5000.0, ""anchor"": {""nodeId"": 89, ""smRef"": 3774.0}, ""includeBackgroundEdges"": false, ""writeTo"": ""both""}",true,0.12,22,1.144,1.0,1,100.672,126.5,0.7958260869565217,1,0,2,136->89,136,3,1,5,2,136_first,3,1,136_then_114_fast,0.08419448722983018,0.08026368312292444,5.16292940544705e-07,visible,False
sol_phase311_16y_adaptiveHandshakeDampSweep_v1,2026-05-30T22-12-23-295Z_r00070_d10.000_rep10,70,10,2.0,2.0,10,0.12,200,61,3,9dbcb7d6,"{""enabled"": true, ""lawFamily"": ""power"", ""proxy"": ""degree"", ""alpha"": 0.8, ""k0"": null, ""dt0"": 0.12, ""kDtGamma"": 0.0, ""lambda"": 0.0, ""clampMin"": 0.25, ""clampMax"": 5000.0, ""anchor"": {""nodeId"": 89, ""smRef"": 3774.0}, ""includeBackgroundEdges"": false, ""writeTo"": ""both""}",true,0.12,22,1.144,1.0,1,100.672,126.5,0.7958260869565217,1,0,5,136->89,136,6,1,8,5,136_first,3,1,136_then_114_fast,0.12101532023472515,0.11753123369683396,1.681985927642496e-06,visible,False
sol_phase311_16y_adaptiveHandshakeDampSweep_v1,2026-05-30T22-12-24-917Z_r00071_d20.000_rep7,71,7,2.0,2.0,20,0.12,200,61,3,9dbcb7d6,"{""enabled"": true, ""lawFamily"": ""power"", ""proxy"": ""degree"", ""alpha"": 0.8, ""k0"": null, ""dt0"": 0.12, ""kDtGamma"": 0.0, ""lambda"": 0.0, ""clampMin"": 0.25, ""clampMax"": 5000.0, ""anchor"": {""nodeId"": 89, ""smRef"": 3774.0}, ""includeBackgroundEdges"": false, ""writeTo"": ""both""}",true,0.12,22,1.144,1.0,1,100.672,126.5,0.7958260869565217,1,0,2,136->89,136,3,1,5,2,136_first,3,1,136_then_114_fast,0.08419448722983018,0.08026368312292444,5.16292940544705e-07,visible,False
sol_phase311_16y_adaptiveHandshakeDampSweep_v1,2026-05-30T22-12-26-536Z_r00072_d10.000_rep6,72,6,2.0,2.0,10,0.12,200,61,3,9dbcb7d6,"{""enabled"": true, ""lawFamily"": ""power"", ""proxy"": ""degree"", ""alpha"": 0.8, ""k0"": null, ""dt0"": 0.12, ""kDtGamma"": 0.0, ""lambda"": 0.0, ""clampMin"": 0.25, ""clampMax"": 5000.0, ""anchor"": {""nodeId"": 89, ""smRef"": 3774.0}, ""includeBackgroundEdges"": false, ""writeTo"": ""both""}",true,0.12,22,1.144,1.0,1,100.672,126.5,0.7958260869565217,1,0,5,136->89,136,6,1,8,5,136_first,3,1,136_then_114_fast,0.12101532023472515,0.11753123369683396,1.681985927642496e-06,visible,False
sol_phase311_16y_adaptiveHandshakeDampSweep_v1,2026-05-30T22-12-28-157Z_r00073_d20.000_rep4,73,4,2.0,2.0,20,0.12,200,61,3,9dbcb7d6,"{""enabled"": true, ""lawFamily"": ""power"", ""proxy"": ""degree"", ""alpha"": 0.8, ""k0"": null, ""dt0"": 0.12, ""kDtGamma"": 0.0, ""lambda"": 0.0, ""clampMin"": 0.25, ""clampMax"": 5000.0, ""anchor"": {""nodeId"": 89, ""smRef"": 3774.0}, ""includeBackgroundEdges"": false, ""writeTo"": ""both""}",true,0.12,22,1.144,1.0,1,100.672,126.5,0.7958260869565217,1,0,2,136->89,136,3,1,5,2,136_first,3,1,136_then_114_fast,0.08419448722983018,0.08026368312292444,5.16292940544705e-07,visible,False
sol_phase311_16y_adaptiveHandshakeDampSweep_v1,2026-05-30T22-12-29-780Z_r00074_d6.000_rep2,74,2,2.0,2.0,6,0.12,200,61,3,9dbcb7d6,"{""enabled"": true, ""lawFamily"": ""power"", ""proxy"": ""degree"", ""alpha"": 0.8, ""k0"": null, ""dt0"": 0.12, ""kDtGamma"": 0.0, ""lambda"": 0.0, ""clampMin"": 0.25, ""clampMax"": 5000.0, ""anchor"": {""nodeId"": 89, ""smRef"": 3774.0}, ""includeBackgroundEdges"": false, ""writeTo"": ""both""}",true,0.12,22,1.144,1.0,1,100.672,126.5,0.7958260869565217,1,0,9,136->89,136,10,1,13,9,136_first,4,1,136_then_114_fast,0.14725969484470347,0.1482421584653083,3.6497410557998146e-06,visible,False
sol_phase311_16y_adaptiveHandshakeDampSweep_v1,2026-05-30T22-12-31-409Z_r00075_d12.000_rep12,75,12,2.0,2.0,12,0.12,200,61,3,9dbcb7d6,"{""enabled"": true, ""lawFamily"": ""power"", ""proxy"": ""degree"", ""alpha"": 0.8, ""k0"": null, ""dt0"": 0.12, ""kDtGamma"": 0.0, ""lambda"": 0.0, ""clampMin"": 0.25, ""clampMax"": 5000.0, ""anchor"": {""nodeId"": 89, ""smRef"": 3774.0}, ""includeBackgroundEdges"": false, ""writeTo"": ""both""}",true,0.12,22,1.144,1.0,1,100.672,126.5,0.7958260869565217,1,0,4,136->89,136,5,1,7,4,136_first,3,1,136_then_114_fast,0.11107914706125623,0.10721417517621204,1.2480278487723735e-06,visible,False
sol_phase311_16y_adaptiveHandshakeDampSweep_v1,2026-05-30T22-12-33-033Z_r00076_d20.000_rep12,76,12,2.0,2.0,20,0.12,200,61,3,9dbcb7d6,"{""enabled"": true, ""lawFamily"": ""power"", ""proxy"": ""degree"", ""alpha"": 0.8, ""k0"": null, ""dt0"": 0.12, ""kDtGamma"": 0.0, ""lambda"": 0.0, ""clampMin"": 0.25, ""clampMax"": 5000.0, ""anchor"": {""nodeId"": 89, ""smRef"": 3774.0}, ""includeBackgroundEdges"": false, ""writeTo"": ""both""}",true,0.12,22,1.144,1.0,1,100.672,126.5,0.7958260869565217,1,0,2,136->89,136,3,1,5,2,136_first,3,1,136_then_114_fast,0.08419448722983018,0.08026368312292444,5.16292940544705e-07,visible,False
sol_phase311_16y_adaptiveHandshakeDampSweep_v1,2026-05-30T22-12-34-662Z_r00077_d12.000_rep5,77,5,2.0,2.0,12,0.12,200,61,3,9dbcb7d6,"{""enabled"": true, ""lawFamily"": ""power"", ""proxy"": ""degree"", ""alpha"": 0.8, ""k0"": null, ""dt0"": 0.12, ""kDtGamma"": 0.0, ""lambda"": 0.0, ""clampMin"": 0.25, ""clampMax"": 5000.0, ""anchor"": {""nodeId"": 89, ""smRef"": 3774.0}, ""includeBackgroundEdges"": false, ""writeTo"": ""both""}",true,0.12,22,1.144,1.0,1,100.672,126.5,0.7958260869565217,1,0,4,136->89,136,5,1,7,4,136_first,3,1,136_then_114_fast,0.11107914706125623,0.10721417517621204,1.2480278487723735e-06,visible,False
sol_phase311_16y_adaptiveHandshakeDampSweep_v1,2026-05-30T22-12-36-292Z_r00078_d6.000_rep6,78,6,2.0,2.0,6,0.12,200,61,3,9dbcb7d6,"{""enabled"": true, ""lawFamily"": ""power"", ""proxy"": ""degree"", ""alpha"": 0.8, ""k0"": null, ""dt0"": 0.12, ""kDtGamma"": 0.0, ""lambda"": 0.0, ""clampMin"": 0.25, ""clampMax"": 5000.0, ""anchor"": {""nodeId"": 89, ""smRef"": 3774.0}, ""includeBackgroundEdges"": false, ""writeTo"": ""both""}",true,0.12,22,1.144,1.0,1,100.672,126.5,0.7958260869565217,1,0,9,136->89,136,10,1,13,9,136_first,4,1,136_then_114_fast,0.14725969484470347,0.1482421584653083,3.6497410557998146e-06,visible,False
sol_phase311_16y_adaptiveHandshakeDampSweep_v1,2026-05-30T22-12-37-915Z_r00079_d6.000_rep4,79,4,2.0,2.0,6,0.12,200,61,3,9dbcb7d6,"{""enabled"": true, ""lawFamily"": ""power"", ""proxy"": ""degree"", ""alpha"": 0.8, ""k0"": null, ""dt0"": 0.12, ""kDtGamma"": 0.0, ""lambda"": 0.0, ""clampMin"": 0.25, ""clampMax"": 5000.0, ""anchor"": {""nodeId"": 89, ""smRef"": 3774.0}, ""includeBackgroundEdges"": false, ""writeTo"": ""both""}",true,0.12,22,1.144,1.0,1,100.672,126.5,0.7958260869565217,1,0,9,136->89,136,10,1,13,9,136_first,4,1,136_then_114_fast,0.14725969484470347,0.1482421584653083,3.6497410557998146e-06,visible,False
sol_phase311_16y_adaptiveHandshakeDampSweep_v1,2026-05-30T22-12-39-541Z_r00080_d20.000_rep2,80,2,2.0,2.0,20,0.12,200,61,3,9dbcb7d6,"{""enabled"": true, ""lawFamily"": ""power"", ""proxy"": ""degree"", ""alpha"": 0.8, ""k0"": null, ""dt0"": 0.12, ""kDtGamma"": 0.0, ""lambda"": 0.0, ""clampMin"": 0.25, ""clampMax"": 5000.0, ""anchor"": {""nodeId"": 89, ""smRef"": 3774.0}, ""includeBackgroundEdges"": false, ""writeTo"": ""both""}",true,0.12,22,1.144,1.0,1,100.672,126.5,0.7958260869565217,1,0,2,136->89,136,3,1,5,2,136_first,3,1,136_then_114_fast,0.08419448722983018,0.08026368312292444,5.16292940544705e-07,visible,False
sol_phase311_16y_adaptiveHandshakeDampSweep_v1,2026-05-30T22-12-41-166Z_r00081_d20.000_rep10,81,10,2.0,2.0,20,0.12,200,61,3,9dbcb7d6,"{""enabled"": true, ""lawFamily"": ""power"", ""proxy"": ""degree"", ""alpha"": 0.8, ""k0"": null, ""dt0"": 0.12, ""kDtGamma"": 0.0, ""lambda"": 0.0, ""clampMin"": 0.25, ""clampMax"": 5000.0, ""anchor"": {""nodeId"": 89, ""smRef"": 3774.0}, ""includeBackgroundEdges"": false, ""writeTo"": ""both""}",true,0.12,22,1.144,1.0,1,100.672,126.5,0.7958260869565217,1,0,2,136->89,136,3,1,5,2,136_first,3,1,136_then_114_fast,0.08419448722983018,0.08026368312292444,5.16292940544705e-07,visible,False
sol_phase311_16y_adaptiveHandshakeDampSweep_v1,2026-05-30T22-12-42-787Z_r00082_d4.000_rep5,82,5,2.0,2.0,4,0.12,200,61,3,9dbcb7d6,"{""enabled"": true, ""lawFamily"": ""power"", ""proxy"": ""degree"", ""alpha"": 0.8, ""k0"": null, ""dt0"": 0.12, ""kDtGamma"": 0.0, ""lambda"": 0.0, ""clampMin"": 0.25, ""clampMax"": 5000.0, ""anchor"": {""nodeId"": 89, ""smRef"": 3774.0}, ""includeBackgroundEdges"": false, ""writeTo"": ""both""}",true,0.12,22,1.144,1.0,1,100.672,126.5,0.7958260869565217,1,0,14,136->89,136,15,1,18,14,136_first,4,1,136_then_114_fast,0.16342365032530184,0.1727342904496539,6.282923690762349e-06,visible,False
sol_phase311_16y_adaptiveHandshakeDampSweep_v1,2026-05-30T22-12-44-409Z_r00083_d10.000_rep7,83,7,2.0,2.0,10,0.12,200,61,3,9dbcb7d6,"{""enabled"": true, ""lawFamily"": ""power"", ""proxy"": ""degree"", ""alpha"": 0.8, ""k0"": null, ""dt0"": 0.12, ""kDtGamma"": 0.0, ""lambda"": 0.0, ""clampMin"": 0.25, ""clampMax"": 5000.0, ""anchor"": {""nodeId"": 89, ""smRef"": 3774.0}, ""includeBackgroundEdges"": false, ""writeTo"": ""both""}",true,0.12,22,1.144,1.0,1,100.672,126.5,0.7958260869565217,1,0,5,136->89,136,6,1,8,5,136_first,3,1,136_then_114_fast,0.12101532023472515,0.11753123369683396,1.681985927642496e-06,visible,False
sol_phase311_16y_adaptiveHandshakeDampSweep_v1,2026-05-30T22-12-46-030Z_r00084_d15.000_rep4,84,4,2.0,2.0,15,0.12,200,61,3,9dbcb7d6,"{""enabled"": true, ""lawFamily"": ""power"", ""proxy"": ""degree"", ""alpha"": 0.8, ""k0"": null, ""dt0"": 0.12, ""kDtGamma"": 0.0, ""lambda"": 0.0, ""clampMin"": 0.25, ""clampMax"": 5000.0, ""anchor"": {""nodeId"": 89, ""smRef"": 3774.0}, ""includeBackgroundEdges"": false, ""writeTo"": ""both""}",true,0.12,22,1.144,1.0,1,100.672,126.5,0.7958260869565217,1,0,3,136->89,136,4,1,6,3,136_first,3,1,136_then_114_fast,0.09896757454873646,0.09500020606644878,8.549116201854611e-07,visible,False
sol_phase311_16y_adaptiveHandshakeDampSweep_v1,2026-05-30T22-12-47-652Z_r00085_d4.000_rep12,85,12,2.0,2.0,4,0.12,200,61,3,9dbcb7d6,"{""enabled"": true, ""lawFamily"": ""power"", ""proxy"": ""degree"", ""alpha"": 0.8, ""k0"": null, ""dt0"": 0.12, ""kDtGamma"": 0.0, ""lambda"": 0.0, ""clampMin"": 0.25, ""clampMax"": 5000.0, ""anchor"": {""nodeId"": 89, ""smRef"": 3774.0}, ""includeBackgroundEdges"": false, ""writeTo"": ""both""}",true,0.12,22,1.144,1.0,1,100.672,126.5,0.7958260869565217,1,0,14,136->89,136,15,1,18,14,136_first,4,1,136_then_114_fast,0.16342365032530184,0.1727342904496539,6.282923690762349e-06,visible,False
sol_phase311_16y_adaptiveHandshakeDampSweep_v1,2026-05-30T22-12-49-273Z_r00086_d12.000_rep10,86,10,2.0,2.0,12,0.12,200,61,3,9dbcb7d6,"{""enabled"": true, ""lawFamily"": ""power"", ""proxy"": ""degree"", ""alpha"": 0.8, ""k0"": null, ""dt0"": 0.12, ""kDtGamma"": 0.0, ""lambda"": 0.0, ""clampMin"": 0.25, ""clampMax"": 5000.0, ""anchor"": {""nodeId"": 89, ""smRef"": 3774.0}, ""includeBackgroundEdges"": false, ""writeTo"": ""both""}",true,0.12,22,1.144,1.0,1,100.672,126.5,0.7958260869565217,1,0,4,136->89,136,5,1,7,4,136_first,3,1,136_then_114_fast,0.11107914706125623,0.10721417517621204,1.2480278487723735e-06,visible,False
sol_phase311_16y_adaptiveHandshakeDampSweep_v1,2026-05-30T22-12-50-897Z_r00087_d20.000_rep3,87,3,2.0,2.0,20,0.12,200,61,3,9dbcb7d6,"{""enabled"": true, ""lawFamily"": ""power"", ""proxy"": ""degree"", ""alpha"": 0.8, ""k0"": null, ""dt0"": 0.12, ""kDtGamma"": 0.0, ""lambda"": 0.0, ""clampMin"": 0.25, ""clampMax"": 5000.0, ""anchor"": {""nodeId"": 89, ""smRef"": 3774.0}, ""includeBackgroundEdges"": false, ""writeTo"": ""both""}",true,0.12,22,1.144,1.0,1,100.672,126.5,0.7958260869565217,1,0,2,136->89,136,3,1,5,2,136_first,3,1,136_then_114_fast,0.08419448722983018,0.08026368312292444,5.16292940544705e-07,visible,False
sol_phase311_16y_adaptiveHandshakeDampSweep_v1,2026-05-30T22-12-52-521Z_r00088_d5.000_rep2,88,2,2.0,2.0,5,0.12,200,61,3,9dbcb7d6,"{""enabled"": true, ""lawFamily"": ""power"", ""proxy"": ""degree"", ""alpha"": 0.8, ""k0"": null, ""dt0"": 0.12, ""kDtGamma"": 0.0, ""lambda"": 0.0, ""clampMin"": 0.25, ""clampMax"": 5000.0, ""anchor"": {""nodeId"": 89, ""smRef"": 3774.0}, ""includeBackgroundEdges"": false, ""writeTo"": ""both""}",true,0.12,22,1.144,1.0,1,100.672,126.5,0.7958260869565217,1,0,11,136->89,136,12,1,15,11,136_first,4,1,136_then_114_fast,0.15524238306846075,0.15930391535029495,4.697193830093961e-06,visible,False
sol_phase311_16y_adaptiveHandshakeDampSweep_v1,2026-05-30T22-12-54-147Z_r00089_d5.000_rep6,89,6,2.0,2.0,5,0.12,200,61,3,9dbcb7d6,"{""enabled"": true, ""lawFamily"": ""power"", ""proxy"": ""degree"", ""alpha"": 0.8, ""k0"": null, ""dt0"": 0.12, ""kDtGamma"": 0.0, ""lambda"": 0.0, ""clampMin"": 0.25, ""clampMax"": 5000.0, ""anchor"": {""nodeId"": 89, ""smRef"": 3774.0}, ""includeBackgroundEdges"": false, ""writeTo"": ""both""}",true,0.12,22,1.144,1.0,1,100.672,126.5,0.7958260869565217,1,0,11,136->89,136,12,1,15,11,136_first,4,1,136_then_114_fast,0.15524238306846075,0.15930391535029495,4.697193830093961e-06,visible,False
sol_phase311_16y_adaptiveHandshakeDampSweep_v1,2026-05-30T22-12-55-765Z_r00090_d6.000_rep5,90,5,2.0,2.0,6,0.12,200,61,3,9dbcb7d6,"{""enabled"": true, ""lawFamily"": ""power"", ""proxy"": ""degree"", ""alpha"": 0.8, ""k0"": null, ""dt0"": 0.12, ""kDtGamma"": 0.0, ""lambda"": 0.0, ""clampMin"": 0.25, ""clampMax"": 5000.0, ""anchor"": {""nodeId"": 89, ""smRef"": 3774.0}, ""includeBackgroundEdges"": false, ""writeTo"": ""both""}",true,0.12,22,1.144,1.0,1,100.672,126.5,0.7958260869565217,1,0,9,136->89,136,10,1,13,9,136_first,4,1,136_then_114_fast,0.14725969484470347,0.1482421584653083,3.6497410557998146e-06,visible,False
sol_phase311_16y_adaptiveHandshakeDampSweep_v1,2026-05-30T22-12-57-389Z_r00091_d6.000_rep8,91,8,2.0,2.0,6,0.12,200,61,3,9dbcb7d6,"{""enabled"": true, ""lawFamily"": ""power"", ""proxy"": ""degree"", ""alpha"": 0.8, ""k0"": null, ""dt0"": 0.12, ""kDtGamma"": 0.0, ""lambda"": 0.0, ""clampMin"": 0.25, ""clampMax"": 5000.0, ""anchor"": {""nodeId"": 89, ""smRef"": 3774.0}, ""includeBackgroundEdges"": false, ""writeTo"": ""both""}",true,0.12,22,1.144,1.0,1,100.672,126.5,0.7958260869565217,1,0,9,136->89,136,10,1,13,9,136_first,4,1,136_then_114_fast,0.14725969484470347,0.1482421584653083,3.6497410557998146e-06,visible,False
sol_phase311_16y_adaptiveHandshakeDampSweep_v1,2026-05-30T22-12-59-014Z_r00092_d6.000_rep12,92,12,2.0,2.0,6,0.12,200,61,3,9dbcb7d6,"{""enabled"": true, ""lawFamily"": ""power"", ""proxy"": ""degree"", ""alpha"": 0.8, ""k0"": null, ""dt0"": 0.12, ""kDtGamma"": 0.0, ""lambda"": 0.0, ""clampMin"": 0.25, ""clampMax"": 5000.0, ""anchor"": {""nodeId"": 89, ""smRef"": 3774.0}, ""includeBackgroundEdges"": false, ""writeTo"": ""both""}",true,0.12,22,1.144,1.0,1,100.672,126.5,0.7958260869565217,1,0,9,136->89,136,10,1,13,9,136_first,4,1,136_then_114_fast,0.14725969484470347,0.1482421584653083,3.6497410557998146e-06,visible,False
sol_phase311_16y_adaptiveHandshakeDampSweep_v1,2026-05-30T22-13-00-643Z_r00093_d4.000_rep4,93,4,2.0,2.0,4,0.12,200,61,3,9dbcb7d6,"{""enabled"": true, ""lawFamily"": ""power"", ""proxy"": ""degree"", ""alpha"": 0.8, ""k0"": null, ""dt0"": 0.12, ""kDtGamma"": 0.0, ""lambda"": 0.0, ""clampMin"": 0.25, ""clampMax"": 5000.0, ""anchor"": {""nodeId"": 89, ""smRef"": 3774.0}, ""includeBackgroundEdges"": false, ""writeTo"": ""both""}",true,0.12,22,1.144,1.0,1,100.672,126.5,0.7958260869565217,1,0,14,136->89,136,15,1,18,14,136_first,4,1,136_then_114_fast,0.16342365032530184,0.1727342904496539,6.282923690762349e-06,visible,False
sol_phase311_16y_adaptiveHandshakeDampSweep_v1,2026-05-30T22-13-02-263Z_r00094_d5.000_rep3,94,3,2.0,2.0,5,0.12,200,61,3,9dbcb7d6,"{""enabled"": true, ""lawFamily"": ""power"", ""proxy"": ""degree"", ""alpha"": 0.8, ""k0"": null, ""dt0"": 0.12, ""kDtGamma"": 0.0, ""lambda"": 0.0, ""clampMin"": 0.25, ""clampMax"": 5000.0, ""anchor"": {""nodeId"": 89, ""smRef"": 3774.0}, ""includeBackgroundEdges"": false, ""writeTo"": ""both""}",true,0.12,22,1.144,1.0,1,100.672,126.5,0.7958260869565217,1,0,11,136->89,136,12,1,15,11,136_first,4,1,136_then_114_fast,0.15524238306846075,0.15930391535029495,4.697193830093961e-06,visible,False
sol_phase311_16y_adaptiveHandshakeDampSweep_v1,2026-05-30T22-13-03-893Z_r00095_d15.000_rep10,95,10,2.0,2.0,15,0.12,200,61,3,9dbcb7d6,"{""enabled"": true, ""lawFamily"": ""power"", ""proxy"": ""degree"", ""alpha"": 0.8, ""k0"": null, ""dt0"": 0.12, ""kDtGamma"": 0.0, ""lambda"": 0.0, ""clampMin"": 0.25, ""clampMax"": 5000.0, ""anchor"": {""nodeId"": 89, ""smRef"": 3774.0}, ""includeBackgroundEdges"": false, ""writeTo"": ""both""}",true,0.12,22,1.144,1.0,1,100.672,126.5,0.7958260869565217,1,0,3,136->89,136,4,1,6,3,136_first,3,1,136_then_114_fast,0.09896757454873646,0.09500020606644878,8.549116201854611e-07,visible,False
