tick,num_nodes,num_edges,total_mass,mass_variance,kinetic_energy,potential_energy,total_energy,total_momentum_scalar,total_momentum_algebraic,vorticity_global
1,64,2016,135.6,139.16214843749998,18214055097.05765,20097.61358866413,18214075194.67124,3828.642870770914,0,0
2,188,2140,258.18240000000054,0.5527387285207233,0,6665.478673642945,6665.478673642945,0,0,5.056006832514619
3,188,2140,368.9968896000004,145.94469075336886,41077572350.969666,44997.21661219273,41077617348.18628,9618.48505751576,0,0
4,344,2296,469.17318819839994,1.1455375038303277,7356238596.943366,14100.782574408186,7356252697.725941,7905.915262890595,0,1.4823076576963339e-21
5,344,2296,559.732562131352,80.10948582005895,51591726030.52667,50962.51758876753,51591776993.04426,10565.275804217616,0,1.4632729814759971e-27
6,500,2452,641.5982361667441,1.3643173096896044,13423428978.514711,20264.53719299097,13423449243.051905,4722.438634158656,0,5.317484613318663e-22
7,500,2452,715.6048054947387,58.75838697581118,78805933020.60986,58051.32357135156,78805991071.93344,19609.200551141435,0,2.6212365562906864e-11
8,748,2700,782.5067441672376,0.9695888709065188,42299181763.820786,21857.839266084145,42299203621.66005,17683.91810773973,0,2.0086187386902924e-10
9,748,2700,842.986096727185,38.407995799310925,112747501622.08644,58235.03783734973,112747559857.12428,29313.67176236932,0,2.360051959794489e-11
10,1088,3040,897.6594314413784,0.7718153268195929,8656618156.104078,22983.66905960671,8656641139.773138,16564.060162139118,0,2.6222577290004817e-11
11,1088,3040,947.0841260230044,26.399065809483417,104594399196.65216,59046.70413751083,104594458243.35628,32130.24874894849,0,2.622728237145124e-11
12,1336,3288,991.7640499247988,0.6231498031788466,13042591430.798368,23242.51643354416,13042614673.3148,19781.085505477087,0,1.3035175550805897e-10
13,1336,3288,1032.1547011320165,21.59855692336744,136490150084.03365,59879.187137298046,136490209963.22078,34520.87078123112,0,9.974705732973287e-11
14,1584,3536,1068.667849823342,0.5852032767638882,14732912562.729336,24614.523623743215,14732937177.25296,21122.344445537427,0,7.489835052131349e-11
15,1584,3536,1101.675736240304,18.326888923986743,127594558950.85023,60659.82834209658,127594619610.6786,37651.13827599379,0,8.337311688220125e-10
16,1832,3784,1131.5148655612386,0.5533947633792338,19209342600.114517,25744.651344742306,19209368344.76586,22877.6144207475,0,3.057100129493156e-09
17,1832,3784,1158.489438467354,15.97332263315975,134796161527.44,62389.920121449926,134796223917.36012,40279.11074172992,0,1.555671889369586e-08
18,2080,4032,1182.874452374498,0.5345345338435881,45019676912.91237,26819.18260380628,45019703732.09497,24902.156676795996,0,2.3704606978589793e-11
19,2080,4032,1204.918504946542,14.08133676800529,164268489674.5421,61784.03783979027,164268551458.57996,42121.99301639947,0,1.8356049118664305e-11
20,2328,4280,1224.8463284716756,0.46933321595265426,25127695423.11886,26304.498427746938,25127721727.617287,26313.258197739426,0,1.3111483947340816e-11
21,2328,4280,1242.8610809383867,12.614264881958205,141699518172.2642,62028.39418551926,141699580200.6584,43039.28435017737,0,1.4020381639291422e-09
22,2576,4528,1259.1464171682946,0.44214547780928554,46322214403.328674,26632.85583309016,46322241036.18451,27322.876675083593,0,1.3183755436555134e-11
23,2576,4528,1273.8683611201388,11.42503543021399,169308239923.30804,62312.83206319367,169308302236.1401,44565.96318716279,0,1.573380204251863e-11
24,2824,4776,1287.1769984526202,0.40905066554470504,26593125262.584377,26457.714455870915,26593151720.298832,28401.818453306183,0,1.5733766533002555e-11
25,2824,4776,1299.208006601173,10.432526881764876,146645764997.04675,62171.01189988098,146645827168.05865,45317.20279690101,0,1.1407833489684114e-09
26,3072,5024,1310.084037967453,0.387915026742813,24647297592.7258,26619.862537158115,24647324212.588337,17592.046201683002,0,9.725044343186246e-11
27,3072,5024,1319.9159703225737,9.6041157165805,148669260765.3411,62327.588692059275,148669323092.92978,35239.5850043661,0,3.4025299023950156e-08
28,3320,5272,1328.8040371716097,0.36586760699041354,25868565134.66627,26561.068054717,25868591695.734325,20024.55101563646,0,2.3076331992490455e-08
29,3320,5272,1336.8388496031346,8.894675268129998,149397883446.14944,62267.520820679994,149397945713.67026,35037.37450786693,0,3.444390725788348e-09
30,3568,5520,1344.1023200412333,0.3488805163879803,26822305270.78125,26653.26619437871,26822331924.047443,19511.84196526234,0,1.822284335895671e-12
31,3568,5520,1350.6684973172787,8.285016035192161,150402842753.8948,62336.29772280904,150402905090.19254,35964.966314803016,0,7.675043406733448e-23
32,3816,5768,1356.604321574819,0.33207611986502733,26696727664.044853,26623.81294323513,26696754287.857796,19877.578214898753,0,2.178325699195532e-08
33,3816,5768,1361.970306703637,7.752798494804547,151519076517.60718,62315.65792791691,151519138833.2651,38194.72046363063,0,1.8474851437285843e-09
34,4064,6016,1366.8211572600926,0.31848509382213946,26819073893.448338,26708.85989144696,26819100602.308228,20175.474877649584,0,1.3152380340911962e-08
35,4064,6016,1371.2063261631238,7.286269856217004,155021542435.13425,62386.09179813621,155021604821.22604,41308.65057739611,0,2.762177494585427e-08
36,4312,6264,1375.170518851461,0.3044503291944525,28876091657.65112,26663.05289166293,28876118320.70401,22568.043859890746,0,2.7666769204750893e-08
37,4312,6264,1378.7541490417289,6.871658674146136,152481441888.33627,62347.85996520084,152481504236.19623,39337.232391378464,0,5.279777770092788e-10
38,4560,6512,1381.9937507337072,0.29278672271657274,27198116291.42653,26711.152217370447,27198143002.578747,20857.330571670627,0,5.532927291434746e-09
39,4560,6512,1384.9223506632793,6.502753482364803,154954448074.70197,62387.3526625786,154954510462.05463,41546.82663606267,0,1.0065629485064596e-08
40,4808,6760,1387.5698049996024,0.28100271536467963,28657983050.95393,26667.540400937145,28658009718.494328,22585.48545631137,0,5.358773912284434e-09
41,4808,6760,1389.9631037196443,6.170767697843022,152536866409.49265,62350.989889606186,152536928760.48254,39428.959500991616,0,2.1194268308152286e-10
42,5056,7008,1392.1266457625622,0.2709072153222474,27111686990.420097,26696.40254695175,27111713686.82264,20802.90503612324,0,1.855080501907034e-09
43,5056,7008,1394.082487769351,5.871733442237461,154167259960.55743,62374.66479241257,154167322335.22223,41194.796121751846,0,1.5359888233124496e-09
44,5304,7256,1395.8505689434992,0.2609449575810575,28082428789.665447,26665.878037773506,28082455455.543484,22189.998880503525,0,1.986889876909045e-09
45,5304,7256,1397.4489143249218,5.599959634392401,153447450959.05734,62349.3177001696,153447513308.37503,40720.18042814552,0,1.986086560964168e-09
46,5552,7504,1398.893818549729,0.25192714807036487,29474453147.31471,26661.228221946967,29474479808.54293,22473.881194535246,0,6.480930995953075e-10
47,5552,7504,1400.200011968955,5.352471108747603,154829090915.52606,62345.34258753176,154829153260.86865,40884.656818282405,0,1.98993755805653e-09
48,5800,7752,1401.380810819929,0.24352699443999343,28186130817.610355,26658.81451822226,28186157476.424873,22507.341964649837,0,1.6035078015832703e-09
49,5800,7752,1402.448252981219,5.125988967728404,153580217748.9635,62343.3039267228,153580280092.26743,40954.50363001055,0,1.5983201422705904e-09
50,6048,8000,1403.4132206950203,0.2356947440367782,29465033657.610104,26660.66486469911,29465060318.274967,22514.36442933073,0,1.993610373553015e-09
51,6048,8000,1404.2855515083006,4.917952439458114,154895201357.77536,62344.77689281181,154895263702.55225,41081.15209508938,0,1.0340606717439072e-09
52,6264,8216,1405.0741085243253,0.22923433619859507,26860113718.5646,26659.74588760921,26860140378.31049,22591.833679168205,0,1.7982454202065103e-09
53,6232,8184,1405.786994105987,4.7267469502558415,114311976141.50153,62151.58309896474,114312038293.08464,38483.79076166416,0,1.575430615082955e-09
54,6464,8416,1406.2812039676253,0.2231275107901942,27838874741.535866,26638.241696364516,27838901379.77756,22451.64659794691,0,1.8039571114694e-09
55,6464,8416,1406.8782083867352,4.547460607918191,114093198326.5594,62068.31094484635,114093260394.87036,38348.16426912787,0,2.365965564018014e-09
56,6712,8664,1407.417900381603,0.21608625247507388,26125344188.689663,26616.298033560117,26125370804.987698,22439.77627754318,0,2.573400509019677e-09
57,6588,8540,1407.7660538901384,4.481439238922195,111453254042.04524,62164.47632983599,111453316206.52158,38109.804686208,0,1.3771350956901367e-09
58,6820,8772,1408.2205127166808,0.21388214779283185,229740134756.73026,26659.041382483483,229740161415.7716,30493.48090203248,0,0.025539010913466748
59,6880,8832,1408.5084932604009,0.31019659252790477,84082397369.94168,30636.286065796503,84082428006.22775,36074.786927678455,0,5.409120514301519
60,6981,8933,1408.8268509799705,0.3980315323665424,62366658200.51244,31551.227330361635,62366689751.73978,42701.56873249702,0,2.3214817285743227e-07
61,7019,8971,1409.052235702127,0.24823241569346996,83157131117.06839,28181.033277649123,83157159298.10167,41917.940266659825,0,0.1509631562419101
62,7072,9024,1409.3626948554886,0.8989097804336348,84619795105.53308,40160.083881918115,84619835265.61696,51079.94813065981,0,0.3161854072271478
63,7003,8863,1408.4171173000211,0.6889667249924541,92766458301.4795,36158.46511863386,92766494459.94464,46350.18575740675,0,0.8807713225146557
64,7014,8920,1408.8090740392208,0.9885634256445832,92486009389.58858,41123.764378005086,92486050513.35297,53905.62562437209,0,3.9481091334124754
65,6903,8809,1408.2180756156326,0.4113464251380806,46990012419.80672,33381.05050536171,46990045800.85722,40512.62480006837,0,6.45345883121656
66,6889,8841,1408.6291403565317,1.062788962111152,44194308568.177475,47384.428559455446,44194355952.60603,51592.04186542161,0,4.218726969178334
67,6828,8734,1408.044154682007,0.7554361217384797,44601052239.03134,41568.118159222024,44601093807.1495,35961.91812284836,0,1.394863607979985
68,6893,8845,1408.4719158325347,0.5555986225370817,45157374864.5509,39855.8278403642,45157414720.378746,34196.3846341728,0,0.5476002244402541
69,6833,8739,1407.896362187725,0.40965890589864046,35566477420.02279,34296.80851821765,35566511716.83131,48317.93425465117,0,7.3679521447892835
70,6854,8806,1408.338311417701,0.5059101022185786,40480788588.395775,37707.707217618816,40480826296.10299,34747.91474744852,0,0.7751510922907235
71,6784,8690,1407.7723786879628,0.3997317444857602,29625022511.697937,33548.45929803599,29625056060.15723,31283.48362585787,0,0.6351106870102396
72,6803,8755,1408.226230333919,0.5272651929556409,43036247615.89818,37671.096291458285,43036285286.99447,45448.58116993196,0,0.19619698530538712
73,6696,8602,1407.6691706602717,0.4193756052859707,32336239165.86987,33584.62795773215,32336272750.497826,35367.95292921839,0,2.6467686964358155
74,6723,8675,1408.132930276886,0.5747783946872045,31305705863.12724,39240.76439201687,31305745103.891632,33208.93038126081,0,1.2851189060575028
75,6614,8520,1407.5837101469865,0.49803478343641194,35421194878.07828,37342.880048508174,35421232220.95833,41536.01937477586,0,0.6397071808172482
76,6663,8615,1408.055673972874,0.379156672940686,32198253105.689148,34225.12866886502,32198287330.817818,37889.00579974371,0,0.42783160146433896
77,6556,8462,1407.5132102400771,0.35126853084612886,24287871221.41949,33323.295904345585,24287904544.715397,32060.135481530047,0,0.2367141050075801
78,6625,8577,1407.99194205703,0.5481527573220893,33118443141.01304,37649.25652896558,33118480790.269573,39940.48987262701,0,4.012041310459168
79,6536,8442,1407.45520862441,0.4657482673299877,33615538033.668087,35124.315673039775,33615573157.98376,41165.84562214951,0,0.3779631789727419
80,6590,8542,1407.939508596464,0.5016964387631015,37596258017.90628,36720.74455377376,37596294738.65083,44407.4879848677,0,0.4195085877315261
81,6504,8410,1407.407582619065,0.44410659102217903,35723064663.84399,34629.404064200695,35723099293.248055,40430.404300866314,0,0.2081262202863073
82,6561,8513,1407.896454687634,0.3644338312154906,40242225423.25078,32937.07696720523,40242258360.32774,41178.0492517919,0,0.8953309677454081
83,6471,8377,1407.36853133739,0.3373834967702831,33129677452.419067,31834.365569963953,33129709286.784637,39109.48195633151,0,0.549330179099436
84,6562,8514,1407.8611523289997,0.3423187118165759,41106993052.23939,31912.469126874457,41107024964.70851,41953.71084197712,0,0.31790678278177403
85,6476,8382,1407.3365434117354,0.35200107209061987,41634876063.386185,32237.32841706324,41634908300.7146,39476.51884956141,0,0.3056609276354024
86,6493,8445,1407.8318367884867,0.3095735735204572,36700707757.75921,31031.449240775295,36700738789.20845,38606.35230617069,0,1.44114770365306
87,6393,8299,1407.309999976732,0.3648898791952173,42278150228.29694,32778.38669934605,42278183006.68364,41631.92838812924,0,0.8669797227688253
88,6490,8442,1407.808239978963,0.3198245010937238,38822328086.38481,31203.846034913506,38822359290.23084,41263.013832340686,0,1.212196379800644
89,6398,8304,1407.2886448353531,0.4128582588228206,44742578459.191025,33635.817958006985,44742612095.00898,39965.248872874974,0,0.5627913753569973
90,6479,8431,1407.7889349311577,0.350989196526782,34652774245.956764,31631.081466527477,34652805877.03823,40519.211749992784,0,0.6521746574575321
91,6387,8293,1407.271179963148,0.37977132607725106,36159521726.90747,32276.61914328436,36159554003.52661,40085.97419529258,0,0.48853160788318056
92,6441,8393,1407.773146686687,0.3839643457057764,36074498832.35153,33123.6411683326,36074531955.9927,41061.93233455189,0,2.152278191791223
93,6344,8250,1407.256900155759,0.4245333919928689,34657027777.10087,33174.94394107791,34657060952.04481,39276.363842137354,0,1.1457806375184207
94,6402,8354,1407.7602377408066,0.4210794130356085,36694591484.41133,33934.67578074423,36694625419.08711,46119.27755005466,0,2.6425804365620307
95,6304,8210,1407.2452030198872,0.4955615734328648,25582028389.015884,35047.767836612875,25582063436.78372,32908.550417193124,0,1.2957594058196724
96,6349,8301,1407.7462370153628,0.556587322645771,26917220857.459152,37937.77566206653,26917258795.234818,38117.22568969478,0,1.0003942111439703
97,6258,8164,1407.2318098876426,0.7302968439179751,27677909891.67209,39190.38621947637,27677949082.058308,38381.134708983926,0,0.5405639014327511
98,6296,8248,1407.7375561384297,0.8758150541598829,25421039469.63319,42485.57538378413,25421081955.208576,34168.074772514316,0,0.2919880084724548
99,6208,8114,1407.232329951412,0.7741679586052082,21316965508.40295,40557.95706853027,21317006066.360023,33347.31202218714,0,0.4689568904422702
100,6234,8186,1407.7380262760769,0.7364454503402842,26954911325.166336,42086.73771704851,26954953411.904053,37960.77103010805,0,0.7229591130897649
101,6140,8046,1407.243165737144,0.6316260635943289,19434081852.51304,39798.53819495336,19434121651.05124,32823.53623783343,0,0.32491569757609895
102,6157,8109,1407.7465070901228,0.6952705299370829,23922807437.6076,42188.54520168924,23922849626.1528,35265.525981676314,0,0.8525596035157728
103,6088,7994,1407.5725895947928,0.7037131801174292,20842210584.35866,41547.96209039774,20842252132.32075,35483.71475124073,0,2.3479644737141796
104,6112,8064,1408.0456209936904,1.0461515395623575,22906688679.52222,46798.01606106583,22906735477.53828,34736.87728300535,0,0.4653404333644563
105,6021,7927,1407.330415007502,0.8616946150264148,18658676041.247784,42616.82131732426,18658718658.0691,34259.3937144073,0,1.1528316912113126
106,6046,7998,1407.8266951667797,0.7076251148250337,23356467268.815975,41283.794910766825,23356508552.61089,35220.003506062254,0,0.6797410058050157
107,5989,7941,1407.8630718249212,0.6546488595469736,20646982974.653954,39930.39292312939,20647022905.046875,33148.726170248854,0,0.8112343103340522
108,6067,8019,1408.308216929727,0.7093927889287689,25143786272.479507,43337.232685813746,25143829609.712193,42466.56757526585,0,2.2669626066566915
109,6066,8018,1408.2863138776738,0.5464240950388928,26622435276.620094,38678.154599314345,26622473954.774693,36694.66408695462,0,1.622213757811485
110,6143,8094,1408.6908277454174,0.7048612719356444,24771631358.18892,42708.243671833254,24771674066.43259,36047.65969512895,0,0.8714242054669267
111,6154,8104,1408.628724240166,0.6057507977952429,18732683401.80964,39944.07971360904,18732723345.88935,33649.977535272745,0,0.4962512872794213
112,6179,8129,1408.833540726308,0.6595464893885621,24125863206.349937,41938.69357843139,24125905145.04351,36879.79953807879,0,3.256660947483444
113,6266,8216,1409.1791798198385,0.5791971096066727,18623407803.905617,39825.14248709037,18623447629.048103,32941.18399442697,0,0.6899180567747625
114,6331,8282,1409.4979679101732,0.6223463689971469,21858332856.00015,41867.7294694208,21858374723.729614,35121.894203156575,0,0.4421208945955108
115,6382,8329,1409.330155618991,0.5066591074378048,18938436463.22634,37680.47722251388,18938474143.703564,32175.25634687508,0,0.41930975082293936
116,6424,8372,1409.5891714704717,0.7072573494805244,22380343453.36972,42580.59243139992,22380386033.96215,33546.45021210968,0,1.4721558058634767
117,6507,8454,1409.846726314374,0.580402967510524,20519776525.735584,39535.63628337799,20519816061.37187,32837.973780836364,0,0.28344002087620235
118,6513,8462,1410.0354162175863,0.5248192563833423,20638852645.477787,39514.0107973449,20638892159.488583,35349.18824547552,0,0.241336028656278
119,6581,8529,1410.2085067927912,0.5009681648388605,20149666530.819996,38048.92619230163,20149704579.74619,33042.16843994926,0,1.1629709861522288
120,6623,8574,1410.3967780339233,0.5137222489980869,19811985482.44556,39352.32272260392,19812024834.768284,36959.23047445162,0,0.7403815547582219
121,6663,8605,1410.4923975961374,0.432306521926618,19723344454.02596,36874.87978437687,19723381328.905743,33191.451022420675,0,0.5515668894940259
122,6703,8647,1410.565212088975,0.42557467822470735,21585181337.538197,37188.01129139895,21585218525.549488,36699.258261900024,0,0.8412659655290028
123,6740,8678,1410.6110850689736,0.4166471730756075,22127492688.560818,36689.475112154,22127529378.035927,34569.6007878808,0,0.8758834645104902
124,6778,8726,1410.529754503002,0.37349303933758377,24988447719.46729,35247.00389418935,24988482966.471184,37311.12113481196,0,0.7132088889123774
125,6816,8764,1410.5237257555452,0.33554688836621754,22116794747.830647,33603.91828093909,22116828351.748928,34934.596488115996,0,0.4091693449935937
126,6768,8715,1409.9821687190456,0.3424278615865331,23914997661.835056,33500.72098608533,23915031162.55604,34744.940803890735,0,1.184275515265338
127,6766,8709,1410.0531483675263,0.3179187490470568,24093551478.817192,32384.181156868308,24093583862.99835,30717.29836091628,0,0.3568444713701499
128,6799,8741,1410.110162681093,0.3025327426010274,39544270149.26191,31442.45938989914,39544301591.7213,39023.93347480869,0,0.786678618430152
129,6753,8691,1409.7192562439648,0.2827563348723813,26413371508.62419,30232.13478390468,26413401740.758976,39086.09062341703,0,0.9835976059912293
130,6778,8718,1409.8123006645428,0.2492657321591419,26602868062.33882,28537.24836984333,26602896599.587193,41341.61765376741,0,0.28399048917667236
131,6765,8706,1409.7902496686688,0.2876094863372833,28776147543.44874,30340.24747072629,28776177883.69621,41482.68075926327,0,0.14419508283989732
132,6761,8694,1409.765345389996,0.2470177290236466,29242156164.96544,28037.766720200645,29242184202.73216,42983.187949300795,0,2.418440368731349
133,6804,8735,1409.816311194965,0.23268697219310952,27307543842.606487,27515.37024460616,27307571357.97673,41119.830333842714,0,2.3417671084501253
134,6764,8693,1408.226537452715,0.24599896956801748,30904038206.994102,28011.128403559174,30904066218.122505,45744.806794117845,0,0.08242693655169091
135,6802,8740,1408.412655790133,0.22301987617737143,33007664562.280525,26624.446525292347,33007691186.72705,42726.61536742268,0,0.24303014077070811
136,6823,8755,1408.5287062159025,0.2205162364448117,35092326355.43687,26508.98333796748,35092352864.420204,43586.7429507736,0,0.19522050315289768
137,6874,8806,1408.7204858525267,0.2147812031211373,37994194159.56893,26181.37435963093,37994220340.94328,45210.35809421655,0,1.2184653867801505
138,6900,8836,1408.8995231605393,0.20422569860231843,36287258869.67158,25405.308450697637,36287284274.98003,45534.43406719545,0,0.09293363571765442
139,6948,8885,1409.1178579374964,0.20366592510225365,37144992398.06614,25636.029757025404,37145018034.095894,43867.44902870738,0,0.52305563461426
140,6983,8921,1409.1903194924437,0.20350392896908084,40898715336.96835,25371.58816799402,40898740708.55652,50071.88735563697,0,1.3095218903935713
141,7017,8954,1409.3435410180268,0.19388420293599623,37379438910.67103,24650.594967095116,37379463561.266,46989.253434734965,0,1.2882932449741695
142,7060,8998,1409.4503612004853,0.1947292046679463,36850584758.33835,25015.313141843868,36850609773.6515,46923.74751892355,0,0.06301933330923515
143,7068,9004,1409.4571814217643,0.19942807476353025,39946949662.18421,25265.996454482225,39946974928.180664,48995.09121963627,0,0.11657687428623642
144,7079,9019,1409.4936946791845,0.19698849247470215,41150038433.68557,25049.73922032926,41150063483.42479,48840.927402056535,0,0.05011075645787355
145,7096,9036,1409.5146083221596,0.1934519135877572,42395231518.45224,24751.331180509675,42395256269.78342,50045.494813631354,0,0.16408602673427702
146,7092,9032,1409.5149800163117,0.18929877957321345,36534353239.14651,24696.242325493826,36534377935.38883,49461.592615541005,0,0.07576804642670196
147,7110,9051,1409.637789827908,0.1937078975227307,46808714620.36617,25007.77555523696,46808739628.14173,49600.71094653712,0,1.2248059782453526
148,7100,9039,1409.6382148596224,0.18316114468019432,42556038271.03937,24183.486808243215,42556062454.52618,53591.13272855405,0,1.2995401806653952
149,7112,9052,1409.6272394587463,0.17164787690796335,33349563000.83967,23473.146143338337,33349586473.985813,52088.28197961181,0,0.43833909527266746
150,7138,9080,1409.7465762191634,0.17765506177072796,37562140945.90292,23884.941297737332,37562164830.84422,54075.13980628088,0,0.8022330849620218
151,7148,9088,1409.756631939409,0.18472859597097768,44379384557.99187,24350.10444140745,44379408908.096306,54953.4317350569,0,0.15126152446904992
152,7181,9122,1409.8727015578008,0.18062118944722327,43263355981.32479,23989.247442669588,43263379970.572235,56427.428615797755,0,0.0920271243095966
153,7220,9159,1409.848813261838,0.17588298361579166,44818661239.96216,23693.29267132208,44818684933.25483,54668.11726912484,0,0.5973626626346975
154,7232,9170,1409.891065502328,0.17548295658686727,38578412629.12867,23590.17791881165,38578436219.30659,55507.41766024999,0,0.17178551930618685
155,7267,9204,1409.9443211633438,0.17141496440668105,36694434538.23249,23421.735923452343,36694457959.968414,56311.98420960866,0,0.692062734008543
156,7269,9198,1410.0126319950252,0.18434557513229485,39245881735.70426,24395.998775981847,39245906131.70304,56721.409535292776,0,0.4419818889217787
157,7299,9232,1409.9893665975735,0.18291447064669752,42968378829.29238,24258.641282141565,42968403087.93366,58056.80660490976,0,0.32374426545318485
158,7320,9251,1410.0077137965773,0.17846131939480986,42777410676.75535,24053.696420104832,42777434730.45177,58041.90630189303,0,0.40491728391025406
159,7339,9276,1410.085691516352,0.17913484152803666,46014007301.34356,24171.53900543189,46014031472.88257,59060.42775726942,0,0.5858631299417736
160,7357,9294,1410.1048603588622,0.16857009409323193,38246396409.40396,23429.84018849812,38246419839.24415,58247.71137986747,0,0.16741160073457378
161,7377,9312,1410.1767231234817,0.16972635644412482,35982906131.24261,23663.282684986716,35982929794.52529,59131.91134635848,0,1.2089576320171376
162,7407,9344,1410.116230898,0.1788880814686567,43332101449.22883,24124.53957486013,43332125573.76841,59288.9843409862,0,0.40244949879881703
163,7421,9358,1410.097844617853,0.17825080688873318,38282829230.09869,23963.86633851428,38282853193.96503,60812.45966461689,0,0.27211939658937123
164,7478,9416,1410.134588336404,0.17220199453415297,37676428851.24199,23841.28677613652,37676452692.52876,58454.04376178885,0,0.2288153106245347
165,7490,9422,1410.0951841319074,0.1870509120195883,46830463332.24617,24789.13292224783,46830488121.37909,60265.69189801865,0,1.117732522646606
166,7501,9429,1410.020060498649,0.17908592181256533,38310714352.79399,24165.15994818286,38310738517.95394,58972.63685384274,0,0.2321900704101988
167,7546,9478,1410.0540867628129,0.170833036106533,31841490165.926453,23766.317979391555,31841513932.24443,60445.86962572995,0,0.02815967130689768
168,7568,9498,1410.137505017908,0.1903344495897924,44869404539.65775,25146.453221111693,44869429686.11098,59675.439321377584,0,0.016994966238338727
169,7594,9524,1410.1162578261794,0.1848610742700616,38141320991.05179,24607.725809229458,38141345598.7776,61493.58634262493,0,0.03946679540773589
170,7620,9552,1410.0401399621169,0.1714864132071322,39660871232.345955,23953.12943717996,39660895185.475395,58745.82686093807,0,0.043298819505212235
171,7624,9554,1409.92194765328,0.168945610714001,34740217818.406975,23844.16096621558,34740241662.56794,62989.92575768179,0,0.1392813441723793
172,7670,9604,1409.8616216713406,0.17363488348135594,36829550582.279884,24051.695480571292,36829574633.975365,59267.99692499831,0,0.5662386055953956
173,7682,9610,1409.9090869153567,0.1753114684217179,40560859401.13402,24075.05680645957,40560883476.19083,63557.649307925385,0,0.2339872422887201
174,7712,9639,1409.9074558423586,0.16859528780850333,40807538376.70528,23763.048571028292,40807562139.75385,59925.92413241497,0,0.07722876249609463
175,7698,9628,1409.7925273743042,0.16687723302269683,40371613815.28686,23644.11953452804,40371637459.406395,62771.74723319515,0,0.9752795290794882
176,7718,9636,1409.8388497400863,0.16418632579195364,40804554826.65561,23497.19479129308,40804578323.8504,60346.16606545051,0,0.08405208693205347
177,7702,9618,1409.8127532386982,0.16603761067840303,36888392567.45175,23640.569720933658,36888416208.02147,65874.55014076956,0,0.41986203880743467
178,7716,9635,1409.7451091251196,0.1606686570886776,35519060558.461174,23319.676159159553,35519083878.13734,60630.80173078821,0,0.058032958252256815
179,7722,9633,1409.6083336614272,0.16377755859309234,39728002160.2643,23246.22093987159,39728025406.48524,65443.13103037825,0,0.029732415104139265
180,7718,9631,1409.5573813747396,0.1663703335139212,39086807288.33894,23720.29684483937,39086831008.63579,60809.64128616559,0,0.26795846532118817
181,7677,9597,1409.59194257086,0.16113645085130415,37885957484.64198,23123.44636382147,37885980608.08835,66630.60292217582,0,0.01843527809627683
182,7684,9603,1409.566051390496,0.14621606880172758,38240655639.263145,22218.77847820302,38240677858.041626,62315.19479646879,0,0.04507343748309776
183,7667,9589,1409.5683776274566,0.1554600088384301,38357989458.481155,22952.42509970622,38358012410.90626,65766.30267536131,0,0.13568475851272427
184,7662,9586,1409.4762837497046,0.15264866895196608,43611165389.323875,22425.61344412358,43611187814.93732,63736.48041036697,0,0.020146447991077836
185,7676,9596,1409.4680689279994,0.14972101761735587,34064514131.52041,22197.276075382735,34064536328.79649,66648.44609678822,0,0.019671937343008643
186,7699,9628,1409.4874325438998,0.15003747824684222,34184337835.52403,22657.856011744636,34184360493.38004,62995.30801573696,0,0.2307183357780227
187,7695,9623,1409.4735007389877,0.1613658154770304,50030066674.3675,23399.529119706018,50030090073.89662,65329.7373594654,0,0.011905069500101229
188,7697,9623,1409.5425427545815,0.15721413645082244,42384908229.00963,22815.665893337304,42384931044.67553,66002.79822645144,0,0.021191891598436974
189,7690,9618,1409.538773013984,0.14891048784519206,27434532823.881065,22329.99398190504,27434555153.87505,66073.69467043686,0,0.01693811354108115
190,7685,9616,1409.5167737242289,0.1889224627192809,39162032768.37096,24589.918227939095,39162057358.289185,64116.7829340394,0,0.05959678254212668
191,7696,9630,1409.3616260356202,0.18892546425616508,41368552562.74433,24805.203647791073,41368577367.94798,67391.02388269013,0,0.02389088277304746
192,7683,9619,1409.3765664196446,0.1738444962601223,45744352796.94788,23953.83908145156,45744376750.78696,66586.96270318923,0,0.020153455513914818
193,7709,9640,1409.3543469001816,0.16616656226366058,48439338387.08024,23547.57995867271,48439361934.660194,68195.9651091178,0,0.05707365401042067
194,7700,9632,1409.4160683416026,0.15714420537144094,40819758335.5768,22993.696403501897,40819781329.2732,67847.69751028767,0,0.022205858970432757
195,7706,9645,1409.3122835563356,0.15279471965679564,36820980998.363106,22869.077884844843,36821003867.440994,68550.37792561445,0,0.2542016972240126
196,7703,9643,1409.2631433033068,0.15152528805982296,44091684748.65428,22633.632094362707,44091707382.28638,68892.54684655525,0,0.08874016119948328
197,7726,9667,1409.2306338779847,0.14910421659919093,39669569903.92815,22228.281337431723,39669592132.20948,69890.93083813832,0,0.04829771608050622
198,7738,9678,1409.1686031108186,0.14267288367802422,38373387504.4535,21919.945921949893,38373409424.39942,69297.74622181109,0,0.023845315549336697
199,7737,9670,1409.1730238824075,0.15380611893515933,48052718670.161194,22689.225758305336,48052741359.386955,69760.30668846071,0,0.0865126598963544
200,7741,9670,1409.0629403181126,0.1526045705307338,41553239590.02781,22586.49048778862,41553262176.518295,71157.77323421766,0,0.24492432294986927
201,7768,9705,1409.0724321180032,0.15026856797577937,31221330281.140553,22535.46329401897,31221352816.603848,73249.01959585851,0,0.03484338331233266
202,7778,9714,1409.0965663459992,0.15423604706964938,33261726015.784023,22817.132538578007,33261748832.91656,69009.61898602529,0,0.025099204604206404
203,7799,9732,1409.188672113483,0.1671819940000064,36310080611.72125,23662.204203390746,36310104273.92545,71314.89243714197,0,0.16355777856966494
204,7832,9766,1409.121367321366,0.16901466814593813,42073963664.34101,23907.063413705335,42073987571.40443,72824.14676041354,0,0.17874000770682974
205,7835,9769,1409.1205181594746,0.16405724927226348,50929002780.6992,23597.369928366377,50929026378.06912,72318.47163527951,0,0.08400027553902842
206,7851,9785,1409.0078321310698,0.14687306813695192,40612699094.43052,22313.64315125234,40612721408.07367,72028.5850837575,0,0.03393958477193937
207,7862,9800,1409.0309766670266,0.14736855084420514,33111573390.624687,22500.731547990497,33111595891.356236,76001.67623475449,0,0.02108559258889864
208,7861,9804,1408.9433101569969,0.1491243016727208,37357977436.24903,22618.231954886483,37358000054.48099,73144.23410261044,0,0.00755679877300861
209,7831,9767,1408.88355458582,0.15393982149540217,39657016512.56888,22678.99950232986,39657039191.56838,73154.79228706143,0,0.01470932277608092
210,7821,9754,1408.909187427406,0.14798151491463435,41507117904.7692,22240.446724594665,41507140145.21593,74378.57710149772,0,0.10492920290100224
211,7819,9751,1408.7906689379,0.14754094469475512,45401974514.864006,22362.23802584431,45401996877.102036,73771.58838062847,0,0.028334164871292016
212,7804,9734,1408.8480368863634,0.15152395717188433,47360415343.850136,22652.868734197647,47360437996.71887,76125.54901259433,0,0.26051833589121254
213,7790,9724,1408.8851256364298,0.13704461795834957,34177930141.615295,21733.32038270127,34177951874.935677,76768.4206144068,0,1.098939170665712
214,7789,9721,1409.0649632229963,0.14225860348022296,42737748599.74877,21927.128771162603,42737770526.87753,77552.65377188641,0,0.7734692678797324
215,7784,9719,1409.1068274091908,0.14363166965544358,41086929674.23209,21970.62257454611,41086951644.85467,76843.45567098816,0,0.04435545091591951
216,7792,9729,1409.185009350126,0.14293190523905364,42100479439.65616,21986.10016470989,42100501425.756325,76723.95318177275,0,0.05015531219386734
217,7789,9726,1409.2691221976618,0.14477943136346205,52739721750.28209,22242.28732340691,52739743992.56941,76648.71669495465,0,0.09679794745514592
218,7775,9709,1409.1385661716724,0.13767767662807512,40105298253.11007,21507.086869330513,40105319760.19694,78783.4681621392,0,0.02243173333691264
219,7775,9716,1409.2180476834897,0.13650693862302635,34221602763.84687,21557.103470521415,34221624320.950344,79035.02523732214,0,0.1726870726526169
220,7768,9708,1409.2983600090854,0.14422731814881629,42648907390.571686,22047.97569802638,42648929438.547386,81016.0149372093,0,0.746506446750711
221,7745,9683,1409.3437024121165,0.15084369405921808,42421301849.137535,22332.494288874423,42421324181.63182,79089.67238981006,0,0.1702626936335599
222,7728,9659,1409.334903466424,0.14107836646284547,38613769749.415115,21903.55919896282,38613791652.97431,80951.75511608062,0,0.16218432698968305
223,7712,9643,1409.471359932716,0.1431965103859042,43167720038.20264,21937.523391705658,43167741975.72603,78366.060226688,0,0.2552910312079283
224,7699,9631,1409.327686096399,0.1461410085724757,45208903687.03932,22102.248543706468,45208925789.287865,81554.5156113487,0,0.34267308913460254
225,7692,9624,1409.177383745932,0.14263518653812193,38639898129.43891,22026.07400984426,38639920155.512924,79229.57571284041,0,0.4149804813017509
226,7672,9610,1409.1973191321606,0.1378206679745851,44793170653.50268,21462.14156869886,44793192115.64425,83479.88015049577,0,0.3832707642483386
227,7670,9606,1409.2568130480204,0.13725491731149064,37865353003.064285,21494.101034814117,37865374497.16532,81712.60037136733,0,0.6148336939913388
228,7676,9611,1409.25528906479,0.13936008519797094,44379141574.22307,21621.17173201672,44379163195.394806,82681.34488170098,0,0.07782864076214394
229,7674,9609,1409.3332027032309,0.14537250712926175,57215542530.31814,21956.387012663796,57215564486.705154,82152.5389845618,0,0.12362193679685472
230,7649,9583,1409.3093027503844,0.13431325492107693,41024293283.09284,21026.81610191862,41024314309.90894,85540.04184690818,0,0.1182801097385144
231,7655,9589,1409.2767474422917,0.12867814862969865,28398919041.29879,20830.02424732036,28398939871.323036,81281.39362936831,0,0.3419248538470384
232,7660,9592,1409.2715098190745,0.152569720511546,53579890665.15619,22418.10586714446,53579913083.262054,87406.98155090581,0,0.3232158286533656
233,7656,9585,1409.1684097109403,0.14266986812740662,35488633966.58711,21500.35587203655,35488655466.942986,81471.6981410087,0,0.3728045763218252
234,7665,9596,1409.2139793017727,0.1372412436383073,39779293127.70479,21360.46255312197,39779314488.16734,86038.97475589241,0,0.07888684990126806
235,7667,9599,1409.3025023526438,0.14292229421247815,37338916327.86933,21790.646393943367,37338938118.51573,81425.33880902578,0,0.1363189326833852
236,7668,9595,1409.1993734615676,0.14401691243171974,42510192991.881645,21979.345364692144,42510214971.22701,81396.62381838422,0,0.02525545862184807
237,7682,9608,1409.2488889552494,0.14392081949462096,46970010555.47276,21620.8426992531,46970032176.31546,83934.53426256392,0,0.03730776124285019
238,7655,9581,1409.1320994406904,0.13898630698922937,39330971480.92747,21398.697590554228,39330992879.62506,84577.36920198052,0,0.2610404477942906
239,7669,9593,1409.173000920908,0.13398693784980276,44726467458.84444,21112.83953519026,44726488571.683975,81498.73159420479,0,0.03687024331608622
240,7656,9582,1409.2471931632226,0.13848055780462304,44793491820.35801,21228.321634116102,44793513048.67964,84878.46247952386,0,0.04601719524260821
241,7662,9589,1409.3415422042451,0.13285933673046257,37605002466.88102,20932.246121981774,37605023399.127144,82943.39943326697,0,0.04243365660340899
242,7663,9590,1409.3328399751772,0.1360455765332263,41024844130.66298,21226.01311350166,41024865356.676094,84599.2474743137,0,0.131949914819077
243,7663,9586,1409.4106023837758,0.13814619445239065,39731582864.38759,21358.995195879434,39731604223.38278,83924.14683224363,0,0.02257234175229542
244,7668,9589,1409.341056101737,0.13728544170333123,46976068419.584305,21382.244028501067,46976089801.82833,84149.62543544242,0,0.040020987774011585
245,7648,9569,1409.2786783128922,0.13767498559667676,54666522811.61369,21253.367964928493,54666544064.98166,84721.79560953489,0,0.012741865924045446
246,7620,9545,1409.3760598938209,0.13261380795977085,40690558319.02549,20810.439008381218,40690579129.4645,88484.9711864234,0,0.034507425556257645
247,7619,9544,1409.383981061064,0.12402357460044867,30450870435.58685,20322.39379204009,30450890757.98064,84327.90740495472,0,0.02081624437117565
248,7601,9528,1409.4269674837,0.13962534052298525,43631807991.12454,21607.21881645929,43631829598.34336,85932.64219284627,0,0.029433312316805276
249,7588,9515,1409.3315154209122,0.13538325728029277,40560477208.74797,21015.11064769592,40560498223.85862,86795.55693245208,0,0.023931785687687675
250,7610,9538,1409.4156010478944,0.1261865534745085,44298759327.09795,20358.65025897193,44298779685.748215,88643.36337298078,0,0.019748574774492912
251,7574,9502,1409.1859984219486,0.13411388856581735,44887616613.461586,21066.858919483147,44887637680.3205,83868.20349294954,0,0.3193405848760439
252,7611,9539,1409.2850396731124,0.13356959540458316,51489696575.4811,20813.94733913128,51489717389.42845,89806.80079131712,0,0.022501336364769097
253,7579,9506,1409.3339453288777,0.13091525400675733,42959710558.69588,20585.693165335862,42959731144.389046,88216.43553284183,0,0.02563859111998339
254,7578,9511,1409.415559451614,0.1247308741220448,36478494795.51399,20303.789323499223,36478515099.303314,89516.88420662204,0,0.010801947159611133
255,7573,9503,1409.514095539169,0.13262944709360774,44422896189.15836,20813.741981206746,44422917002.900345,85060.28939005168,0,0.02645004580523445
256,7558,9485,1409.4589555436237,0.1317759220290242,42329032294.22106,20849.75628421799,42329053143.97735,89861.70260804873,0,0.019152429081731065
257,7576,9503,1409.4834606647548,0.1200093850824854,41063242730.34205,19813.43671649308,41063262543.77876,86289.96119785347,0,0.08090106135714943
258,7558,9487,1409.5017370911278,0.12609450461060312,41323783157.59723,20305.77331851928,41323803463.370544,91008.82106027864,0,0.006494672631749904
259,7560,9487,1409.4496926413185,0.12603965996126387,40354153105.98032,20452.64072020628,40354173558.62103,85924.64763853594,0,0.0477830784518789
260,7567,9495,1409.613143747421,0.13092459771829468,46078064264.177505,20753.336031505292,46078085017.513535,92493.19936649282,0,0.028178525666089745
261,7551,9480,1409.637484803483,0.13162733546436425,35002394568.001686,20760.430818411456,35002415328.4325,89775.50461737448,0,0.033102563144805086
262,7570,9498,1409.637405746967,0.1292152578850842,35907139311.82811,20618.35398260848,35907159930.18209,90243.29896966647,0,0.172414381409632
263,7583,9513,1409.6453854659123,0.13643812278338396,51079544754.38871,21173.72624432135,51079565928.11495,87400.8202548578,0,0.0323867106849709
264,7581,9512,1409.6906830000696,0.13733684553275388,42598725509.48587,21121.23324608839,42598746630.71912,91371.23673568222,0,0.08778934919165526
265,7588,9519,1409.694461214773,0.13083428407928704,33466857511.124004,20716.49687669678,33466878227.62088,88012.62185092356,0,0.14064350733813105
266,7578,9507,1409.6938828766097,0.14575563873977923,43739010279.98225,22072.594999326822,43739032352.57725,94617.29250794406,0,0.06210743041135578
267,7560,9487,1409.6300612492944,0.1424888760005502,34473184827.97058,21881.28392737138,34473206709.25451,86939.24461092368,0,0.204670144409336
268,7580,9508,1409.6992464583602,0.14041192398312655,43988434496.32191,21483.15425327751,43988455979.47616,94127.87301952844,0,0.2016069284213116
269,7555,9486,1409.4871024941897,0.13657449962107315,46317827192.84979,21207.71282303725,46317848400.562614,89025.58867919318,0,0.14308463604207053
270,7546,9478,1409.534253145106,0.12459208403624863,34831426762.36206,20247.235171909568,34831447009.59723,93098.50026447064,0,0.12039900815492656
271,7521,9453,1409.3777520476028,0.13024931949489174,37942948484.667366,20698.71527233142,37942969183.38264,88819.88970466593,0,0.11031098543509284
272,7532,9466,1409.5403704101589,0.1356215491244907,48092843366.96921,21082.87377828139,48092864449.84299,94279.5805421197,0,0.05899567121393379
273,7536,9471,1409.5431217533917,0.12544402485408335,38023728371.51289,20140.57646714414,38023748512.08936,92007.52150528591,0,0.03954425697270521
274,7521,9454,1409.5076066733016,0.12826121052530726,36864068436.74862,20472.97944806782,36864088909.728065,92063.21495039118,0,0.009529337419408942
275,7531,9465,1409.4923382785637,0.13398812838695828,52467027449.26216,20925.31479370675,52467048374.57696,91535.04406412566,0,0.02790402090582143
276,7537,9469,1409.4333866383288,0.13321701519185844,54420939455.31979,20651.909566915165,54420960107.22936,93904.99668009876,0,0.05848481427008946
277,7543,9472,1409.5613887857887,0.12535756921471491,38090585632.80542,20110.69641077357,38090605743.50183,90649.21578858844,0,0.08520266653056671
278,7546,9473,1409.5841079452598,0.1304929929611834,42933278138.45313,20792.38985563014,42933298930.84299,96467.70909445068,0,0.03303552269739762
279,7545,9471,1409.7087639960291,0.13450247597069068,40965169610.55189,21046.316499439978,40965190656.868385,92347.88545511496,0,0.013398224513944484
280,7572,9499,1409.7008442781928,0.12974146884475696,47021267211.9156,20708.1093436665,47021287920.02495,93266.27693391376,0,0.020650876308215143
281,7586,9512,1409.7002318065022,0.129290809701526,52505066514.02834,20474.704429382473,52505086988.73277,94365.07961015332,0,0.17573694365576098
282,7596,9523,1409.7825112103003,0.1293440441910466,38316901795.45111,20586.35795778722,38316922381.80907,94750.92331676772,0,0.06484439993910346
283,7608,9536,1409.7754672108551,0.13188795867423184,37000902407.39453,20834.26648251719,37000923241.66101,90941.58929269452,0,0.18439372218310177
284,7601,9527,1409.5875810695582,0.13762095626058107,46996757002.50388,21264.723849816797,46996778267.22773,96803.00489869907,0,0.12240364492680142
285,7612,9538,1409.6447166034295,0.1322643461413601,44385617539.822174,20621.420761064437,44385638161.242935,93726.99683106827,0,0.04990919503750539
286,7627,9553,1409.5788197175486,0.1335676521897141,42934047568.90394,20924.919922244764,42934068493.82386,94681.46741238196,0,0.0955654708537979
287,7619,9544,1409.592560068046,0.13617040880662157,49197363275.37577,21203.030406929534,49197384478.40617,93575.94234544018,0,0.2822055307890747
288,7631,9563,1409.635881149051,0.1338370428908452,53576847084.85924,20800.591546911353,53576867885.45078,97628.84458787231,0,0.06094780087550583
289,7630,9560,1409.5092541708586,0.13062470935304754,41340582707.15773,20638.099217445357,41340603345.25695,95133.40595291664,0,0.13806179692220838
290,7644,9574,1409.51022209711,0.12797745147807651,49267494045.53399,20582.227999342016,49267514627.761986,97368.30564660112,0,0.15648375738848808
291,7637,9566,1409.4624957250153,0.13200504243952207,45338472364.450806,20564.54421350999,45338492928.99502,95185.49272210074,0,0.16050277794813175
292,7652,9580,1409.5655810214964,0.12092320373836168,44914141180.2452,19960.364343596262,44914161140.60954,97616.8337659608,0,0.37062973983865727
293,7665,9590,1409.603554483282,0.11928565089966112,49748096689.59939,19781.50524456584,49748116471.10463,94660.59839344096,0,0.29413247682079346
294,7656,9580,1409.5431486562404,0.1199238386795498,41201866408.93882,19814.49067110032,41201886223.42949,98991.12308829791,0,0.17557384802348225
295,7655,9581,1409.588466725646,0.11841618188416655,38472177965.05369,19827.059950180308,38472197792.11364,93585.06897621314,0,0.29177946103134267
296,7649,9572,1409.4518749299325,0.12213219487292688,48645692120.732346,20050.733767309008,48645712171.46611,99551.54506430532,0,0.5344774131032263
297,7625,9545,1409.4999166205257,0.12300055276791096,41211485646.17215,20079.19364037849,41211505725.36579,95150.27981296134,0,0.15158678418077937
298,7635,9551,1409.4226974468047,0.12423064999602464,41130865946.191826,20270.826077241654,41130886217.01791,98281.19568605442,0,0.3526097080673498
299,7628,9544,1409.3231645155,0.12857346460689012,57126723780.69043,20570.181742112236,57126744350.87217,95765.06473153812,0,0.2543825980548583
300,7643,9557,1409.4352073951334,0.12433054310333572,50651026605.452034,20060.31380077214,50651046665.76583,100472.8429404635,0,0.39542775187993745
301,7649,9564,1409.4080200519024,0.12432366962150848,37401604844.919395,20196.84786317972,37401625041.76726,93691.03957267271,0,0.19495638993116657
302,7634,9543,1409.3901878501076,0.13787715757338337,49161500429.77175,21435.556241976337,49161521865.327995,97731.50867729948,0,0.07738651847077282
303,7614,9526,1409.4911367869706,0.1409287774363741,52873451361.77638,21418.04463725884,52873472779.82102,93859.86696472326,0,0.5209044607357832
304,7615,9525,1409.4325391568652,0.1372748872959425,53987724448.40612,21177.6351496721,53987745626.04127,98633.8340327288,0,0.1384481992766115
305,7614,9520,1409.482750193206,0.130515434040763,54481522549.89313,20676.798881640952,54481543226.69201,96169.23936383496,0,0.1965062994675489
306,7627,9534,1409.5319217269214,0.12527642475490097,44270265749.91355,20345.45823063366,44270286095.37178,99217.43859792514,0,0.3659946281210024
307,7602,9510,1409.5781252879212,0.12268430115116874,41440943170.755455,20091.273497318332,41440963262.02895,95592.53903550796,0,0.34256098052872924
308,7625,9533,1409.5962520511732,0.11820525696318046,45584134010.56067,19698.61197795393,45584153709.172646,99055.4185930922,0,0.1712964100236656
309,7628,9540,1409.442614646881,0.11444658098382274,43875156624.874695,19257.46696090117,43875175882.34165,96216.25281863847,0,0.21437301282012697
310,7642,9554,1409.478634820759,0.1189916643647744,44106848377.344925,19673.15065243068,44106868050.495575,97056.7201946601,0,0.04144217900001212
311,7655,9568,1409.4727645583014,0.1264130465116769,55164636677.11042,20386.560732374324,55164657063.67115,97377.25126528877,0,0.12383089380722424
312,7670,9582,1409.5679916582776,0.12174310206238403,50507170486.64794,19879.43553356969,50507190366.08347,99816.1480299385,0,0.10928742416089218
313,7678,9594,1409.537029073431,0.11860949198892771,38577778650.65773,19677.56401579438,38577798328.22175,97397.0760613961,0,0.2990589450882597
314,7693,9608,1409.5568784273482,0.12675951483032494,43166105083.93306,20504.120285176676,43166125588.053345,99183.21485050886,0,0.05628379292099513
315,7694,9612,1409.6338914857324,0.13177509386297262,44163528820.881615,20893.301798002853,44163549714.18341,96461.61443660544,0,0.034835087646910644
316,7731,9649,1409.7791805297222,0.12633849895889207,44899870301.73784,20439.752216895464,44899890741.49006,98111.27347800876,0,0.07721125187705083
317,7728,9648,1409.7348449783035,0.1278888045034918,56606213672.67728,20443.267590739862,56606234115.94488,96351.6925949916,0,0.1519809569456816
318,7732,9651,1409.687513367873,0.1242868916212034,39087439061.328125,20264.051750046052,39087459325.379875,96679.76139063212,0,0.027155662493452536
319,7760,9682,1409.7483908617949,0.13050280619762702,39437810760.61387,20884.568743443055,39437831645.18261,95273.36822791766,0,0.06922081310971892
320,7757,9680,1409.597676831786,0.13555797405840114,49182088730.33371,21260.673852332275,49182109991.00756,98742.31166665583,0,0.11411067604356669
321,7741,9662,1409.6439876667905,0.12936658070071705,45682230910.69975,20628.69079895735,45682251539.39055,96477.21576070828,0,0.003603845307809254
322,7735,9654,1409.5057123931665,0.12986180354309898,42722047138.598915,20822.304100840203,42722067960.903015,95558.10283588116,0,0.1023751676215304
323,7760,9679,1409.5254311534477,0.13336611251572583,61324704784.925934,21111.33971422911,61324725896.26565,96690.5124380102,0,0.3821744110175818
324,7765,9686,1409.3911840972312,0.12867985384480124,47769824212.47374,20589.640874256012,47769844802.11462,100155.18001087752,0,0.27775466487796263
325,7784,9703,1409.559152262881,0.12134497193563644,34331416335.91868,20120.678315158624,34331436456.596996,95925.07469874456,0,0.2735224040579609
326,7801,9722,1409.7084423713768,0.1306688429883763,43069725713.51475,20994.45799117533,43069746707.97274,99354.16478373052,0,0.27101666605487473
327,7801,9719,1409.746456183226,0.14199200730293596,50763049469.29429,21836.340878983498,50763071305.63517,96076.86227400496,0,0.09593063082102242
328,7823,9741,1409.778097062423,0.1339792556018966,48478220417.04584,21205.10001192146,48478241622.14585,98951.524016068,0,0.3108460636003859
329,7834,9749,1409.8253986868424,0.1277932048568361,47340860370.24051,20647.559597024432,47340881017.80011,97035.07080927976,0,0.167060646874228
330,7850,9766,1409.922979560326,0.12636109265087864,42383736437.03149,20552.755074400902,42383756989.78656,98908.83738954378,0,0.08418284752692466
331,7863,9776,1409.9310134008008,0.1327583553446607,43234333826.53554,21177.821611860025,43234355004.35715,94686.10729829548,0,0.3481953763730254
332,7872,9782,1409.9728127487658,0.13810258928221053,56132675177.73587,21619.229590685627,56132696796.96546,101382.41730782896,0,0.24171321194729337
333,7862,9773,1409.985580751436,0.12589974792281536,42518650505.5307,20495.50656959712,42518671001.03727,98778.28341515866,0,0.20108760971421216
334,7859,9772,1409.967949052836,0.1244521321157922,36767867117.01583,20500.454573198454,36767887617.470406,96532.6809715355,0,0.1190619350174704
335,7851,9764,1409.928326460576,0.1416819481672642,62321724134.416595,21784.46602235487,62321745918.882614,96501.45741716262,0,0.12812562874008623
336,7831,9744,1409.9232202118171,0.13696278256455396,58211659189.36356,21347.805258939283,58211680537.16882,102769.40626457272,0,0.5175948634495146
337,7847,9762,1409.9983316279302,0.11564517656231645,31060606940.34117,19745.71709461557,31060626686.058266,97392.94675758964,0,0.3664300088123823
338,7836,9746,1410.0174826819284,0.13162173531041768,37348066922.76896,21170.97576777977,37348088093.74473,99110.51201136094,0,0.5156690998519096
339,7825,9731,1410.0582796919405,0.13728874739722524,48635230768.55957,21535.532762780833,48635252304.09233,94393.44397224784,0,0.286023214740609
340,7822,9727,1409.9312417474398,0.1281985013465032,49916791807.57074,20591.41700025957,49916812398.98774,99484.55604272096,0,0.27005395416393946
341,7798,9705,1409.9641791879717,0.12544932540133796,46764395998.21206,20373.228268130668,46764416371.44033,100020.86136641372,0,0.07591137549762308
342,7797,9706,1410.0028288248757,0.11746917155340728,33644057471.624805,19820.971518533457,33644077292.596325,98671.68396337768,0,0.02657648707517422
343,7800,9708,1409.9344019126731,0.1233939198932782,44308500042.73701,20264.660813292947,44308520307.39782,97625.84409251662,0,0.2761861308456709
344,7800,9710,1409.8800530299343,0.12378079315583768,46279438207.6644,20260.33236113532,46279458467.99676,103289.99157767268,0,0.09234029769968818
345,7774,9681,1409.9224576670988,0.1175445324209061,38072847188.1798,19615.701648692244,38072866803.88145,99447.62241015144,0,0.09429394224986706
346,7796,9706,1409.9610912637231,0.11916362121510315,31210195611.25644,19936.14006972799,31210215547.396507,97387.49446486888,0,0.1961332696402492
347,7807,9715,1409.781885703107,0.1355732279258454,57807377426.05194,21170.088448597744,57807398596.14039,98605.10987977436,0,0.1500734514455779
348,7808,9716,1409.7308505595634,0.1719112813949462,48344137706.17071,21994.917806282785,48344159701.08852,102421.1413970381,0,0.19321102979473812
349,7819,9733,1409.7655197753404,0.12217392609328548,32757046219.61474,20119.137890853697,32757066338.75263,99791.48006916988,0,0.05114764066710551
350,7825,9739,1409.7578887147902,0.13724648154889507,40317832339.01718,21598.23231132845,40317853937.2495,100533.57411676258,0,0.39590880338970286
351,7845,9757,1409.8851147565358,0.14625803939639287,56053046146.70298,22249.386648571777,56053068396.08963,98490.43324945302,0,0.07201807645760826
352,7872,9784,1409.7978618638842,0.14376683127496034,57085374119.4688,21783.83307208704,57085395903.30187,103227.01583909166,0,0.03255822005628626
353,7882,9795,1409.7871750229365,0.1312665774970269,45832776363.04566,20991.982002932014,45832797355.027664,100701.4033314527,0,0.03630081729195035
354,7887,9797,1409.6702218851992,0.130703270749343,39983817908.596855,20921.040451088254,39983838829.63731,99518.21608638809,0,0.03244909005807438
355,7889,9805,1409.4889590423015,0.14056417603398258,48853769060.03261,21766.558113660984,48853790826.59072,99061.66007589552,0,0.021411568380194052
356,7904,9821,1409.3769694692865,0.1421089974568986,54171619495.18353,21860.700777096605,54171641355.88431,102985.70999991929,0,0.01340746177344405
357,7896,9808,1409.4161114589403,0.1305428738591339,42878355187.34429,20780.978023555872,42878375968.32231,100097.20365572492,0,0.0095635971739477
358,7928,9835,1409.3954898662896,0.1325332976998809,38353597235.63288,21180.98741526439,38353618416.62029,98747.04452962184,0,0.010984895162661396
359,7910,9819,1409.347074455162,0.1456964118840701,60188756399.65754,22081.524409244685,60188778481.181946,95602.09405343246,0,0.015058874347793544
360,7912,9826,1409.3920078532867,0.13998245080021005,51337761948.41004,21527.451208854614,51337783475.86125,101887.935853027,0,0.13097171510435474
361,7923,9835,1409.4351732711962,0.12265348636262063,34119805556.28962,20228.462458522812,34119825784.75208,97033.64878449283,0,0.010525146062220488
362,7928,9838,1409.3884750533284,0.13976879029746633,40549873445.07665,21743.9026684059,40549895188.979324,99292.44462629782,0,0.02740087931724654
363,7939,9848,1409.2788527162902,0.14872314326268696,50080583309.948494,22266.790521922052,50080605576.73901,98361.20393232386,0,0.020282131491412916
364,7941,9849,1409.2122391049786,0.13922780883677566,49179322954.46246,21682.167171473688,49179344636.62963,102160.43774099456,0,0.02589338772886387
365,7956,9865,1409.2699083965745,0.13161382194137689,44753974207.95416,21072.26277296975,44753995280.216934,96569.30846852182,0,0.010778716732228482
366,7937,9849,1409.29258599242,0.1331358547334405,41601880999.44265,21123.159747731395,41601902122.602394,97509.92404346543,0,0.011551962845431328
367,7964,9877,1409.3740495053382,0.1289116596539034,43199038251.89232,20800.709363792816,43199059052.601685,95552.3764489271,0,0.015238504791401044
368,7968,9881,1409.2359172717345,0.13173117203318463,59839825614.24579,21049.083210750552,59839846663.329,102383.60127806236,0,0.011360333870162689
369,7927,9833,1409.2415527349206,0.12525873961290926,40934536806.164185,20343.544894901363,40934557149.70907,96936.34919466608,0,0.013272645469021536
370,7932,9842,1409.28336433548,0.12446998731241891,37222114490.21703,20464.82102240676,37222134955.038055,99039.73745288492,0,0.01170382916653728
371,7910,9819,1409.2236778709862,0.13612524354413066,61409765831.84839,21267.728129429008,61409787099.576515,97383.45441593898,0,0.015325366395284628
372,7928,9837,1409.1636551235122,0.1228458678263419,49314588245.15413,20126.09810194819,49314608371.25223,102278.60497122664,0,0.13421374845781048
373,7938,9848,1409.143086538944,0.11714466683605232,32170332278.195496,19776.586735086235,32170352054.78223,95490.37274774384,0,0.013115637633765396
374,7940,9847,1409.0100648258692,0.13398175519881583,37822612243.383736,21291.873924239957,37822633535.25766,100641.24137332731,0,0.24289551286223385
375,7936,9844,1408.9390317603566,0.13775313846848314,48057831706.730545,21359.13462238125,48057853065.865166,97120.80900873532,0,0.04108216653508424
376,7929,9837,1408.9860405385614,0.13264455465537137,46441323081.91919,20957.987939480885,46441344039.90713,101117.10546901988,0,0.015317107784512934
377,7916,9824,1408.7902137517617,0.12689340910242916,46566521079.83952,20560.110058386417,46566541639.949585,97250.25478454395,0,0.01487955827664124
378,7913,9817,1408.8711899278285,0.133326455980274,43685450205.67699,21041.83348574207,43685471247.510475,100137.47338492876,0,0.04356625700786885
379,7926,9830,1408.920685398394,0.13017187129100283,46541955920.1193,20747.413160395183,46541976667.53246,99671.94472469132,0,0.009332027185036264
380,7937,9845,1408.948893708074,0.12322753808143444,45981709637.43663,20262.0448522238,45981729899.48148,102597.5617579278,0,0.09667781548772854
381,7922,9831,1409.078215451565,0.1191517586612208,42313733011.16274,19861.20388666628,42313752872.36663,98190.26705582386,0,0.9412888937425332
382,7934,9840,1409.315807229508,0.11599063389161468,38974938503.61547,19723.50098466255,38974958227.116455,99874.79449219516,0,0.03562806553763986
383,7918,9828,1409.271302287683,0.11742841613809782,52453269805.4887,19669.733054382898,52453289475.22176,100510.17753263615,0,0.009665167217609636
384,7911,9817,1409.2618547048487,0.11714724236149676,46179304937.1417,19667.93941034208,46179324605.08111,103701.89465268256,0,0.02549151818041988
385,7886,9789,1409.174311050716,0.11430202537092382,34190998942.81873,19551.45088790948,34191018494.26962,97322.56774036972,0,0.0331680881040728
386,7873,9780,1409.227573827631,0.11117069964890888,39046642322.23137,19030.400033741775,39046661352.6314,103348.42073961046,0,0.1376646509996118
387,7876,9783,1409.1314180538825,0.1132230076437633,34950537695.550735,19335.74627894241,34950557031.29701,99730.18177772863,0,0.1975216682521271
388,7898,9806,1409.0964258477504,0.11020475048886484,42310120266.49794,18981.86707733322,42310139248.36502,102953.3848447022,0,1.2945069542247551
389,7887,9795,1409.170813521046,0.11413824081741512,44709718729.57787,19334.468637869977,44709738064.04651,99202.07892989294,0,0.11164119814787528
390,7893,9805,1409.2909287477155,0.11267682965554232,36817457583.96939,19148.125574054244,36817476732.09496,103065.90066990566,0,0.7114264446464599
391,7922,9837,1409.4360111737033,0.1174910001976,37983900729.728806,19659.734398268673,37983920389.4632,99402.83599636902,0,0.2880720732517185
392,7944,9858,1409.4000969870524,0.12521989904957218,47378000298.85373,20381.594438960612,47378020680.448166,101966.5483312878,0,0.23617063088452275
393,7950,9868,1409.4675290921691,0.12105299790133658,43215097115.27726,19811.475498629632,43215116926.75276,100904.65842613508,0,0.07533483399211227
394,7958,9878,1409.4667923077725,0.1188973238072248,38480247725.23137,19785.30499174246,38480267510.53636,101596.65667267404,0,0.03525618947756823
395,7970,9893,1409.6160505611638,0.12979684093363514,48751751811.68604,20925.797753428003,48751772737.483795,98483.7416710308,0,0.07490769255724963
396,7976,9901,1409.5948851385465,0.1334450143677877,53164400061.19509,21219.19806819736,53164421280.39316,105639.87374423209,0,0.030611207129318703
397,7956,9875,1409.624875530628,0.1188097619165898,48756735455.54791,19886.379363403394,48756755341.92728,102410.23740771462,0,0.040835408642447064
398,7962,9881,1409.6410950398845,0.11341137545609706,34929980371.958015,19478.461664938648,34929999850.41968,103651.30975617332,0,0.010871672689853505
399,7970,9887,1409.599909066852,0.1201448926004566,46911346744.6754,19875.424979303287,46911366620.10038,100403.38274156024,0,0.22724267996183176
400,7975,9896,1409.5917170933767,0.1291036430481941,52589520546.01635,20780.48641763566,52589541326.50277,104813.43378588108,0,0.03216618889363853
