tick,n1,n2,total_mass
1,32,32,1.6606210596438112e-14
2,32,32,3.254087586597657
3,32,32,9.447996086996984
4,33,32,18.173810804267863
5,33,32,22.81606101979925
6,34,32,29.97562518210271
7,35,32,37.39907316697691
8,36,32,43.048304342575705
9,38,32,52.87241098851332
10,39,32,58.3301430170016
11,41,32,83.75461059444304
12,42,32,111.09818045969656
13,42,32,100.43275513556584
14,42,32,94.43080192587657
15,89,32,130.07458410198834
16,89,32,165.355698364021
17,100,32,200.281670954604
18,109,32,230.28660859746157
19,134,32,259.4772899975643
20,146,32,290.37304927631726
21,200,32,320.8327039397024
22,219,32,351.2193004102282
23,275,32,382.4828288006208
24,296,32,404.9783656571181
25,354,32,437.0761792909201
26,374,32,467.2159401233516
27,447,32,496.102646894414
28,461,32,526.8161406034461
29,523,35,546.7594525844758
30,551,35,575.759839033096
31,605,35,607.8561556364524
32,640,35,635.6167283981783
33,687,35,664.2362387023709
34,735,35,696.1421279370139
35,788,35,727.5424541225078
36,839,35,754.4953242145975
37,884,35,785.088492402996
38,936,35,814.4807091107198
39,987,35,841.8356057313348
40,1036,35,869.9963319592891
41,1090,35,890.1376611255649
42,1123,35,916.6154459321086
43,1179,35,943.1854935905952
44,1219,35,965.3963996279364
45,1280,35,990.3704664074075
46,1319,35,1014.8099026950993
47,1377,35,1035.0427579934994
48,1418,35,1057.9955044198157
49,1466,35,1080.2970145434915
50,1504,35,1096.634669634594
51,1561,35,1117.5219175238103
52,1587,35,1137.7357457063806
53,1637,35,1155.5561502023445
54,1673,35,1174.137651510421
55,1726,35,1191.9159435651577
56,1762,35,1208.1775210220935
57,1813,35,1224.2404673129602
58,1847,35,1239.5291666485025
59,1887,35,1253.2124123660583
60,1931,35,1266.7937528198556
61,1972,35,1279.379116078586
62,2009,33,1290.9554159211482
63,2053,34,1301.5433263549028
64,2084,38,1311.924768596879
65,2133,39,1318.2707856345996
66,2165,42,1325.6904656854254
67,2226,42,1329.593147229131
68,2276,44,1333.3220886168806
69,2341,44,1338.6543152073905
70,2402,47,1343.8365798439345
71,2466,56,1345.5752473353791
72,2535,59,1350.3999993290888
73,2608,63,1346.8902125762315
74,2670,71,1349.8763691881918
75,2741,77,1350.8955115786698
76,2809,81,1350.390398716326
77,2885,88,1351.6558702591674
78,2930,89,1351.7253669359836
79,3013,89,1347.7008016703437
80,3072,91,1346.7813364928063
81,3140,92,1343.7219964832746
82,3215,94,1340.914977267062
83,3291,95,1335.1897287518416
84,3344,98,1330.615622113908
85,3432,100,1324.5041765981966
86,3483,100,1317.3597157727984
87,3551,100,1310.0780060143418
88,3603,100,1302.040577182435
89,3673,103,1293.2011382958003
90,3721,103,1283.419374243965
91,3788,103,1272.7750205988962
92,3856,105,1260.674231741542
93,3888,105,1248.5215393565638
94,3958,105,1235.218134913766
95,3990,105,1221.2878286025546
96,4055,105,1206.624615502687
97,4075,105,1190.8252778415656
98,4176,104,1174.7111454376036
99,4220,104,1157.9231468712017
100,4316,104,1138.2947072307452
101,4338,105,1120.393506117651
102,4414,103,1101.4784207269197
103,4447,103,1082.1752013560813
104,4503,104,1062.3372977099505
105,4530,105,1041.006296781808
106,4585,106,1019.8508651842154
107,4588,105,998.1345577011195
108,4642,105,975.3734148912404
109,4667,105,952.270838471218
110,4685,105,928.709607812838
111,4724,105,904.1862342170182
112,4762,102,879.5894939749396
113,4787,99,854.4553261891238
114,4827,98,828.4999358421846
115,4831,95,802.3451445603497
116,4825,94,775.4414364201392
117,4814,88,748.2469413533083
118,4792,86,720.7160009223074
119,4765,85,691.7195416887023
120,4742,85,663.3050860473912
121,4706,84,634.3309622950906
122,4688,81,604.898669274257
123,4648,80,575.4553778669358
124,4602,79,545.5472404131744
125,4550,77,514.6198773095875
126,4488,76,484.2101215667995
127,4427,68,453.3642776360218
128,4346,64,422.28309465632066
129,4263,60,390.09662785917993
130,4194,59,357.5123677971835
131,4113,58,325.53687591169967
132,4028,55,294.39258822909284
133,3928,55,268.97575765886955
134,3813,56,248.81147979072017
135,3743,56,233.54078870440784
136,3669,57,218.38335239980077
137,3594,58,213.10946174909057
138,3495,61,209.29423687851897
139,3388,62,201.28111948340216
140,3297,66,202.6562139988233
141,3229,68,211.12532970332697
142,3119,70,215.8196860746135
143,3033,74,225.80192910096272
144,2932,81,220.30515883387173
145,2814,90,239.6150679723259
146,2704,112,258.0801481731958
147,2597,125,278.3128545772376
148,2517,147,300.1546357974194
149,2410,168,323.8888250739351
150,2302,186,346.4886240278095
151,2203,204,369.9538370003925
152,2099,225,393.80604224451736
153,2014,243,417.7702722257273
154,1940,269,442.38170398713095
155,1857,279,462.4315750616806
156,1751,315,489.35038014509826
157,1675,330,516.3811790933111
158,1607,380,542.4179928643257
159,1544,407,568.2807322113941
160,1473,436,595.030294771132
161,1408,480,621.5347484723237
162,1322,524,649.8862668313695
163,1239,577,671.618014307028
164,1180,617,697.3707174739535
165,1092,658,722.2825088870784
166,1015,698,750.1904337234574
167,933,746,777.2601553874157
168,882,789,804.5960360245838
169,828,839,830.6004314080565
170,759,884,856.3429195004798
171,716,931,882.6147936687988
172,664,982,908.5799766361984
173,597,1035,933.28525618808
174,555,1076,958.0649704798456
175,497,1141,982.2532945302454
176,466,1182,1005.6092231189164
177,420,1236,1028.6516514899192
178,380,1282,1050.986606346493
179,346,1331,1071.4004612236645
180,314,1369,1092.3313296817016
181,295,1420,1112.6095949202982
182,290,1460,1126.1083794154592
183,297,1516,1145.5833946475177
184,303,1569,1162.3589380026085
185,303,1624,1180.3665349907092
186,309,1680,1197.2527530594816
187,317,1732,1213.753079206756
188,315,1796,1226.3809165461012
189,319,1846,1238.7569497965346
190,324,1911,1250.4592659331868
191,326,1977,1262.6740276885878
192,337,2049,1273.6712391474011
193,339,2127,1284.958870654147
194,341,2180,1295.34770021416
195,337,2238,1299.3046081236214
196,336,2304,1309.750605929015
197,331,2401,1315.9924869984818
198,333,2469,1323.669561731603
199,332,2553,1330.0302277537387
200,322,2616,1337.082745452318
201,314,2693,1343.15927007308
202,310,2752,1348.9400640477977
203,307,2826,1352.0092992023706
204,306,2891,1355.9411750038785
205,302,2960,1358.6125518042995
206,303,3027,1360.4242979358592
207,298,3099,1361.6022367180417
208,292,3158,1362.017758859615
209,293,3245,1357.710188081361
210,283,3300,1356.4575208497258
211,280,3385,1353.767716778637
212,281,3412,1350.9494254884198
213,276,3497,1347.1968549950348
214,266,3541,1342.2505332814078
215,262,3614,1336.607671425252
216,256,3647,1330.2544117971065
217,248,3721,1322.059792087235
218,241,3766,1313.0695176171805
219,233,3836,1304.6491939878083
220,217,3888,1295.1669489791532
221,204,3964,1285.0379074681257
222,196,3997,1274.0404958418444
223,193,4047,1262.1134543385915
224,192,4100,1249.5122334581197
225,185,4160,1236.052998014865
226,177,4215,1221.9166394379788
227,171,4275,1207.2106098445138
228,167,4344,1191.616022744203
229,161,4376,1173.953681000719
230,159,4459,1157.2258465415025
231,157,4495,1137.5977206007697
232,151,4592,1119.633266113435
233,142,4601,1100.3902532846953
234,142,4667,1080.830630552597
235,142,4687,1060.6301364984988
236,140,4754,1039.9347726755325
237,134,4791,1018.326810622548
238,130,4852,995.610727168216
239,127,4870,972.8433510924192
240,127,4924,949.83855179522
241,126,4944,926.236964758955
242,124,4966,902.075979344008
243,123,4965,877.316744525292
244,124,4963,852.0715346698792
245,121,4952,825.7214422651502
246,119,4946,798.2284332103457
247,117,4930,771.4759038933759
248,116,4912,744.0385523765441
249,117,4883,716.2166563724098
250,116,4870,688.3321485256628
251,115,4828,659.9734355375363
252,113,4796,630.6462341316367
253,111,4749,601.4566809169901
254,108,4714,571.8488442561751
255,107,4664,541.6959309115223
256,104,4618,511.39570609856474
257,101,4576,480.88268984448155
258,98,4510,448.651488740549
259,94,4453,416.4041742348211
260,91,4382,384.9491081118796
261,90,4279,351.7965163536231
262,89,4171,320.3031935025447
263,88,4069,289.9291453703417
264,85,3978,265.73791520032347
265,85,3893,244.13765389022865
266,84,3805,228.5845086368965
267,86,3737,219.73486819238195
268,89,3628,214.7022635911681
269,88,3544,207.2687612555885
270,86,3445,203.50461738351171
271,92,3338,206.7449193338776
272,95,3216,214.74282181867449
273,103,3124,212.75024852944367
274,115,3026,209.16186279013056
275,131,2896,224.32822380423897
276,147,2777,241.03967275084324
277,164,2664,261.2279266962378
278,188,2541,282.8927016685858
279,204,2433,302.12041210732673
280,227,2326,325.12327537717397
281,278,2231,348.61311603116815
282,291,2136,373.83405119490703
283,338,2047,396.633424069751
284,368,1970,423.8163977336794
285,412,1897,449.2453022632883
286,470,1812,475.039883829369
287,506,1742,503.0729087264
288,574,1675,529.3424350393316
289,612,1582,557.1148465583402
290,685,1517,585.4659286718644
291,723,1419,613.3635008769197
292,796,1352,640.8941624951799
293,842,1273,667.1306520482494
294,914,1195,693.6792547066647
295,956,1118,720.6531187788274
296,1017,1038,744.5217734692668
297,1047,962,771.7113046150503
298,1112,893,795.095724467349
299,1141,821,821.2669351637189
300,1197,768,847.3100942099104
